[05Jan2026 06:14:25.196] [main/INFO] [cpw.mods.modlauncher.Launcher/MODLAUNCHER]: ModLauncher running: args [--launchTarget, forgeserver, --fml.forgeVersion, 47.3.7, --fml.mcVersion, 1.20.1, --fml.forgeGroup, net.minecraftforge, --fml.mcpVersion, 20230612.114412, nogui]
[05Jan2026 06:14:25.200] [main/INFO] [cpw.mods.modlauncher.Launcher/MODLAUNCHER]: ModLauncher 10.0.9+10.0.9+main.dcd20f30 starting: java version 17.0.17 by Ubuntu; OS Linux arch amd64 version 6.8.0-1030-azure
[05Jan2026 06:14:26.841] [main/INFO] [net.minecraftforge.fml.loading.ImmediateWindowHandler/]: ImmediateWindowProvider not loading because launch target is forgeserver
[05Jan2026 06:14:26.896] [main/INFO] [mixin/]: SpongePowered MIXIN Subsystem Version=0.8.5 Source=union:/workspaces/project/servidor_minecraft/libraries/org/spongepowered/mixin/0.8.5/mixin-0.8.5.jar%2365!/ Service=ModLauncher Env=SERVER
[05Jan2026 06:14:27.281] [main/WARN] [net.minecraftforge.fml.loading.moddiscovery.ModFileParser/LOADING]: Mod file /workspaces/project/servidor_minecraft/libraries/net/minecraftforge/fmlcore/1.20.1-47.3.7/fmlcore-1.20.1-47.3.7.jar is missing mods.toml file
[05Jan2026 06:14:27.282] [main/WARN] [net.minecraftforge.fml.loading.moddiscovery.ModFileParser/LOADING]: Mod file /workspaces/project/servidor_minecraft/libraries/net/minecraftforge/javafmllanguage/1.20.1-47.3.7/javafmllanguage-1.20.1-47.3.7.jar is missing mods.toml file
[05Jan2026 06:14:27.283] [main/WARN] [net.minecraftforge.fml.loading.moddiscovery.ModFileParser/LOADING]: Mod file /workspaces/project/servidor_minecraft/libraries/net/minecraftforge/lowcodelanguage/1.20.1-47.3.7/lowcodelanguage-1.20.1-47.3.7.jar is missing mods.toml file
[05Jan2026 06:14:27.284] [main/WARN] [net.minecraftforge.fml.loading.moddiscovery.ModFileParser/LOADING]: Mod file /workspaces/project/servidor_minecraft/libraries/net/minecraftforge/mclanguage/1.20.1-47.3.7/mclanguage-1.20.1-47.3.7.jar is missing mods.toml file
[05Jan2026 06:14:27.552] [main/INFO] [net.minecraftforge.fml.loading.moddiscovery.JarInJarDependencyLocator/]: Found 9 dependencies adding them to mods collection
[05Jan2026 06:14:30.534] [main/INFO] [mixin/]: Compatibility level set to JAVA_17
[05Jan2026 06:14:30.737] [main/INFO] [mixin/]: Successfully loaded Mixin Connector [org.tlauncher.MixinConnector]
[05Jan2026 06:14:30.741] [main/INFO] [cpw.mods.modlauncher.LaunchServiceHandler/MODLAUNCHER]: Launching target 'forgeserver' with arguments [nogui]
[05Jan2026 06:14:30.774] [main/WARN] [mixin/]: Reference map 'graveyard-FORGE-forge-refmap.json' for graveyard-forge.mixins.json could not be read. If this is a development environment you can ignore this message
[05Jan2026 06:14:30.921] [main/INFO] [ModernFix/]: Loaded configuration file for ModernFix 5.25.1+mc1.20.1: 98 options available, 1 override(s) found
[05Jan2026 06:14:30.923] [main/WARN] [ModernFix/]: Option 'mixin.perf.smart_ingredient_sync' overriden (by mods [crafttweaker]) to 'false'
[05Jan2026 06:14:30.924] [main/INFO] [ModernFix/]: Applying Nashorn fix
[05Jan2026 06:14:30.944] [main/INFO] [ModernFix/]: Applied Forge config corruption patch
[05Jan2026 06:14:31.061] [main/WARN] [mixin/]: Reference map 'puzzlesaccessapi.common.refmap.json' for puzzlesaccessapi.common.mixins.json could not be read. If this is a development environment you can ignore this message
[05Jan2026 06:14:31.068] [main/INFO] [Embeddium/]: Loaded configuration file for Embeddium: 101 options available, 0 override(s) found
[05Jan2026 06:14:31.088] [main/WARN] [mixin/]: Reference map 'tbsfbsp.refmap.json' for tbsfbsp.mixin.json could not be read. If this is a development environment you can ignore this message
[05Jan2026 06:14:31.173] [main/INFO] [Puzzles Lib/]: Loading 56 mods:
	- alexsmobs 1.22.9
	- architectury 9.2.14
	- artifacts 9.5.16
		\-- expandability 9.0.4
	- balm 7.3.37
		\-- kuma_api 20.1.12
	- beautifiedchatserver 2.7
	- betterpingdisplay 1.1
	- born_in_chaos_v1 1.7.3
	- borninconfiguration 3.1.2
		\-- mixinextras 0.5.0-beta.5
	- chunky 1.3.146
	- citadel 2.6.2
	- cloth_config 11.1.136
	- clumps 12.0.0.4
	- collective 8.13
	- crafttweaker 14.0.59
	- creativecore 2.12.32
	- curios 5.14.1+1.20.1
	- embeddium 0.3.31+mc1.20.1
		\-- rubidium 0.7.1
	- ferritecore 6.0.1
	- forge 47.3.7
	- fossil 9.3.0.2
	- geckolib 4.8.2
	- graveyard 3.1
	- interaction_boxes 0.693
	- jade 11.13.2+forge
	- jei 15.20.0.112
	- kotlinforforge 4.11.0
	- mantle 1.11.79
	- minecraft 1.20.1
	- moblassos 8.0.1
	- modernfix 5.25.1+mc1.20.1
	- morehitboxes 1.9.2
	- mousetweaks 2.25.1
	- observable 4.4.1
	- pickupnotifier 8.0.0
	- playerrevive 2.0.31
	- puzzleslib 8.1.33
		\-- puzzlesaccessapi 20.1.1
	- reap 1.20.1-1.0.2
	- securitycraft 1.10.1
	- spark 1.10.53
	- tbsfbsp 0.74
	- tconstruct 3.10.2.92
	- terrablender 3.0.1.10
	- tlskincape 1.38
	- tombstone 9.0.9
	- travelersbackpack 9.1.46
	- treechop 0.19.0
	- twilightforest 4.3.2508
	- uniquedungeons 0.70.5
	- uppers 1.0.1
	- waystones 14.1.17
	- xaerominimap 25.2.10
	- xaeroworldmap 1.39.12
[05Jan2026 06:14:31.183] [main/WARN] [mixin/]: Reference map 'moblassos.refmap.json' for moblassos.common.mixins.json could not be read. If this is a development environment you can ignore this message
[05Jan2026 06:14:32.902] [main/WARN] [mixin/]: Error loading class: tschipp/carryon/common/carry/PickupHandler (java.lang.ClassNotFoundException: tschipp.carryon.common.carry.PickupHandler)
[05Jan2026 06:14:32.903] [main/WARN] [mixin/]: @Mixin target tschipp.carryon.common.carry.PickupHandler was not found fossil_forge.mixins.json:PickupHandlerMixin
[05Jan2026 06:14:32.963] [main/ERROR] [net.minecraftforge.fml.loading.RuntimeDistCleaner/DISTXFORM]: Attempted to load class net/minecraft/client/player/AbstractClientPlayer for invalid dist DEDICATED_SERVER
[05Jan2026 06:14:32.964] [main/WARN] [mixin/]: Error loading class: net/minecraft/client/player/AbstractClientPlayer (java.lang.RuntimeException: Attempted to load class net/minecraft/client/player/AbstractClientPlayer for invalid dist DEDICATED_SERVER)
[05Jan2026 06:14:32.964] [main/WARN] [mixin/]: @Mixin target net.minecraft.client.player.AbstractClientPlayer was not found tlskincape-mixins.json:MixinAbstractPlayer
[05Jan2026 06:14:32.966] [main/ERROR] [net.minecraftforge.fml.loading.RuntimeDistCleaner/DISTXFORM]: Attempted to load class net/minecraft/client/gui/screens/TitleScreen for invalid dist DEDICATED_SERVER
[05Jan2026 06:14:32.966] [main/WARN] [mixin/]: Error loading class: net/minecraft/client/gui/screens/TitleScreen (java.lang.RuntimeException: Attempted to load class net/minecraft/client/gui/screens/TitleScreen for invalid dist DEDICATED_SERVER)
[05Jan2026 06:14:32.966] [main/WARN] [mixin/]: @Mixin target net.minecraft.client.gui.screens.TitleScreen was not found tlskincape-mixins.json:MixinMainMenu
[05Jan2026 06:14:32.967] [main/WARN] [mixin/]: Error loading class: net/minecraft/client/model/PlayerModel (java.lang.ClassNotFoundException: net.minecraft.client.model.PlayerModel)
[05Jan2026 06:14:32.968] [main/WARN] [mixin/]: @Mixin target net.minecraft.client.model.PlayerModel was not found tlskincape-mixins.json:MixinPlayerModel
[05Jan2026 06:14:33.133] [main/INFO] [MixinExtras|Service/]: Initializing MixinExtras via com.llamalad7.mixinextras.service.MixinExtrasServiceImpl(version=0.5.0-beta.5).
[05Jan2026 06:14:33.764] [main/INFO] [net.minecraft.server.Bootstrap/]: ModernFix reached bootstrap stage (11.17 s after launch)
[05Jan2026 06:14:33.950] [main/WARN] [mixin/]: @Final field delegatesByName:Ljava/util/Map; in modernfix-forge.mixins.json:perf.forge_registry_alloc.ForgeRegistryMixin should be final
[05Jan2026 06:14:33.951] [main/WARN] [mixin/]: @Final field delegatesByValue:Ljava/util/Map; in modernfix-forge.mixins.json:perf.forge_registry_alloc.ForgeRegistryMixin should be final
[05Jan2026 06:14:35.787] [main/INFO] [net.minecraft.server.Bootstrap/]: Vanilla bootstrap took 2018 milliseconds
[05Jan2026 06:14:38.744] [main/WARN] [mixin/]: Static binding violation: PRIVATE @Overwrite method m_47505_ in modernfix-common.mixins.json:perf.remove_biome_temperature_cache.BiomeMixin cannot reduce visibiliy of PUBLIC target method, visibility will be upgraded.
[05Jan2026 06:14:39.657] [modloading-worker-0/INFO] [graveyard/]: Registered JSON trade offer adapter.
[05Jan2026 06:14:39.675] [modloading-worker-0/INFO] [STDOUT/]: [com.tiviacz.travelersbackpack.TravelersBackpack:readOldCommonConfig:180]: curiosIntegration not found in the [common.backpackSettings] section.
[05Jan2026 06:14:39.762] [modloading-worker-0/INFO] [dev.architectury.networking.forge.NetworkManagerImpl/]: Registering C2S receiver with id architectury:sync_ids
[05Jan2026 06:14:39.765] [modloading-worker-0/INFO] [dev.architectury.networking.forge.NetworkManagerImpl/]: Registering C2S receiver with id artifacts:networking_channel/42a7ad70b1cc371599a0eff744096b8a
[05Jan2026 06:14:39.768] [modloading-worker-0/INFO] [dev.architectury.networking.forge.NetworkManagerImpl/]: Registering C2S receiver with id artifacts:networking_channel/74a5e841822a3a87854ae896a33430d6
[05Jan2026 06:14:39.775] [modloading-worker-0/INFO] [dev.architectury.networking.forge.NetworkManagerImpl/]: Registering C2S receiver with id artifacts:networking_channel/eb3d1e2748533430848cadf0f37c7e9c
[05Jan2026 06:14:39.777] [modloading-worker-0/INFO] [dev.architectury.networking.forge.NetworkManagerImpl/]: Registering C2S receiver with id artifacts:networking_channel/91c8520f19f93b3e8b6a727568e194ab
[05Jan2026 06:14:39.781] [modloading-worker-0/INFO] [dev.architectury.networking.forge.NetworkManagerImpl/]: Registering C2S receiver with id artifacts:networking_channel/8c2784d778293fd482ed84b8aa5fedb9
[05Jan2026 06:14:39.784] [modloading-worker-0/INFO] [dev.architectury.networking.forge.NetworkManagerImpl/]: Registering C2S receiver with id artifacts:networking_channel/ea038224ea783d40b2863f52239e2604
[05Jan2026 06:14:39.794] [modloading-worker-0/INFO] [dev.architectury.networking.forge.NetworkManagerImpl/]: Registering C2S receiver with id artifacts:networking_channel/97ad64b7ecaf33209991c4f031501a58
[05Jan2026 06:14:39.845] [modloading-worker-0/INFO] [Puzzles Lib/]: Constructing common components for pickupnotifier:main
[05Jan2026 06:14:40.045] [modloading-worker-0/INFO] [net.minecraftforge.common.ForgeMod/FORGEMOD]: Forge mod loading, version 47.3.7, for MC 1.20.1 with MCP 20230612.114412
[05Jan2026 06:14:40.045] [modloading-worker-0/INFO] [net.minecraftforge.common.MinecraftForge/FORGE]: MinecraftForge v47.3.7 Initialized
[05Jan2026 06:14:40.444] [modloading-worker-0/INFO] [STDOUT/]: [yalter.mousetweaks.Logger:Log:6]: [Mouse Tweaks] Disabled because not running on the client.
[05Jan2026 06:14:41.563] [modloading-worker-0/INFO] [Collective/]: Loading Collective version 8.13.
[05Jan2026 06:14:41.952] [modloading-worker-0/INFO] [Puzzles Lib/]: Constructing common components for puzzleslib:main
[05Jan2026 06:14:41.966] [modloading-worker-0/INFO] [thedarkcolour.kotlinforforge.test.KotlinForForge/]: Kotlin For Forge Enabled!
[05Jan2026 06:14:41.987] [modloading-worker-0/INFO] [ObservableNet/]: Registering class observable.net.BetterChannel$PartialPacketBegin
[05Jan2026 06:14:42.004] [modloading-worker-0/INFO] [be.florens.expandability.ExpandAbility/]: ExpandAbility here, who dis?
[05Jan2026 06:14:42.011] [modloading-worker-0/INFO] [Puzzles Lib/]: Constructing common components for moblassos:main
[05Jan2026 06:14:42.044] [modloading-worker-0/INFO] [dev.architectury.networking.forge.NetworkManagerImpl/]: Registering C2S receiver with id minecraft:channel/observable/61a49a35c5283c0aaa7b0dfea5b7a53a
[05Jan2026 06:14:42.044] [modloading-worker-0/INFO] [ObservableNet/]: Registered class observable.net.BetterChannel$PartialPacketBegin
[05Jan2026 06:14:42.045] [modloading-worker-0/INFO] [ObservableNet/]: Registering class observable.net.BetterChannel$PartialPacketData
[05Jan2026 06:14:42.052] [modloading-worker-0/INFO] [dev.architectury.networking.forge.NetworkManagerImpl/]: Registering C2S receiver with id minecraft:channel/observable/3dd73fd88be832559bc3a3c4a2e63b4a
[05Jan2026 06:14:42.055] [modloading-worker-0/INFO] [ObservableNet/]: Registered class observable.net.BetterChannel$PartialPacketData
[05Jan2026 06:14:42.067] [modloading-worker-0/INFO] [ObservableNet/]: Registering class observable.net.C2SPacket$InitTPSProfile
[05Jan2026 06:14:42.075] [modloading-worker-0/INFO] [dev.architectury.networking.forge.NetworkManagerImpl/]: Registering C2S receiver with id minecraft:channel/observable/b453c08f23b83b82b690c31bf8b2a45a
[05Jan2026 06:14:42.078] [modloading-worker-0/INFO] [ObservableNet/]: Registered class observable.net.C2SPacket$InitTPSProfile
[05Jan2026 06:14:42.079] [modloading-worker-0/INFO] [ObservableNet/]: Registering class observable.net.C2SPacket$RequestAvailability
[05Jan2026 06:14:42.083] [modloading-worker-0/INFO] [dev.architectury.networking.forge.NetworkManagerImpl/]: Registering C2S receiver with id minecraft:channel/observable/0c662822629034678f5a8f0e70375315
[05Jan2026 06:14:42.084] [modloading-worker-0/INFO] [ObservableNet/]: Registered class observable.net.C2SPacket$RequestAvailability
[05Jan2026 06:14:42.084] [modloading-worker-0/INFO] [ObservableNet/]: Registering class observable.net.S2CPacket$ProfilingStarted
[05Jan2026 06:14:42.094] [modloading-worker-0/INFO] [dev.architectury.networking.forge.NetworkManagerImpl/]: Registering C2S receiver with id minecraft:channel/observable/2e815604a29b3a5cbfe0208e619d86c4
[05Jan2026 06:14:42.096] [modloading-worker-0/INFO] [ObservableNet/]: Registered class observable.net.S2CPacket$ProfilingStarted
[05Jan2026 06:14:42.097] [modloading-worker-0/INFO] [ObservableNet/]: Registering class observable.net.S2CPacket$ProfilingCompleted
[05Jan2026 06:14:42.099] [modloading-worker-0/INFO] [dev.architectury.networking.forge.NetworkManagerImpl/]: Registering C2S receiver with id minecraft:channel/observable/9ae83199b65a3768862799cc5e461a02
[05Jan2026 06:14:42.100] [modloading-worker-0/INFO] [ObservableNet/]: Registered class observable.net.S2CPacket$ProfilingCompleted
[05Jan2026 06:14:42.102] [modloading-worker-0/INFO] [ObservableNet/]: Registering class observable.net.S2CPacket$ProfilerInactive
[05Jan2026 06:14:42.105] [modloading-worker-0/INFO] [dev.architectury.networking.forge.NetworkManagerImpl/]: Registering C2S receiver with id minecraft:channel/observable/ae8dfae1238e312397aa53e9d14c45ca
[05Jan2026 06:14:42.107] [modloading-worker-0/INFO] [ObservableNet/]: Registered class observable.net.S2CPacket$ProfilerInactive
[05Jan2026 06:14:42.108] [modloading-worker-0/INFO] [ObservableNet/]: Registering class observable.net.S2CPacket$ProfilingResult
[05Jan2026 06:14:42.119] [modloading-worker-0/INFO] [dev.architectury.networking.forge.NetworkManagerImpl/]: Registering C2S receiver with id minecraft:channel/observable/3a94cae7336038df9152bcb7b4b94825
[05Jan2026 06:14:42.119] [modloading-worker-0/INFO] [ObservableNet/]: Registered class observable.net.S2CPacket$ProfilingResult
[05Jan2026 06:14:42.120] [modloading-worker-0/INFO] [ObservableNet/]: Registering class observable.net.S2CPacket$Availability
[05Jan2026 06:14:42.127] [modloading-worker-0/INFO] [dev.architectury.networking.forge.NetworkManagerImpl/]: Registering C2S receiver with id minecraft:channel/observable/c86a824e756d312396d1ba30e943e6aa
[05Jan2026 06:14:42.130] [modloading-worker-0/INFO] [ObservableNet/]: Registered class observable.net.S2CPacket$Availability
[05Jan2026 06:14:42.483] [modloading-worker-0/INFO] [dev.architectury.networking.forge.NetworkManagerImpl/]: Registering C2S receiver with id fossil:cap_channel/537e4f78f24b30e4bee5892e8d9314fa
[05Jan2026 06:14:42.485] [modloading-worker-0/INFO] [dev.architectury.networking.forge.NetworkManagerImpl/]: Registering C2S receiver with id fossil:sync_channel/f7d73d83d6fa3fb99fb754f57f7238af
[05Jan2026 06:14:42.486] [modloading-worker-0/INFO] [dev.architectury.networking.forge.NetworkManagerImpl/]: Registering C2S receiver with id fossil:sync_channel/5ecf814711a7357f8ebd58d771f05139
[05Jan2026 06:14:42.489] [modloading-worker-0/INFO] [dev.architectury.networking.forge.NetworkManagerImpl/]: Registering C2S receiver with id fossil:sync_channel/2ae61e410df635b2b2c2d4eaa7b7afcb
[05Jan2026 06:14:42.490] [modloading-worker-0/INFO] [dev.architectury.networking.forge.NetworkManagerImpl/]: Registering C2S receiver with id fossil:sync_channel/600dc9ad56393757ae8315ba075af416
[05Jan2026 06:14:42.491] [modloading-worker-0/INFO] [dev.architectury.networking.forge.NetworkManagerImpl/]: Registering C2S receiver with id fossil:sync_channel/ec18fa987d5331379c9156102188220c
[05Jan2026 06:14:42.492] [modloading-worker-0/INFO] [dev.architectury.networking.forge.NetworkManagerImpl/]: Registering C2S receiver with id fossil:sync_channel/b0228010ee3d3689beb49186e8009925
[05Jan2026 06:14:42.493] [modloading-worker-0/INFO] [dev.architectury.networking.forge.NetworkManagerImpl/]: Registering C2S receiver with id fossil:sync_channel/ed688e568fc63151a34c0f912fce9d27
[05Jan2026 06:14:42.495] [modloading-worker-0/INFO] [dev.architectury.networking.forge.NetworkManagerImpl/]: Registering C2S receiver with id fossil:sync_channel/8aaf614d5e2d39dd9e136e8c430145a9
[05Jan2026 06:14:42.496] [modloading-worker-0/INFO] [dev.architectury.networking.forge.NetworkManagerImpl/]: Registering C2S receiver with id fossil:sync_channel/08e9f40b177134efbc5eb99e2ad6bcb5
[05Jan2026 06:14:42.498] [modloading-worker-0/INFO] [dev.architectury.networking.forge.NetworkManagerImpl/]: Registering C2S receiver with id fossil:sync_channel/531d15ea7fd13018964a31b3ccac540a
[05Jan2026 06:14:43.554] [main/WARN] [net.minecraftforge.registries.ForgeRegistry/REGISTRIES]: Registry minecraft:sound_event: The object net.minecraft.sounds.SoundEvent@24406d54 has been registered twice for the same name treechop:chop_wood.
[05Jan2026 06:14:43.712] [main/WARN] [dev.architectury.registry.registries.forge.RegistrarManagerImpl/]: Registry entry listened Registry Entry [minecraft:block / fossil:stripped_palm_wood] was not realized!
[05Jan2026 06:14:43.713] [main/WARN] [dev.architectury.registry.registries.forge.RegistrarManagerImpl/]: Registry entry listened Registry Entry [minecraft:block / fossil:stripped_calamites_log] was not realized!
[05Jan2026 06:14:43.713] [main/WARN] [dev.architectury.registry.registries.forge.RegistrarManagerImpl/]: Registry entry listened Registry Entry [minecraft:block / fossil:stripped_cordaites_log] was not realized!
[05Jan2026 06:14:43.713] [main/WARN] [dev.architectury.registry.registries.forge.RegistrarManagerImpl/]: Registry entry listened Registry Entry [minecraft:block / fossil:stripped_mutant_tree_log] was not realized!
[05Jan2026 06:14:43.713] [main/WARN] [dev.architectury.registry.registries.forge.RegistrarManagerImpl/]: Registry entry listened Registry Entry [minecraft:block / fossil:stripped_sigillaria_wood] was not realized!
[05Jan2026 06:14:43.714] [main/WARN] [dev.architectury.registry.registries.forge.RegistrarManagerImpl/]: Registry entry listened Registry Entry [minecraft:block / fossil:stripped_calamites_wood] was not realized!
[05Jan2026 06:14:43.714] [main/WARN] [dev.architectury.registry.registries.forge.RegistrarManagerImpl/]: Registry entry listened Registry Entry [minecraft:block / fossil:stripped_tempskya_wood] was not realized!
[05Jan2026 06:14:43.714] [main/WARN] [dev.architectury.registry.registries.forge.RegistrarManagerImpl/]: Registry entry listened Registry Entry [minecraft:block / fossil:stripped_sigillaria_log] was not realized!
[05Jan2026 06:14:43.714] [main/WARN] [dev.architectury.registry.registries.forge.RegistrarManagerImpl/]: Registry entry listened Registry Entry [minecraft:block / fossil:stripped_tempskya_log] was not realized!
[05Jan2026 06:14:43.714] [main/WARN] [dev.architectury.registry.registries.forge.RegistrarManagerImpl/]: Registry entry listened Registry Entry [minecraft:block / fossil:stripped_palm_log] was not realized!
[05Jan2026 06:14:43.715] [main/WARN] [dev.architectury.registry.registries.forge.RegistrarManagerImpl/]: Registry entry listened Registry Entry [minecraft:block / fossil:stripped_mutant_tree_wood] was not realized!
[05Jan2026 06:14:43.715] [main/WARN] [dev.architectury.registry.registries.forge.RegistrarManagerImpl/]: Registry entry listened Registry Entry [minecraft:block / fossil:stripped_cordaites_wood] was not realized!
[05Jan2026 06:14:44.292] [main/WARN] [dev.architectury.registry.registries.forge.RegistrarManagerImpl/]: Registry entry listened Registry Entry [minecraft:item / fossil:bone_leg_confuciusornis] was not realized!
[05Jan2026 06:14:44.293] [main/WARN] [dev.architectury.registry.registries.forge.RegistrarManagerImpl/]: Registry entry listened Registry Entry [minecraft:item / fossil:egg_item_glow_squid] was not realized!
[05Jan2026 06:14:44.293] [main/WARN] [dev.architectury.registry.registries.forge.RegistrarManagerImpl/]: Registry entry listened Registry Entry [minecraft:item / fossil:bone_foot_stegosaurus] was not realized!
[05Jan2026 06:14:44.294] [main/WARN] [dev.architectury.registry.registries.forge.RegistrarManagerImpl/]: Registry entry listened Registry Entry [minecraft:item / fossil:bone_leg_tiktaalik] was not realized!
[05Jan2026 06:14:44.294] [main/WARN] [dev.architectury.registry.registries.forge.RegistrarManagerImpl/]: Registry entry listened Registry Entry [minecraft:item / fossil:bone_skull_therizinosaurus] was not realized!
[05Jan2026 06:14:44.294] [main/WARN] [dev.architectury.registry.registries.forge.RegistrarManagerImpl/]: Registry entry listened Registry Entry [minecraft:item / fossil:syringe_camel] was not realized!
[05Jan2026 06:14:44.295] [main/WARN] [dev.architectury.registry.registries.forge.RegistrarManagerImpl/]: Registry entry listened Registry Entry [minecraft:item / fossil:bone_foot_compsognathus] was not realized!
[05Jan2026 06:14:44.295] [main/WARN] [dev.architectury.registry.registries.forge.RegistrarManagerImpl/]: Registry entry listened Registry Entry [minecraft:item / fossil:cooked_dilophosaurus] was not realized!
[05Jan2026 06:14:44.296] [main/WARN] [dev.architectury.registry.registries.forge.RegistrarManagerImpl/]: Registry entry listened Registry Entry [minecraft:item / fossil:spawn_egg_meganeura] was not realized!
[05Jan2026 06:14:44.296] [main/WARN] [dev.architectury.registry.registries.forge.RegistrarManagerImpl/]: Registry entry listened Registry Entry [minecraft:item / fossil:cooked_triceratops] was not realized!
[05Jan2026 06:14:44.296] [main/WARN] [dev.architectury.registry.registries.forge.RegistrarManagerImpl/]: Registry entry listened Registry Entry [minecraft:item / fossil:cooked_sarcosuchus] was not realized!
[05Jan2026 06:14:44.297] [main/WARN] [dev.architectury.registry.registries.forge.RegistrarManagerImpl/]: Registry entry listened Registry Entry [minecraft:item / fossil:bone_tail_tyrannosaurus] was not realized!
[05Jan2026 06:14:44.297] [main/WARN] [dev.architectury.registry.registries.forge.RegistrarManagerImpl/]: Registry entry listened Registry Entry [minecraft:item / fossil:syringe_megaloceros] was not realized!
[05Jan2026 06:14:44.297] [main/WARN] [dev.architectury.registry.registries.forge.RegistrarManagerImpl/]: Registry entry listened Registry Entry [minecraft:item / fossil:bone_leg_tyrannosaurus] was not realized!
[05Jan2026 06:14:44.297] [main/WARN] [dev.architectury.registry.registries.forge.RegistrarManagerImpl/]: Registry entry listened Registry Entry [minecraft:item / fossil:bone_foot_dimetrodon] was not realized!
[05Jan2026 06:14:44.297] [main/WARN] [dev.architectury.registry.registries.forge.RegistrarManagerImpl/]: Registry entry listened Registry Entry [minecraft:item / fossil:bone_skull_gastornis] was not realized!
[05Jan2026 06:14:44.297] [main/WARN] [dev.architectury.registry.registries.forge.RegistrarManagerImpl/]: Registry entry listened Registry Entry [minecraft:item / fossil:dimetrodon_dna] was not realized!
[05Jan2026 06:14:44.297] [main/WARN] [dev.architectury.registry.registries.forge.RegistrarManagerImpl/]: Registry entry listened Registry Entry [minecraft:item / fossil:bone_unique_platybelodon] was not realized!
[05Jan2026 06:14:44.298] [main/WARN] [dev.architectury.registry.registries.forge.RegistrarManagerImpl/]: Registry entry listened Registry Entry [minecraft:item / fossil:egg_item_parrot] was not realized!
[05Jan2026 06:14:44.298] [main/WARN] [dev.architectury.registry.registries.forge.RegistrarManagerImpl/]: Registry entry listened Registry Entry [minecraft:item / fossil:bone_foot_smilodon] was not realized!
[05Jan2026 06:14:44.299] [main/WARN] [dev.architectury.registry.registries.forge.RegistrarManagerImpl/]: Registry entry listened Registry Entry [minecraft:item / fossil:lonchodomas_dna] was not realized!
[05Jan2026 06:14:44.299] [main/WARN] [dev.architectury.registry.registries.forge.RegistrarManagerImpl/]: Registry entry listened Registry Entry [minecraft:item / fossil:meat_plesiosaurus] was not realized!
[05Jan2026 06:14:44.299] [main/WARN] [dev.architectury.registry.registries.forge.RegistrarManagerImpl/]: Registry entry listened Registry Entry [minecraft:item / fossil:bucket_item_nautilus] was not realized!
[05Jan2026 06:14:44.299] [main/WARN] [dev.architectury.registry.registries.forge.RegistrarManagerImpl/]: Registry entry listened Registry Entry [minecraft:item / fossil:bone_skull_velociraptor] was not realized!
[05Jan2026 06:14:44.299] [main/WARN] [dev.architectury.registry.registries.forge.RegistrarManagerImpl/]: Registry entry listened Registry Entry [minecraft:item / fossil:bone_skull_dimorphodon] was not realized!
[05Jan2026 06:14:44.299] [main/WARN] [dev.architectury.registry.registries.forge.RegistrarManagerImpl/]: Registry entry listened Registry Entry [minecraft:item / fossil:goat_dna] was not realized!
[05Jan2026 06:14:44.299] [main/WARN] [dev.architectury.registry.registries.forge.RegistrarManagerImpl/]: Registry entry listened Registry Entry [minecraft:item / fossil:bone_vertebrae_deinonychus] was not realized!
[05Jan2026 06:14:44.300] [main/WARN] [dev.architectury.registry.registries.forge.RegistrarManagerImpl/]: Registry entry listened Registry Entry [minecraft:item / fossil:meat_phorusrhacos] was not realized!
[05Jan2026 06:14:44.300] [main/WARN] [dev.architectury.registry.registries.forge.RegistrarManagerImpl/]: Registry entry listened Registry Entry [minecraft:item / fossil:allosaurus_dna] was not realized!
[05Jan2026 06:14:44.300] [main/WARN] [dev.architectury.registry.registries.forge.RegistrarManagerImpl/]: Registry entry listened Registry Entry [minecraft:item / fossil:spawn_egg_ceratosaurus] was not realized!
[05Jan2026 06:14:44.300] [main/WARN] [dev.architectury.registry.registries.forge.RegistrarManagerImpl/]: Registry entry listened Registry Entry [minecraft:item / fossil:spawn_egg_ichthyosaurus] was not realized!
[05Jan2026 06:14:44.300] [main/WARN] [dev.architectury.registry.registries.forge.RegistrarManagerImpl/]: Registry entry listened Registry Entry [minecraft:item / fossil:meat_tiktaalik] was not realized!
[05Jan2026 06:14:44.300] [main/WARN] [dev.architectury.registry.registries.forge.RegistrarManagerImpl/]: Registry entry listened Registry Entry [minecraft:item / fossil:syringe_fox] was not realized!
[05Jan2026 06:14:44.300] [main/WARN] [dev.architectury.registry.registries.forge.RegistrarManagerImpl/]: Registry entry listened Registry Entry [minecraft:item / fossil:bone_leg_diplodocus] was not realized!
[05Jan2026 06:14:44.300] [main/WARN] [dev.architectury.registry.registries.forge.RegistrarManagerImpl/]: Registry entry listened Registry Entry [minecraft:item / fossil:bone_arm_dodo] was not realized!
[05Jan2026 06:14:44.300] [main/WARN] [dev.architectury.registry.registries.forge.RegistrarManagerImpl/]: Registry entry listened Registry Entry [minecraft:item / fossil:egg_item_pachyrhinosaurus] was not realized!
[05Jan2026 06:14:44.301] [main/WARN] [dev.architectury.registry.registries.forge.RegistrarManagerImpl/]: Registry entry listened Registry Entry [minecraft:item / fossil:egg_item_sarcosuchus] was not realized!
[05Jan2026 06:14:44.301] [main/WARN] [dev.architectury.registry.registries.forge.RegistrarManagerImpl/]: Registry entry listened Registry Entry [minecraft:item / fossil:bone_unique_smilodon] was not realized!
[05Jan2026 06:14:44.301] [main/WARN] [dev.architectury.registry.registries.forge.RegistrarManagerImpl/]: Registry entry listened Registry Entry [minecraft:item / fossil:syringe_sheep] was not realized!
[05Jan2026 06:14:44.302] [main/WARN] [dev.architectury.registry.registries.forge.RegistrarManagerImpl/]: Registry entry listened Registry Entry [minecraft:item / fossil:meat_diplocaulus] was not realized!
[05Jan2026 06:14:44.303] [main/WARN] [dev.architectury.registry.registries.forge.RegistrarManagerImpl/]: Registry entry listened Registry Entry [minecraft:item / fossil:therizinosaurus_dna] was not realized!
[05Jan2026 06:14:44.303] [main/WARN] [dev.architectury.registry.registries.forge.RegistrarManagerImpl/]: Registry entry listened Registry Entry [minecraft:item / fossil:cooked_gastornis] was not realized!
[05Jan2026 06:14:44.303] [main/WARN] [dev.architectury.registry.registries.forge.RegistrarManagerImpl/]: Registry entry listened Registry Entry [minecraft:item / fossil:bone_arm_liopleurodon] was not realized!
[05Jan2026 06:14:44.303] [main/WARN] [dev.architectury.registry.registries.forge.RegistrarManagerImpl/]: Registry entry listened Registry Entry [minecraft:item / fossil:bucket_item_walliserops] was not realized!
[05Jan2026 06:14:44.303] [main/WARN] [dev.architectury.registry.registries.forge.RegistrarManagerImpl/]: Registry entry listened Registry Entry [minecraft:item / fossil:bone_vertebrae_citipati] was not realized!
[05Jan2026 06:14:44.303] [main/WARN] [dev.architectury.registry.registries.forge.RegistrarManagerImpl/]: Registry entry listened Registry Entry [minecraft:item / fossil:egg_item_compsognathus] was not realized!
[05Jan2026 06:14:44.303] [main/WARN] [dev.architectury.registry.registries.forge.RegistrarManagerImpl/]: Registry entry listened Registry Entry [minecraft:item / fossil:cooked_diplocaulus] was not realized!
[05Jan2026 06:14:44.303] [main/WARN] [dev.architectury.registry.registries.forge.RegistrarManagerImpl/]: Registry entry listened Registry Entry [minecraft:item / fossil:bucket_item_megalograptus] was not realized!
[05Jan2026 06:14:44.303] [main/WARN] [dev.architectury.registry.registries.forge.RegistrarManagerImpl/]: Registry entry listened Registry Entry [minecraft:item / fossil:spawn_egg_parasaurolophus] was not realized!
[05Jan2026 06:14:44.304] [main/WARN] [dev.architectury.registry.registries.forge.RegistrarManagerImpl/]: Registry entry listened Registry Entry [minecraft:item / fossil:pachyrhinosaurus_dna] was not realized!
[05Jan2026 06:14:44.304] [main/WARN] [dev.architectury.registry.registries.forge.RegistrarManagerImpl/]: Registry entry listened Registry Entry [minecraft:item / fossil:bone_leg_allosaurus] was not realized!
[05Jan2026 06:14:44.304] [main/WARN] [dev.architectury.registry.registries.forge.RegistrarManagerImpl/]: Registry entry listened Registry Entry [minecraft:item / fossil:egg_item_triceratops] was not realized!
[05Jan2026 06:14:44.304] [main/WARN] [dev.architectury.registry.registries.forge.RegistrarManagerImpl/]: Registry entry listened Registry Entry [minecraft:item / fossil:bone_ribcage_kelenken] was not realized!
[05Jan2026 06:14:44.304] [main/WARN] [dev.architectury.registry.registries.forge.RegistrarManagerImpl/]: Registry entry listened Registry Entry [minecraft:item / fossil:bone_leg_protoceratops] was not realized!
[05Jan2026 06:14:44.304] [main/WARN] [dev.architectury.registry.registries.forge.RegistrarManagerImpl/]: Registry entry listened Registry Entry [minecraft:item / fossil:meat_megaloceros] was not realized!
[05Jan2026 06:14:44.304] [main/WARN] [dev.architectury.registry.registries.forge.RegistrarManagerImpl/]: Registry entry listened Registry Entry [minecraft:item / fossil:spawn_egg_spinosaurus] was not realized!
[05Jan2026 06:14:44.304] [main/WARN] [dev.architectury.registry.registries.forge.RegistrarManagerImpl/]: Registry entry listened Registry Entry [minecraft:item / fossil:bone_skull_confuciusornis] was not realized!
[05Jan2026 06:14:44.304] [main/WARN] [dev.architectury.registry.registries.forge.RegistrarManagerImpl/]: Registry entry listened Registry Entry [minecraft:item / fossil:cooked_ceratosaurus] was not realized!
[05Jan2026 06:14:44.305] [main/WARN] [dev.architectury.registry.registries.forge.RegistrarManagerImpl/]: Registry entry listened Registry Entry [minecraft:item / fossil:bone_ribcage_stegosaurus] was not realized!
[05Jan2026 06:14:44.305] [main/WARN] [dev.architectury.registry.registries.forge.RegistrarManagerImpl/]: Registry entry listened Registry Entry [minecraft:item / fossil:spawn_egg_mosasaurus] was not realized!
[05Jan2026 06:14:44.305] [main/WARN] [dev.architectury.registry.registries.forge.RegistrarManagerImpl/]: Registry entry listened Registry Entry [minecraft:item / fossil:bone_unique_tiktaalik] was not realized!
[05Jan2026 06:14:44.305] [main/WARN] [dev.architectury.registry.registries.forge.RegistrarManagerImpl/]: Registry entry listened Registry Entry [minecraft:item / fossil:bone_foot_henodus] was not realized!
[05Jan2026 06:14:44.305] [main/WARN] [dev.architectury.registry.registries.forge.RegistrarManagerImpl/]: Registry entry listened Registry Entry [minecraft:item / fossil:egg_item_diplocaulus] was not realized!
[05Jan2026 06:14:44.306] [main/WARN] [dev.architectury.registry.registries.forge.RegistrarManagerImpl/]: Registry entry listened Registry Entry [minecraft:item / fossil:bone_unique_titanis] was not realized!
[05Jan2026 06:14:44.306] [main/WARN] [dev.architectury.registry.registries.forge.RegistrarManagerImpl/]: Registry entry listened Registry Entry [minecraft:item / fossil:egg_item_pteranodon] was not realized!
[05Jan2026 06:14:44.306] [main/WARN] [dev.architectury.registry.registries.forge.RegistrarManagerImpl/]: Registry entry listened Registry Entry [minecraft:item / fossil:bone_leg_phorusrhacos] was not realized!
[05Jan2026 06:14:44.306] [main/WARN] [dev.architectury.registry.registries.forge.RegistrarManagerImpl/]: Registry entry listened Registry Entry [minecraft:item / fossil:bone_unique_postosuchus] was not realized!
[05Jan2026 06:14:44.306] [main/WARN] [dev.architectury.registry.registries.forge.RegistrarManagerImpl/]: Registry entry listened Registry Entry [minecraft:item / fossil:bone_arm_tyrannosaurus] was not realized!
[05Jan2026 06:14:44.306] [main/WARN] [dev.architectury.registry.registries.forge.RegistrarManagerImpl/]: Registry entry listened Registry Entry [minecraft:item / fossil:bone_arm_citipati] was not realized!
[05Jan2026 06:14:44.306] [main/WARN] [dev.architectury.registry.registries.forge.RegistrarManagerImpl/]: Registry entry listened Registry Entry [minecraft:item / fossil:aquilolamna_dna] was not realized!
[05Jan2026 06:14:44.306] [main/WARN] [dev.architectury.registry.registries.forge.RegistrarManagerImpl/]: Registry entry listened Registry Entry [minecraft:item / fossil:meat_sarcosuchus] was not realized!
[05Jan2026 06:14:44.307] [main/WARN] [dev.architectury.registry.registries.forge.RegistrarManagerImpl/]: Registry entry listened Registry Entry [minecraft:item / fossil:bone_vertebrae_gallimimus] was not realized!
[05Jan2026 06:14:44.307] [main/WARN] [dev.architectury.registry.registries.forge.RegistrarManagerImpl/]: Registry entry listened Registry Entry [minecraft:item / fossil:spawn_egg_henodus] was not realized!
[05Jan2026 06:14:44.307] [main/WARN] [dev.architectury.registry.registries.forge.RegistrarManagerImpl/]: Registry entry listened Registry Entry [minecraft:item / fossil:bone_vertebrae_allosaurus] was not realized!
[05Jan2026 06:14:44.307] [main/WARN] [dev.architectury.registry.registries.forge.RegistrarManagerImpl/]: Registry entry listened Registry Entry [minecraft:item / fossil:meat_alligator_gar] was not realized!
[05Jan2026 06:14:44.307] [main/WARN] [dev.architectury.registry.registries.forge.RegistrarManagerImpl/]: Registry entry listened Registry Entry [minecraft:item / fossil:egg_item_tropical_fish] was not realized!
[05Jan2026 06:14:44.307] [main/WARN] [dev.architectury.registry.registries.forge.RegistrarManagerImpl/]: Registry entry listened Registry Entry [minecraft:item / fossil:cooked_nautilus] was not realized!
[05Jan2026 06:14:44.307] [main/WARN] [dev.architectury.registry.registries.forge.RegistrarManagerImpl/]: Registry entry listened Registry Entry [minecraft:item / fossil:bone_ribcage_quagga] was not realized!
[05Jan2026 06:14:44.308] [main/WARN] [dev.architectury.registry.registries.forge.RegistrarManagerImpl/]: Registry entry listened Registry Entry [minecraft:item / fossil:gastornis_dna] was not realized!
[05Jan2026 06:14:44.308] [main/WARN] [dev.architectury.registry.registries.forge.RegistrarManagerImpl/]: Registry entry listened Registry Entry [minecraft:item / fossil:bone_foot_dilophosaurus] was not realized!
[05Jan2026 06:14:44.308] [main/WARN] [dev.architectury.registry.registries.forge.RegistrarManagerImpl/]: Registry entry listened Registry Entry [minecraft:item / fossil:bone_vertebrae_pachyrhinosaurus] was not realized!
[05Jan2026 06:14:44.308] [main/WARN] [dev.architectury.registry.registries.forge.RegistrarManagerImpl/]: Registry entry listened Registry Entry [minecraft:item / fossil:meat_nautilus] was not realized!
[05Jan2026 06:14:44.308] [main/WARN] [dev.architectury.registry.registries.forge.RegistrarManagerImpl/]: Registry entry listened Registry Entry [minecraft:item / fossil:egg_item_therizinosaurus] was not realized!
[05Jan2026 06:14:44.308] [main/WARN] [dev.architectury.registry.registries.forge.RegistrarManagerImpl/]: Registry entry listened Registry Entry [minecraft:item / fossil:bone_ribcage_phorusrhacos] was not realized!
[05Jan2026 06:14:44.309] [main/WARN] [dev.architectury.registry.registries.forge.RegistrarManagerImpl/]: Registry entry listened Registry Entry [minecraft:item / fossil:bone_vertebrae_tiktaalik] was not realized!
[05Jan2026 06:14:44.309] [main/WARN] [dev.architectury.registry.registries.forge.RegistrarManagerImpl/]: Registry entry listened Registry Entry [minecraft:item / fossil:egg_item_dilophosaurus] was not realized!
[05Jan2026 06:14:44.309] [main/WARN] [dev.architectury.registry.registries.forge.RegistrarManagerImpl/]: Registry entry listened Registry Entry [minecraft:item / fossil:bone_vertebrae_velociraptor] was not realized!
[05Jan2026 06:14:44.310] [main/WARN] [dev.architectury.registry.registries.forge.RegistrarManagerImpl/]: Registry entry listened Registry Entry [minecraft:item / fossil:bucket_item_scotoharpes] was not realized!
[05Jan2026 06:14:44.310] [main/WARN] [dev.architectury.registry.registries.forge.RegistrarManagerImpl/]: Registry entry listened Registry Entry [minecraft:item / fossil:bone_tail_pachyrhinosaurus] was not realized!
[05Jan2026 06:14:44.310] [main/WARN] [dev.architectury.registry.registries.forge.RegistrarManagerImpl/]: Registry entry listened Registry Entry [minecraft:item / fossil:cooked_sturgeon] was not realized!
[05Jan2026 06:14:44.310] [main/WARN] [dev.architectury.registry.registries.forge.RegistrarManagerImpl/]: Registry entry listened Registry Entry [minecraft:item / fossil:bucket_item_sturgeon] was not realized!
[05Jan2026 06:14:44.310] [main/WARN] [dev.architectury.registry.registries.forge.RegistrarManagerImpl/]: Registry entry listened Registry Entry [minecraft:item / fossil:sarcosuchus_dna] was not realized!
[05Jan2026 06:14:44.310] [main/WARN] [dev.architectury.registry.registries.forge.RegistrarManagerImpl/]: Registry entry listened Registry Entry [minecraft:item / fossil:dodo_dna] was not realized!
[05Jan2026 06:14:44.311] [main/WARN] [dev.architectury.registry.registries.forge.RegistrarManagerImpl/]: Registry entry listened Registry Entry [minecraft:item / fossil:bone_skull_sarcosuchus] was not realized!
[05Jan2026 06:14:44.312] [main/WARN] [dev.architectury.registry.registries.forge.RegistrarManagerImpl/]: Registry entry listened Registry Entry [minecraft:item / fossil:bone_arm_titanis] was not realized!
[05Jan2026 06:14:44.312] [main/WARN] [dev.architectury.registry.registries.forge.RegistrarManagerImpl/]: Registry entry listened Registry Entry [minecraft:item / fossil:meat_psittacosaurus] was not realized!
[05Jan2026 06:14:44.312] [main/WARN] [dev.architectury.registry.registries.forge.RegistrarManagerImpl/]: Registry entry listened Registry Entry [minecraft:item / fossil:meat_aquilolamna] was not realized!
[05Jan2026 06:14:44.312] [main/WARN] [dev.architectury.registry.registries.forge.RegistrarManagerImpl/]: Registry entry listened Registry Entry [minecraft:item / fossil:bone_vertebrae_elasmotherium] was not realized!
[05Jan2026 06:14:44.312] [main/WARN] [dev.architectury.registry.registries.forge.RegistrarManagerImpl/]: Registry entry listened Registry Entry [minecraft:item / fossil:bone_arm_pteranodon] was not realized!
[05Jan2026 06:14:44.312] [main/WARN] [dev.architectury.registry.registries.forge.RegistrarManagerImpl/]: Registry entry listened Registry Entry [minecraft:item / fossil:bone_skull_pachyrhinosaurus] was not realized!
[05Jan2026 06:14:44.312] [main/WARN] [dev.architectury.registry.registries.forge.RegistrarManagerImpl/]: Registry entry listened Registry Entry [minecraft:item / fossil:meat_ornitholestes] was not realized!
[05Jan2026 06:14:44.313] [main/WARN] [dev.architectury.registry.registries.forge.RegistrarManagerImpl/]: Registry entry listened Registry Entry [minecraft:item / fossil:bone_ribcage_plesiosaurus] was not realized!
[05Jan2026 06:14:44.313] [main/WARN] [dev.architectury.registry.registries.forge.RegistrarManagerImpl/]: Registry entry listened Registry Entry [minecraft:item / fossil:bone_tail_mammoth] was not realized!
[05Jan2026 06:14:44.313] [main/WARN] [dev.architectury.registry.registries.forge.RegistrarManagerImpl/]: Registry entry listened Registry Entry [minecraft:item / fossil:bee_dna] was not realized!
[05Jan2026 06:14:44.313] [main/WARN] [dev.architectury.registry.registries.forge.RegistrarManagerImpl/]: Registry entry listened Registry Entry [minecraft:item / fossil:spawn_egg_pachyrhinosaurus] was not realized!
[05Jan2026 06:14:44.313] [main/WARN] [dev.architectury.registry.registries.forge.RegistrarManagerImpl/]: Registry entry listened Registry Entry [minecraft:item / fossil:bone_vertebrae_confuciusornis] was not realized!
[05Jan2026 06:14:44.313] [main/WARN] [dev.architectury.registry.registries.forge.RegistrarManagerImpl/]: Registry entry listened Registry Entry [minecraft:item / fossil:syringe_llama] was not realized!
[05Jan2026 06:14:44.313] [main/WARN] [dev.architectury.registry.registries.forge.RegistrarManagerImpl/]: Registry entry listened Registry Entry [minecraft:item / fossil:dryosaurus_dna] was not realized!
[05Jan2026 06:14:44.313] [main/WARN] [dev.architectury.registry.registries.forge.RegistrarManagerImpl/]: Registry entry listened Registry Entry [minecraft:item / fossil:cooked_quetzalcoatlus] was not realized!
[05Jan2026 06:14:44.314] [main/WARN] [dev.architectury.registry.registries.forge.RegistrarManagerImpl/]: Registry entry listened Registry Entry [minecraft:item / fossil:bone_tail_plesiosaurus] was not realized!
[05Jan2026 06:14:44.314] [main/WARN] [dev.architectury.registry.registries.forge.RegistrarManagerImpl/]: Registry entry listened Registry Entry [minecraft:item / fossil:egg_item_henodus] was not realized!
[05Jan2026 06:14:44.314] [main/WARN] [dev.architectury.registry.registries.forge.RegistrarManagerImpl/]: Registry entry listened Registry Entry [minecraft:item / fossil:bone_ribcage_tyrannosaurus] was not realized!
[05Jan2026 06:14:44.314] [main/WARN] [dev.architectury.registry.registries.forge.RegistrarManagerImpl/]: Registry entry listened Registry Entry [minecraft:item / fossil:bone_foot_gastornis] was not realized!
[05Jan2026 06:14:44.314] [main/WARN] [dev.architectury.registry.registries.forge.RegistrarManagerImpl/]: Registry entry listened Registry Entry [minecraft:item / fossil:cooked_dodo] was not realized!
[05Jan2026 06:14:44.314] [main/WARN] [dev.architectury.registry.registries.forge.RegistrarManagerImpl/]: Registry entry listened Registry Entry [minecraft:item / fossil:cooked_phorusrhacos] was not realized!
[05Jan2026 06:14:44.314] [main/WARN] [dev.architectury.registry.registries.forge.RegistrarManagerImpl/]: Registry entry listened Registry Entry [minecraft:item / fossil:syringe_bat] was not realized!
[05Jan2026 06:14:44.314] [main/WARN] [dev.architectury.registry.registries.forge.RegistrarManagerImpl/]: Registry entry listened Registry Entry [minecraft:item / fossil:bone_unique_diplocaulus] was not realized!
[05Jan2026 06:14:44.315] [main/WARN] [dev.architectury.registry.registries.forge.RegistrarManagerImpl/]: Registry entry listened Registry Entry [minecraft:item / fossil:egg_item_dimetrodon] was not realized!
[05Jan2026 06:14:44.315] [main/WARN] [dev.architectury.registry.registries.forge.RegistrarManagerImpl/]: Registry entry listened Registry Entry [minecraft:item / fossil:bone_vertebrae_dilophosaurus] was not realized!
[05Jan2026 06:14:44.315] [main/WARN] [dev.architectury.registry.registries.forge.RegistrarManagerImpl/]: Registry entry listened Registry Entry [minecraft:item / fossil:bone_foot_brachiosaurus] was not realized!
[05Jan2026 06:14:44.315] [main/WARN] [dev.architectury.registry.registries.forge.RegistrarManagerImpl/]: Registry entry listened Registry Entry [minecraft:item / fossil:bone_skull_protoceratops] was not realized!
[05Jan2026 06:14:44.315] [main/WARN] [dev.architectury.registry.registries.forge.RegistrarManagerImpl/]: Registry entry listened Registry Entry [minecraft:item / fossil:bone_leg_kelenken] was not realized!
[05Jan2026 06:14:44.315] [main/WARN] [dev.architectury.registry.registries.forge.RegistrarManagerImpl/]: Registry entry listened Registry Entry [minecraft:item / fossil:bone_unique_dodo] was not realized!
[05Jan2026 06:14:44.315] [main/WARN] [dev.architectury.registry.registries.forge.RegistrarManagerImpl/]: Registry entry listened Registry Entry [minecraft:item / fossil:meat_megalograptus] was not realized!
[05Jan2026 06:14:44.315] [main/WARN] [dev.architectury.registry.registries.forge.RegistrarManagerImpl/]: Registry entry listened Registry Entry [minecraft:item / fossil:bone_vertebrae_titanis] was not realized!
[05Jan2026 06:14:44.315] [main/WARN] [dev.architectury.registry.registries.forge.RegistrarManagerImpl/]: Registry entry listened Registry Entry [minecraft:item / fossil:spawn_egg_dodo] was not realized!
[05Jan2026 06:14:44.315] [main/WARN] [dev.architectury.registry.registries.forge.RegistrarManagerImpl/]: Registry entry listened Registry Entry [minecraft:item / fossil:bone_vertebrae_spinosaurus] was not realized!
[05Jan2026 06:14:44.315] [main/WARN] [dev.architectury.registry.registries.forge.RegistrarManagerImpl/]: Registry entry listened Registry Entry [minecraft:item / fossil:bone_tail_kelenken] was not realized!
[05Jan2026 06:14:44.316] [main/WARN] [dev.architectury.registry.registries.forge.RegistrarManagerImpl/]: Registry entry listened Registry Entry [minecraft:item / fossil:meat_quetzalcoatlus] was not realized!
[05Jan2026 06:14:44.316] [main/WARN] [dev.architectury.registry.registries.forge.RegistrarManagerImpl/]: Registry entry listened Registry Entry [minecraft:item / fossil:bone_vertebrae_stegosaurus] was not realized!
[05Jan2026 06:14:44.316] [main/WARN] [dev.architectury.registry.registries.forge.RegistrarManagerImpl/]: Registry entry listened Registry Entry [minecraft:item / fossil:meat_brachiosaurus] was not realized!
[05Jan2026 06:14:44.316] [main/WARN] [dev.architectury.registry.registries.forge.RegistrarManagerImpl/]: Registry entry listened Registry Entry [minecraft:item / fossil:meat_pachyrhinosaurus] was not realized!
[05Jan2026 06:14:44.317] [main/WARN] [dev.architectury.registry.registries.forge.RegistrarManagerImpl/]: Registry entry listened Registry Entry [minecraft:item / fossil:spawn_egg_dimorphodon] was not realized!
[05Jan2026 06:14:44.317] [main/WARN] [dev.architectury.registry.registries.forge.RegistrarManagerImpl/]: Registry entry listened Registry Entry [minecraft:item / fossil:bone_arm_megaloceros] was not realized!
[05Jan2026 06:14:44.317] [main/WARN] [dev.architectury.registry.registries.forge.RegistrarManagerImpl/]: Registry entry listened Registry Entry [minecraft:item / fossil:bone_arm_protoceratops] was not realized!
[05Jan2026 06:14:44.317] [main/WARN] [dev.architectury.registry.registries.forge.RegistrarManagerImpl/]: Registry entry listened Registry Entry [minecraft:item / fossil:dimorphodon_dna] was not realized!
[05Jan2026 06:14:44.318] [main/WARN] [dev.architectury.registry.registries.forge.RegistrarManagerImpl/]: Registry entry listened Registry Entry [minecraft:item / fossil:bone_arm_dimetrodon] was not realized!
[05Jan2026 06:14:44.318] [main/WARN] [dev.architectury.registry.registries.forge.RegistrarManagerImpl/]: Registry entry listened Registry Entry [minecraft:item / fossil:meat_citipati] was not realized!
[05Jan2026 06:14:44.318] [main/WARN] [dev.architectury.registry.registries.forge.RegistrarManagerImpl/]: Registry entry listened Registry Entry [minecraft:item / fossil:bone_ribcage_protoceratops] was not realized!
[05Jan2026 06:14:44.318] [main/WARN] [dev.architectury.registry.registries.forge.RegistrarManagerImpl/]: Registry entry listened Registry Entry [minecraft:item / fossil:bone_foot_gallimimus] was not realized!
[05Jan2026 06:14:44.318] [main/WARN] [dev.architectury.registry.registries.forge.RegistrarManagerImpl/]: Registry entry listened Registry Entry [minecraft:item / fossil:syringe_horse] was not realized!
[05Jan2026 06:14:44.319] [main/WARN] [dev.architectury.registry.registries.forge.RegistrarManagerImpl/]: Registry entry listened Registry Entry [minecraft:item / fossil:egg_item_squid] was not realized!
[05Jan2026 06:14:44.319] [main/WARN] [dev.architectury.registry.registries.forge.RegistrarManagerImpl/]: Registry entry listened Registry Entry [minecraft:item / fossil:bone_vertebrae_brachiosaurus] was not realized!
[05Jan2026 06:14:44.319] [main/WARN] [dev.architectury.registry.registries.forge.RegistrarManagerImpl/]: Registry entry listened Registry Entry [minecraft:item / fossil:bone_ribcage_titanis] was not realized!
[05Jan2026 06:14:44.319] [main/WARN] [dev.architectury.registry.registries.forge.RegistrarManagerImpl/]: Registry entry listened Registry Entry [minecraft:item / fossil:meat_dilophosaurus] was not realized!
[05Jan2026 06:14:44.319] [main/WARN] [dev.architectury.registry.registries.forge.RegistrarManagerImpl/]: Registry entry listened Registry Entry [minecraft:item / fossil:spawn_egg_tiktaalik] was not realized!
[05Jan2026 06:14:44.320] [main/WARN] [dev.architectury.registry.registries.forge.RegistrarManagerImpl/]: Registry entry listened Registry Entry [minecraft:item / fossil:bone_unique_crassigyrinus] was not realized!
[05Jan2026 06:14:44.320] [main/WARN] [dev.architectury.registry.registries.forge.RegistrarManagerImpl/]: Registry entry listened Registry Entry [minecraft:item / fossil:bone_unique_mosasaurus] was not realized!
[05Jan2026 06:14:44.320] [main/WARN] [dev.architectury.registry.registries.forge.RegistrarManagerImpl/]: Registry entry listened Registry Entry [minecraft:item / fossil:spawn_egg_ornitholestes] was not realized!
[05Jan2026 06:14:44.320] [main/WARN] [dev.architectury.registry.registries.forge.RegistrarManagerImpl/]: Registry entry listened Registry Entry [minecraft:item / fossil:parrot_dna] was not realized!
[05Jan2026 06:14:44.320] [main/WARN] [dev.architectury.registry.registries.forge.RegistrarManagerImpl/]: Registry entry listened Registry Entry [minecraft:item / fossil:spawn_egg_citipati] was not realized!
[05Jan2026 06:14:44.321] [main/WARN] [dev.architectury.registry.registries.forge.RegistrarManagerImpl/]: Registry entry listened Registry Entry [minecraft:item / fossil:spawn_egg_smilodon] was not realized!
[05Jan2026 06:14:44.321] [main/WARN] [dev.architectury.registry.registries.forge.RegistrarManagerImpl/]: Registry entry listened Registry Entry [minecraft:item / fossil:bone_vertebrae_dryosaurus] was not realized!
[05Jan2026 06:14:44.321] [main/WARN] [dev.architectury.registry.registries.forge.RegistrarManagerImpl/]: Registry entry listened Registry Entry [minecraft:item / fossil:bone_leg_stegosaurus] was not realized!
[05Jan2026 06:14:44.322] [main/WARN] [dev.architectury.registry.registries.forge.RegistrarManagerImpl/]: Registry entry listened Registry Entry [minecraft:item / fossil:meat_mosasaurus] was not realized!
[05Jan2026 06:14:44.322] [main/WARN] [dev.architectury.registry.registries.forge.RegistrarManagerImpl/]: Registry entry listened Registry Entry [minecraft:item / fossil:spawn_egg_edaphosaurus] was not realized!
[05Jan2026 06:14:44.323] [main/WARN] [dev.architectury.registry.registries.forge.RegistrarManagerImpl/]: Registry entry listened Registry Entry [minecraft:item / fossil:syringe_donkey] was not realized!
[05Jan2026 06:14:44.323] [main/WARN] [dev.architectury.registry.registries.forge.RegistrarManagerImpl/]: Registry entry listened Registry Entry [minecraft:item / fossil:bone_unique_gastornis] was not realized!
[05Jan2026 06:14:44.323] [main/WARN] [dev.architectury.registry.registries.forge.RegistrarManagerImpl/]: Registry entry listened Registry Entry [minecraft:item / fossil:bone_arm_gastornis] was not realized!
[05Jan2026 06:14:44.323] [main/WARN] [dev.architectury.registry.registries.forge.RegistrarManagerImpl/]: Registry entry listened Registry Entry [minecraft:item / fossil:meat_triceratops] was not realized!
[05Jan2026 06:14:44.323] [main/WARN] [dev.architectury.registry.registries.forge.RegistrarManagerImpl/]: Registry entry listened Registry Entry [minecraft:item / fossil:spawn_egg_deinonychus] was not realized!
[05Jan2026 06:14:44.323] [main/WARN] [dev.architectury.registry.registries.forge.RegistrarManagerImpl/]: Registry entry listened Registry Entry [minecraft:item / fossil:bone_leg_elasmotherium] was not realized!
[05Jan2026 06:14:44.324] [main/WARN] [dev.architectury.registry.registries.forge.RegistrarManagerImpl/]: Registry entry listened Registry Entry [minecraft:item / fossil:cow_dna] was not realized!
[05Jan2026 06:14:44.324] [main/WARN] [dev.architectury.registry.registries.forge.RegistrarManagerImpl/]: Registry entry listened Registry Entry [minecraft:item / fossil:bone_vertebrae_mammoth] was not realized!
[05Jan2026 06:14:44.324] [main/WARN] [dev.architectury.registry.registries.forge.RegistrarManagerImpl/]: Registry entry listened Registry Entry [minecraft:item / fossil:bone_arm_ankylosaurus] was not realized!
[05Jan2026 06:14:44.324] [main/WARN] [dev.architectury.registry.registries.forge.RegistrarManagerImpl/]: Registry entry listened Registry Entry [minecraft:item / fossil:bone_unique_mammoth] was not realized!
[05Jan2026 06:14:44.324] [main/WARN] [dev.architectury.registry.registries.forge.RegistrarManagerImpl/]: Registry entry listened Registry Entry [minecraft:item / fossil:bone_ribcage_edaphosaurus] was not realized!
[05Jan2026 06:14:44.324] [main/WARN] [dev.architectury.registry.registries.forge.RegistrarManagerImpl/]: Registry entry listened Registry Entry [minecraft:item / fossil:bone_foot_deinonychus] was not realized!
[05Jan2026 06:14:44.324] [main/WARN] [dev.architectury.registry.registries.forge.RegistrarManagerImpl/]: Registry entry listened Registry Entry [minecraft:item / fossil:meat_ceratosaurus] was not realized!
[05Jan2026 06:14:44.324] [main/WARN] [dev.architectury.registry.registries.forge.RegistrarManagerImpl/]: Registry entry listened Registry Entry [minecraft:item / fossil:bone_skull_dryosaurus] was not realized!
[05Jan2026 06:14:44.324] [main/WARN] [dev.architectury.registry.registries.forge.RegistrarManagerImpl/]: Registry entry listened Registry Entry [minecraft:item / fossil:bucket_item_henodus] was not realized!
[05Jan2026 06:14:44.324] [main/WARN] [dev.architectury.registry.registries.forge.RegistrarManagerImpl/]: Registry entry listened Registry Entry [minecraft:item / fossil:bone_vertebrae_smilodon] was not realized!
[05Jan2026 06:14:44.324] [main/WARN] [dev.architectury.registry.registries.forge.RegistrarManagerImpl/]: Registry entry listened Registry Entry [minecraft:item / fossil:cooked_alligator_gar] was not realized!
[05Jan2026 06:14:44.324] [main/WARN] [dev.architectury.registry.registries.forge.RegistrarManagerImpl/]: Registry entry listened Registry Entry [minecraft:item / fossil:egg_item_ankylosaurus] was not realized!
[05Jan2026 06:14:44.324] [main/WARN] [dev.architectury.registry.registries.forge.RegistrarManagerImpl/]: Registry entry listened Registry Entry [minecraft:item / fossil:syringe_quagga] was not realized!
[05Jan2026 06:14:44.324] [main/WARN] [dev.architectury.registry.registries.forge.RegistrarManagerImpl/]: Registry entry listened Registry Entry [minecraft:item / fossil:egg_phorusrhacos] was not realized!
[05Jan2026 06:14:44.325] [main/WARN] [dev.architectury.registry.registries.forge.RegistrarManagerImpl/]: Registry entry listened Registry Entry [minecraft:item / fossil:bone_leg_edaphosaurus] was not realized!
[05Jan2026 06:14:44.325] [main/WARN] [dev.architectury.registry.registries.forge.RegistrarManagerImpl/]: Registry entry listened Registry Entry [minecraft:item / fossil:bone_unique_velociraptor] was not realized!
[05Jan2026 06:14:44.325] [main/WARN] [dev.architectury.registry.registries.forge.RegistrarManagerImpl/]: Registry entry listened Registry Entry [minecraft:item / fossil:meat_walliserops] was not realized!
[05Jan2026 06:14:44.325] [main/WARN] [dev.architectury.registry.registries.forge.RegistrarManagerImpl/]: Registry entry listened Registry Entry [minecraft:item / fossil:bone_vertebrae_parasaurolophus] was not realized!
[05Jan2026 06:14:44.325] [main/WARN] [dev.architectury.registry.registries.forge.RegistrarManagerImpl/]: Registry entry listened Registry Entry [minecraft:item / fossil:meat_therizinosaurus] was not realized!
[05Jan2026 06:14:44.325] [main/WARN] [dev.architectury.registry.registries.forge.RegistrarManagerImpl/]: Registry entry listened Registry Entry [minecraft:item / fossil:bone_leg_psittacosaurus] was not realized!
[05Jan2026 06:14:44.325] [main/WARN] [dev.architectury.registry.registries.forge.RegistrarManagerImpl/]: Registry entry listened Registry Entry [minecraft:item / fossil:bone_ribcage_pteranodon] was not realized!
[05Jan2026 06:14:44.325] [main/WARN] [dev.architectury.registry.registries.forge.RegistrarManagerImpl/]: Registry entry listened Registry Entry [minecraft:item / fossil:egg_item_pufferfish] was not realized!
[05Jan2026 06:14:44.325] [main/WARN] [dev.architectury.registry.registries.forge.RegistrarManagerImpl/]: Registry entry listened Registry Entry [minecraft:item / fossil:egg_item_salmon] was not realized!
[05Jan2026 06:14:44.325] [main/WARN] [dev.architectury.registry.registries.forge.RegistrarManagerImpl/]: Registry entry listened Registry Entry [minecraft:item / fossil:cooked_pteranodon] was not realized!
[05Jan2026 06:14:44.325] [main/WARN] [dev.architectury.registry.registries.forge.RegistrarManagerImpl/]: Registry entry listened Registry Entry [minecraft:item / fossil:spawn_egg_gastornis] was not realized!
[05Jan2026 06:14:44.325] [main/WARN] [dev.architectury.registry.registries.forge.RegistrarManagerImpl/]: Registry entry listened Registry Entry [minecraft:item / fossil:cooked_mammoth] was not realized!
[05Jan2026 06:14:44.325] [main/WARN] [dev.architectury.registry.registries.forge.RegistrarManagerImpl/]: Registry entry listened Registry Entry [minecraft:item / fossil:bone_vertebrae_protoceratops] was not realized!
[05Jan2026 06:14:44.325] [main/WARN] [dev.architectury.registry.registries.forge.RegistrarManagerImpl/]: Registry entry listened Registry Entry [minecraft:item / fossil:bone_leg_quagga] was not realized!
[05Jan2026 06:14:44.326] [main/WARN] [dev.architectury.registry.registries.forge.RegistrarManagerImpl/]: Registry entry listened Registry Entry [minecraft:item / fossil:bone_unique_therizinosaurus] was not realized!
[05Jan2026 06:14:44.326] [main/WARN] [dev.architectury.registry.registries.forge.RegistrarManagerImpl/]: Registry entry listened Registry Entry [minecraft:item / fossil:bone_vertebrae_dimetrodon] was not realized!
[05Jan2026 06:14:44.326] [main/WARN] [dev.architectury.registry.registries.forge.RegistrarManagerImpl/]: Registry entry listened Registry Entry [minecraft:item / fossil:cooked_brachiosaurus] was not realized!
[05Jan2026 06:14:44.326] [main/WARN] [dev.architectury.registry.registries.forge.RegistrarManagerImpl/]: Registry entry listened Registry Entry [minecraft:item / fossil:confuciusornis_dna] was not realized!
[05Jan2026 06:14:44.326] [main/WARN] [dev.architectury.registry.registries.forge.RegistrarManagerImpl/]: Registry entry listened Registry Entry [minecraft:item / fossil:bone_leg_dryosaurus] was not realized!
[05Jan2026 06:14:44.327] [main/WARN] [dev.architectury.registry.registries.forge.RegistrarManagerImpl/]: Registry entry listened Registry Entry [minecraft:item / fossil:bone_tail_phorusrhacos] was not realized!
[05Jan2026 06:14:44.327] [main/WARN] [dev.architectury.registry.registries.forge.RegistrarManagerImpl/]: Registry entry listened Registry Entry [minecraft:item / fossil:bone_skull_spinosaurus] was not realized!
[05Jan2026 06:14:44.327] [main/WARN] [dev.architectury.registry.registries.forge.RegistrarManagerImpl/]: Registry entry listened Registry Entry [minecraft:item / fossil:meat_titanis] was not realized!
[05Jan2026 06:14:44.327] [main/WARN] [dev.architectury.registry.registries.forge.RegistrarManagerImpl/]: Registry entry listened Registry Entry [minecraft:item / fossil:bucket_item_tiktaalik] was not realized!
[05Jan2026 06:14:44.328] [main/WARN] [dev.architectury.registry.registries.forge.RegistrarManagerImpl/]: Registry entry listened Registry Entry [minecraft:item / fossil:bone_leg_postosuchus] was not realized!
[05Jan2026 06:14:44.328] [main/WARN] [dev.architectury.registry.registries.forge.RegistrarManagerImpl/]: Registry entry listened Registry Entry [minecraft:item / fossil:bone_skull_mammoth] was not realized!
[05Jan2026 06:14:44.328] [main/WARN] [dev.architectury.registry.registries.forge.RegistrarManagerImpl/]: Registry entry listened Registry Entry [minecraft:item / fossil:bone_skull_psittacosaurus] was not realized!
[05Jan2026 06:14:44.328] [main/WARN] [dev.architectury.registry.registries.forge.RegistrarManagerImpl/]: Registry entry listened Registry Entry [minecraft:item / fossil:syringe_mooshroom] was not realized!
[05Jan2026 06:14:44.328] [main/WARN] [dev.architectury.registry.registries.forge.RegistrarManagerImpl/]: Registry entry listened Registry Entry [minecraft:item / fossil:cooked_megalograptus] was not realized!
[05Jan2026 06:14:44.328] [main/WARN] [dev.architectury.registry.registries.forge.RegistrarManagerImpl/]: Registry entry listened Registry Entry [minecraft:item / fossil:bone_unique_megaloceros] was not realized!
[05Jan2026 06:14:44.328] [main/WARN] [dev.architectury.registry.registries.forge.RegistrarManagerImpl/]: Registry entry listened Registry Entry [minecraft:item / fossil:bone_arm_mammoth] was not realized!
[05Jan2026 06:14:44.328] [main/WARN] [dev.architectury.registry.registries.forge.RegistrarManagerImpl/]: Registry entry listened Registry Entry [minecraft:item / fossil:bone_tail_pachycephalosaurus] was not realized!
[05Jan2026 06:14:44.329] [main/WARN] [dev.architectury.registry.registries.forge.RegistrarManagerImpl/]: Registry entry listened Registry Entry [minecraft:item / fossil:meat_edaphosaurus] was not realized!
[05Jan2026 06:14:44.329] [main/WARN] [dev.architectury.registry.registries.forge.RegistrarManagerImpl/]: Registry entry listened Registry Entry [minecraft:item / fossil:bone_ribcage_ichthyosaurus] was not realized!
[05Jan2026 06:14:44.329] [main/WARN] [dev.architectury.registry.registries.forge.RegistrarManagerImpl/]: Registry entry listened Registry Entry [minecraft:item / fossil:egg_item_gallimimus] was not realized!
[05Jan2026 06:14:44.329] [main/WARN] [dev.architectury.registry.registries.forge.RegistrarManagerImpl/]: Registry entry listened Registry Entry [minecraft:item / fossil:egg_dodo] was not realized!
[05Jan2026 06:14:44.329] [main/WARN] [dev.architectury.registry.registries.forge.RegistrarManagerImpl/]: Registry entry listened Registry Entry [minecraft:item / fossil:bone_unique_dimorphodon] was not realized!
[05Jan2026 06:14:44.329] [main/WARN] [dev.architectury.registry.registries.forge.RegistrarManagerImpl/]: Registry entry listened Registry Entry [minecraft:item / fossil:cooked_spinosaurus] was not realized!
[05Jan2026 06:14:44.329] [main/WARN] [dev.architectury.registry.registries.forge.RegistrarManagerImpl/]: Registry entry listened Registry Entry [minecraft:item / fossil:cooked_quagga] was not realized!
[05Jan2026 06:14:44.330] [main/WARN] [dev.architectury.registry.registries.forge.RegistrarManagerImpl/]: Registry entry listened Registry Entry [minecraft:item / fossil:egg_item_psittacosaurus] was not realized!
[05Jan2026 06:14:44.330] [main/WARN] [dev.architectury.registry.registries.forge.RegistrarManagerImpl/]: Registry entry listened Registry Entry [minecraft:item / fossil:bone_skull_dodo] was not realized!
[05Jan2026 06:14:44.330] [main/WARN] [dev.architectury.registry.registries.forge.RegistrarManagerImpl/]: Registry entry listened Registry Entry [minecraft:item / fossil:bone_foot_tyrannosaurus] was not realized!
[05Jan2026 06:14:44.330] [main/WARN] [dev.architectury.registry.registries.forge.RegistrarManagerImpl/]: Registry entry listened Registry Entry [minecraft:item / fossil:bone_arm_elasmotherium] was not realized!
[05Jan2026 06:14:44.330] [main/WARN] [dev.architectury.registry.registries.forge.RegistrarManagerImpl/]: Registry entry listened Registry Entry [minecraft:item / fossil:bone_skull_kelenken] was not realized!
[05Jan2026 06:14:44.330] [main/WARN] [dev.architectury.registry.registries.forge.RegistrarManagerImpl/]: Registry entry listened Registry Entry [minecraft:item / fossil:megalania_dna] was not realized!
[05Jan2026 06:14:44.330] [main/WARN] [dev.architectury.registry.registries.forge.RegistrarManagerImpl/]: Registry entry listened Registry Entry [minecraft:item / fossil:bone_unique_phorusrhacos] was not realized!
[05Jan2026 06:14:44.330] [main/WARN] [dev.architectury.registry.registries.forge.RegistrarManagerImpl/]: Registry entry listened Registry Entry [minecraft:item / fossil:bone_leg_compsognathus] was not realized!
[05Jan2026 06:14:44.331] [main/WARN] [dev.architectury.registry.registries.forge.RegistrarManagerImpl/]: Registry entry listened Registry Entry [minecraft:item / fossil:spawn_egg_sturgeon] was not realized!
[05Jan2026 06:14:44.331] [main/WARN] [dev.architectury.registry.registries.forge.RegistrarManagerImpl/]: Registry entry listened Registry Entry [minecraft:item / fossil:cooked_therizinosaurus] was not realized!
[05Jan2026 06:14:44.331] [main/WARN] [dev.architectury.registry.registries.forge.RegistrarManagerImpl/]: Registry entry listened Registry Entry [minecraft:item / fossil:bone_unique_citipati] was not realized!
[05Jan2026 06:14:44.331] [main/WARN] [dev.architectury.registry.registries.forge.RegistrarManagerImpl/]: Registry entry listened Registry Entry [minecraft:item / fossil:deinonychus_dna] was not realized!
[05Jan2026 06:14:44.331] [main/WARN] [dev.architectury.registry.registries.forge.RegistrarManagerImpl/]: Registry entry listened Registry Entry [minecraft:item / fossil:bone_unique_kelenken] was not realized!
[05Jan2026 06:14:44.331] [main/WARN] [dev.architectury.registry.registries.forge.RegistrarManagerImpl/]: Registry entry listened Registry Entry [minecraft:item / fossil:bone_skull_allosaurus] was not realized!
[05Jan2026 06:14:44.331] [main/WARN] [dev.architectury.registry.registries.forge.RegistrarManagerImpl/]: Registry entry listened Registry Entry [minecraft:item / fossil:frog_dna] was not realized!
[05Jan2026 06:14:44.332] [main/WARN] [dev.architectury.registry.registries.forge.RegistrarManagerImpl/]: Registry entry listened Registry Entry [minecraft:item / fossil:meat_henodus] was not realized!
[05Jan2026 06:14:44.332] [main/WARN] [dev.architectury.registry.registries.forge.RegistrarManagerImpl/]: Registry entry listened Registry Entry [minecraft:item / fossil:bone_skull_henodus] was not realized!
[05Jan2026 06:14:44.332] [main/WARN] [dev.architectury.registry.registries.forge.RegistrarManagerImpl/]: Registry entry listened Registry Entry [minecraft:item / fossil:meat_confuciusornis] was not realized!
[05Jan2026 06:14:44.332] [main/WARN] [dev.architectury.registry.registries.forge.RegistrarManagerImpl/]: Registry entry listened Registry Entry [minecraft:item / fossil:bone_foot_protoceratops] was not realized!
[05Jan2026 06:14:44.332] [main/WARN] [dev.architectury.registry.registries.forge.RegistrarManagerImpl/]: Registry entry listened Registry Entry [minecraft:item / fossil:bone_leg_crassigyrinus] was not realized!
[05Jan2026 06:14:44.332] [main/WARN] [dev.architectury.registry.registries.forge.RegistrarManagerImpl/]: Registry entry listened Registry Entry [minecraft:item / fossil:bone_leg_diplocaulus] was not realized!
[05Jan2026 06:14:44.332] [main/WARN] [dev.architectury.registry.registries.forge.RegistrarManagerImpl/]: Registry entry listened Registry Entry [minecraft:item / fossil:bone_arm_triceratops] was not realized!
[05Jan2026 06:14:44.332] [main/WARN] [dev.architectury.registry.registries.forge.RegistrarManagerImpl/]: Registry entry listened Registry Entry [minecraft:item / fossil:bone_ribcage_platybelodon] was not realized!
[05Jan2026 06:14:44.332] [main/WARN] [dev.architectury.registry.registries.forge.RegistrarManagerImpl/]: Registry entry listened Registry Entry [minecraft:item / fossil:ankylosaurus_dna] was not realized!
[05Jan2026 06:14:44.332] [main/WARN] [dev.architectury.registry.registries.forge.RegistrarManagerImpl/]: Registry entry listened Registry Entry [minecraft:item / fossil:egg_item_spinosaurus] was not realized!
[05Jan2026 06:14:44.333] [main/WARN] [dev.architectury.registry.registries.forge.RegistrarManagerImpl/]: Registry entry listened Registry Entry [minecraft:item / fossil:syringe_goat] was not realized!
[05Jan2026 06:14:44.333] [main/WARN] [dev.architectury.registry.registries.forge.RegistrarManagerImpl/]: Registry entry listened Registry Entry [minecraft:item / fossil:cooked_dicranurus] was not realized!
[05Jan2026 06:14:44.333] [main/WARN] [dev.architectury.registry.registries.forge.RegistrarManagerImpl/]: Registry entry listened Registry Entry [minecraft:item / fossil:bone_arm_crassigyrinus] was not realized!
[05Jan2026 06:14:44.333] [main/WARN] [dev.architectury.registry.registries.forge.RegistrarManagerImpl/]: Registry entry listened Registry Entry [minecraft:item / fossil:bone_unique_stegosaurus] was not realized!
[05Jan2026 06:14:44.333] [main/WARN] [dev.architectury.registry.registries.forge.RegistrarManagerImpl/]: Registry entry listened Registry Entry [minecraft:item / fossil:egg_item_ornitholestes] was not realized!
[05Jan2026 06:14:44.333] [main/WARN] [dev.architectury.registry.registries.forge.RegistrarManagerImpl/]: Registry entry listened Registry Entry [minecraft:item / fossil:cooked_walliserops] was not realized!
[05Jan2026 06:14:44.333] [main/WARN] [dev.architectury.registry.registries.forge.RegistrarManagerImpl/]: Registry entry listened Registry Entry [minecraft:item / fossil:meat_diplodocus] was not realized!
[05Jan2026 06:14:44.333] [main/WARN] [dev.architectury.registry.registries.forge.RegistrarManagerImpl/]: Registry entry listened Registry Entry [minecraft:item / fossil:spawn_egg_plesiosaurus] was not realized!
[05Jan2026 06:14:44.333] [main/WARN] [dev.architectury.registry.registries.forge.RegistrarManagerImpl/]: Registry entry listened Registry Entry [minecraft:item / fossil:kelenken_dna] was not realized!
[05Jan2026 06:14:44.333] [main/WARN] [dev.architectury.registry.registries.forge.RegistrarManagerImpl/]: Registry entry listened Registry Entry [minecraft:item / fossil:spawn_egg_megaloceros] was not realized!
[05Jan2026 06:14:44.334] [main/WARN] [dev.architectury.registry.registries.forge.RegistrarManagerImpl/]: Registry entry listened Registry Entry [minecraft:item / fossil:bone_unique_diplodocus] was not realized!
[05Jan2026 06:14:44.334] [main/WARN] [dev.architectury.registry.registries.forge.RegistrarManagerImpl/]: Registry entry listened Registry Entry [minecraft:item / fossil:egg_item_protoceratops] was not realized!
[05Jan2026 06:14:44.334] [main/WARN] [dev.architectury.registry.registries.forge.RegistrarManagerImpl/]: Registry entry listened Registry Entry [minecraft:item / fossil:cooked_protoceratops] was not realized!
[05Jan2026 06:14:44.334] [main/WARN] [dev.architectury.registry.registries.forge.RegistrarManagerImpl/]: Registry entry listened Registry Entry [minecraft:item / fossil:spawn_egg_diplocaulus] was not realized!
[05Jan2026 06:14:44.334] [main/WARN] [dev.architectury.registry.registries.forge.RegistrarManagerImpl/]: Registry entry listened Registry Entry [minecraft:item / fossil:bone_arm_sarcosuchus] was not realized!
[05Jan2026 06:14:44.334] [main/WARN] [dev.architectury.registry.registries.forge.RegistrarManagerImpl/]: Registry entry listened Registry Entry [minecraft:item / fossil:hoglin_dna] was not realized!
[05Jan2026 06:14:44.334] [main/WARN] [dev.architectury.registry.registries.forge.RegistrarManagerImpl/]: Registry entry listened Registry Entry [minecraft:item / fossil:spawn_egg_sarcosuchus] was not realized!
[05Jan2026 06:14:44.334] [main/WARN] [dev.architectury.registry.registries.forge.RegistrarManagerImpl/]: Registry entry listened Registry Entry [minecraft:item / fossil:egg_item_walliserops] was not realized!
[05Jan2026 06:14:44.334] [main/WARN] [dev.architectury.registry.registries.forge.RegistrarManagerImpl/]: Registry entry listened Registry Entry [minecraft:item / fossil:cooked_pachycephalosaurus] was not realized!
[05Jan2026 06:14:44.334] [main/WARN] [dev.architectury.registry.registries.forge.RegistrarManagerImpl/]: Registry entry listened Registry Entry [minecraft:item / fossil:egg_item_velociraptor] was not realized!
[05Jan2026 06:14:44.335] [main/WARN] [dev.architectury.registry.registries.forge.RegistrarManagerImpl/]: Registry entry listened Registry Entry [minecraft:item / fossil:egg_item_quetzalcoatlus] was not realized!
[05Jan2026 06:14:44.335] [main/WARN] [dev.architectury.registry.registries.forge.RegistrarManagerImpl/]: Registry entry listened Registry Entry [minecraft:item / fossil:bone_unique_tyrannosaurus] was not realized!
[05Jan2026 06:14:44.335] [main/WARN] [dev.architectury.registry.registries.forge.RegistrarManagerImpl/]: Registry entry listened Registry Entry [minecraft:item / fossil:bone_vertebrae_dimorphodon] was not realized!
[05Jan2026 06:14:44.335] [main/WARN] [dev.architectury.registry.registries.forge.RegistrarManagerImpl/]: Registry entry listened Registry Entry [minecraft:item / fossil:bone_vertebrae_gastornis] was not realized!
[05Jan2026 06:14:44.335] [main/WARN] [dev.architectury.registry.registries.forge.RegistrarManagerImpl/]: Registry entry listened Registry Entry [minecraft:item / fossil:bone_skull_megaloceros] was not realized!
[05Jan2026 06:14:44.335] [main/WARN] [dev.architectury.registry.registries.forge.RegistrarManagerImpl/]: Registry entry listened Registry Entry [minecraft:item / fossil:bone_vertebrae_quetzalcoatlus] was not realized!
[05Jan2026 06:14:44.335] [main/WARN] [dev.architectury.registry.registries.forge.RegistrarManagerImpl/]: Registry entry listened Registry Entry [minecraft:item / fossil:spawn_egg_triceratops] was not realized!
[05Jan2026 06:14:44.335] [main/WARN] [dev.architectury.registry.registries.forge.RegistrarManagerImpl/]: Registry entry listened Registry Entry [minecraft:item / fossil:cooked_confuciusornis] was not realized!
[05Jan2026 06:14:44.335] [main/WARN] [dev.architectury.registry.registries.forge.RegistrarManagerImpl/]: Registry entry listened Registry Entry [minecraft:item / fossil:bucket_item_coelacanth] was not realized!
[05Jan2026 06:14:44.335] [main/WARN] [dev.architectury.registry.registries.forge.RegistrarManagerImpl/]: Registry entry listened Registry Entry [minecraft:item / fossil:syringe_wolf] was not realized!
[05Jan2026 06:14:44.335] [main/WARN] [dev.architectury.registry.registries.forge.RegistrarManagerImpl/]: Registry entry listened Registry Entry [minecraft:item / fossil:bone_leg_smilodon] was not realized!
[05Jan2026 06:14:44.335] [main/WARN] [dev.architectury.registry.registries.forge.RegistrarManagerImpl/]: Registry entry listened Registry Entry [minecraft:item / fossil:meat_ichthyosaurus] was not realized!
[05Jan2026 06:14:44.336] [main/WARN] [dev.architectury.registry.registries.forge.RegistrarManagerImpl/]: Registry entry listened Registry Entry [minecraft:item / fossil:quagga_dna] was not realized!
[05Jan2026 06:14:44.336] [main/WARN] [dev.architectury.registry.registries.forge.RegistrarManagerImpl/]: Registry entry listened Registry Entry [minecraft:item / fossil:cooked_aquilolamna] was not realized!
[05Jan2026 06:14:44.336] [main/WARN] [dev.architectury.registry.registries.forge.RegistrarManagerImpl/]: Registry entry listened Registry Entry [minecraft:item / fossil:bone_arm_compsognathus] was not realized!
[05Jan2026 06:14:44.336] [main/WARN] [dev.architectury.registry.registries.forge.RegistrarManagerImpl/]: Registry entry listened Registry Entry [minecraft:item / fossil:spawn_egg_megalograptus] was not realized!
[05Jan2026 06:14:44.336] [main/WARN] [dev.architectury.registry.registries.forge.RegistrarManagerImpl/]: Registry entry listened Registry Entry [minecraft:item / fossil:bone_leg_megaloceros] was not realized!
[05Jan2026 06:14:44.336] [main/WARN] [dev.architectury.registry.registries.forge.RegistrarManagerImpl/]: Registry entry listened Registry Entry [minecraft:item / fossil:bone_leg_sarcosuchus] was not realized!
[05Jan2026 06:14:44.336] [main/WARN] [dev.architectury.registry.registries.forge.RegistrarManagerImpl/]: Registry entry listened Registry Entry [minecraft:item / fossil:bone_tail_tiktaalik] was not realized!
[05Jan2026 06:14:44.336] [main/WARN] [dev.architectury.registry.registries.forge.RegistrarManagerImpl/]: Registry entry listened Registry Entry [minecraft:item / fossil:bone_vertebrae_tyrannosaurus] was not realized!
[05Jan2026 06:14:44.336] [main/WARN] [dev.architectury.registry.registries.forge.RegistrarManagerImpl/]: Registry entry listened Registry Entry [minecraft:item / fossil:meat_scotoharpes] was not realized!
[05Jan2026 06:14:44.336] [main/WARN] [dev.architectury.registry.registries.forge.RegistrarManagerImpl/]: Registry entry listened Registry Entry [minecraft:item / fossil:bone_ribcage_mosasaurus] was not realized!
[05Jan2026 06:14:44.337] [main/WARN] [dev.architectury.registry.registries.forge.RegistrarManagerImpl/]: Registry entry listened Registry Entry [minecraft:item / fossil:bone_vertebrae_ornitholestes] was not realized!
[05Jan2026 06:14:44.337] [main/WARN] [dev.architectury.registry.registries.forge.RegistrarManagerImpl/]: Registry entry listened Registry Entry [minecraft:item / fossil:bone_arm_edaphosaurus] was not realized!
[05Jan2026 06:14:44.337] [main/WARN] [dev.architectury.registry.registries.forge.RegistrarManagerImpl/]: Registry entry listened Registry Entry [minecraft:item / fossil:cooked_ankylosaurus] was not realized!
[05Jan2026 06:14:44.337] [main/WARN] [dev.architectury.registry.registries.forge.RegistrarManagerImpl/]: Registry entry listened Registry Entry [minecraft:item / fossil:bone_vertebrae_megalania] was not realized!
[05Jan2026 06:14:44.337] [main/WARN] [dev.architectury.registry.registries.forge.RegistrarManagerImpl/]: Registry entry listened Registry Entry [minecraft:item / fossil:bone_foot_citipati] was not realized!
[05Jan2026 06:14:44.337] [main/WARN] [dev.architectury.registry.registries.forge.RegistrarManagerImpl/]: Registry entry listened Registry Entry [minecraft:item / fossil:bone_foot_allosaurus] was not realized!
[05Jan2026 06:14:44.337] [main/WARN] [dev.architectury.registry.registries.forge.RegistrarManagerImpl/]: Registry entry listened Registry Entry [minecraft:item / fossil:bone_ribcage_allosaurus] was not realized!
[05Jan2026 06:14:44.337] [main/WARN] [dev.architectury.registry.registries.forge.RegistrarManagerImpl/]: Registry entry listened Registry Entry [minecraft:item / fossil:bone_unique_plesiosaurus] was not realized!
[05Jan2026 06:14:44.337] [main/WARN] [dev.architectury.registry.registries.forge.RegistrarManagerImpl/]: Registry entry listened Registry Entry [minecraft:item / fossil:bone_tail_diplodocus] was not realized!
[05Jan2026 06:14:44.338] [main/WARN] [dev.architectury.registry.registries.forge.RegistrarManagerImpl/]: Registry entry listened Registry Entry [minecraft:item / fossil:mammoth_dna] was not realized!
[05Jan2026 06:14:44.338] [main/WARN] [dev.architectury.registry.registries.forge.RegistrarManagerImpl/]: Registry entry listened Registry Entry [minecraft:item / fossil:bone_tail_smilodon] was not realized!
[05Jan2026 06:14:44.338] [main/WARN] [dev.architectury.registry.registries.forge.RegistrarManagerImpl/]: Registry entry listened Registry Entry [minecraft:item / fossil:cooked_plesiosaurus] was not realized!
[05Jan2026 06:14:44.338] [main/WARN] [dev.architectury.registry.registries.forge.RegistrarManagerImpl/]: Registry entry listened Registry Entry [minecraft:item / fossil:bone_foot_postosuchus] was not realized!
[05Jan2026 06:14:44.338] [main/WARN] [dev.architectury.registry.registries.forge.RegistrarManagerImpl/]: Registry entry listened Registry Entry [minecraft:item / fossil:elasmotherium_dna] was not realized!
[05Jan2026 06:14:44.338] [main/WARN] [dev.architectury.registry.registries.forge.RegistrarManagerImpl/]: Registry entry listened Registry Entry [minecraft:item / fossil:bone_ribcage_gallimimus] was not realized!
[05Jan2026 06:14:44.338] [main/WARN] [dev.architectury.registry.registries.forge.RegistrarManagerImpl/]: Registry entry listened Registry Entry [minecraft:item / fossil:spawn_egg_nautilus] was not realized!
[05Jan2026 06:14:44.338] [main/WARN] [dev.architectury.registry.registries.forge.RegistrarManagerImpl/]: Registry entry listened Registry Entry [minecraft:item / fossil:spawn_egg_brachiosaurus] was not realized!
[05Jan2026 06:14:44.338] [main/WARN] [dev.architectury.registry.registries.forge.RegistrarManagerImpl/]: Registry entry listened Registry Entry [minecraft:item / fossil:bone_unique_pteranodon] was not realized!
[05Jan2026 06:14:44.339] [main/WARN] [dev.architectury.registry.registries.forge.RegistrarManagerImpl/]: Registry entry listened Registry Entry [minecraft:item / fossil:bone_ribcage_postosuchus] was not realized!
[05Jan2026 06:14:44.339] [main/WARN] [dev.architectury.registry.registries.forge.RegistrarManagerImpl/]: Registry entry listened Registry Entry [minecraft:item / fossil:bone_ribcage_smilodon] was not realized!
[05Jan2026 06:14:44.339] [main/WARN] [dev.architectury.registry.registries.forge.RegistrarManagerImpl/]: Registry entry listened Registry Entry [minecraft:item / fossil:platybelodon_dna] was not realized!
[05Jan2026 06:14:44.339] [main/WARN] [dev.architectury.registry.registries.forge.RegistrarManagerImpl/]: Registry entry listened Registry Entry [minecraft:item / fossil:egg_item_aquilolamna] was not realized!
[05Jan2026 06:14:44.339] [main/WARN] [dev.architectury.registry.registries.forge.RegistrarManagerImpl/]: Registry entry listened Registry Entry [minecraft:item / fossil:cooked_scotoharpes] was not realized!
[05Jan2026 06:14:44.339] [main/WARN] [dev.architectury.registry.registries.forge.RegistrarManagerImpl/]: Registry entry listened Registry Entry [minecraft:item / fossil:meat_ankylosaurus] was not realized!
[05Jan2026 06:14:44.339] [main/WARN] [dev.architectury.registry.registries.forge.RegistrarManagerImpl/]: Registry entry listened Registry Entry [minecraft:item / fossil:bone_vertebrae_platybelodon] was not realized!
[05Jan2026 06:14:44.339] [main/WARN] [dev.architectury.registry.registries.forge.RegistrarManagerImpl/]: Registry entry listened Registry Entry [minecraft:item / fossil:bone_skull_titanis] was not realized!
[05Jan2026 06:14:44.340] [main/WARN] [dev.architectury.registry.registries.forge.RegistrarManagerImpl/]: Registry entry listened Registry Entry [minecraft:item / fossil:spawn_egg_pteranodon] was not realized!
[05Jan2026 06:14:44.340] [main/WARN] [dev.architectury.registry.registries.forge.RegistrarManagerImpl/]: Registry entry listened Registry Entry [minecraft:item / fossil:bone_leg_brachiosaurus] was not realized!
[05Jan2026 06:14:44.340] [main/WARN] [dev.architectury.registry.registries.forge.RegistrarManagerImpl/]: Registry entry listened Registry Entry [minecraft:item / fossil:scotoharpes_dna] was not realized!
[05Jan2026 06:14:44.340] [main/WARN] [dev.architectury.registry.registries.forge.RegistrarManagerImpl/]: Registry entry listened Registry Entry [minecraft:item / fossil:ichthyosaurus_dna] was not realized!
[05Jan2026 06:14:44.340] [main/WARN] [dev.architectury.registry.registries.forge.RegistrarManagerImpl/]: Registry entry listened Registry Entry [minecraft:item / fossil:bone_ribcage_sarcosuchus] was not realized!
[05Jan2026 06:14:44.340] [main/WARN] [dev.architectury.registry.registries.forge.RegistrarManagerImpl/]: Registry entry listened Registry Entry [minecraft:item / fossil:cooked_edaphosaurus] was not realized!
[05Jan2026 06:14:44.340] [main/WARN] [dev.architectury.registry.registries.forge.RegistrarManagerImpl/]: Registry entry listened Registry Entry [minecraft:item / fossil:bone_ribcage_triceratops] was not realized!
[05Jan2026 06:14:44.340] [main/WARN] [dev.architectury.registry.registries.forge.RegistrarManagerImpl/]: Registry entry listened Registry Entry [minecraft:item / fossil:bone_ribcage_ceratosaurus] was not realized!
[05Jan2026 06:14:44.340] [main/WARN] [dev.architectury.registry.registries.forge.RegistrarManagerImpl/]: Registry entry listened Registry Entry [minecraft:item / fossil:bone_vertebrae_liopleurodon] was not realized!
[05Jan2026 06:14:44.340] [main/WARN] [dev.architectury.registry.registries.forge.RegistrarManagerImpl/]: Registry entry listened Registry Entry [minecraft:item / fossil:bone_leg_ceratosaurus] was not realized!
[05Jan2026 06:14:44.341] [main/WARN] [dev.architectury.registry.registries.forge.RegistrarManagerImpl/]: Registry entry listened Registry Entry [minecraft:item / fossil:cooked_dimetrodon] was not realized!
[05Jan2026 06:14:44.341] [main/WARN] [dev.architectury.registry.registries.forge.RegistrarManagerImpl/]: Registry entry listened Registry Entry [minecraft:item / fossil:bone_foot_liopleurodon] was not realized!
[05Jan2026 06:14:44.341] [main/WARN] [dev.architectury.registry.registries.forge.RegistrarManagerImpl/]: Registry entry listened Registry Entry [minecraft:item / fossil:spawn_egg_coelacanth] was not realized!
[05Jan2026 06:14:44.341] [main/WARN] [dev.architectury.registry.registries.forge.RegistrarManagerImpl/]: Registry entry listened Registry Entry [minecraft:item / fossil:spawn_egg_dryosaurus] was not realized!
[05Jan2026 06:14:44.341] [main/WARN] [dev.architectury.registry.registries.forge.RegistrarManagerImpl/]: Registry entry listened Registry Entry [minecraft:item / fossil:bone_vertebrae_diplodocus] was not realized!
[05Jan2026 06:14:44.341] [main/WARN] [dev.architectury.registry.registries.forge.RegistrarManagerImpl/]: Registry entry listened Registry Entry [minecraft:item / fossil:bone_ribcage_confuciusornis] was not realized!
[05Jan2026 06:14:44.341] [main/WARN] [dev.architectury.registry.registries.forge.RegistrarManagerImpl/]: Registry entry listened Registry Entry [minecraft:item / fossil:cooked_megaloceros] was not realized!
[05Jan2026 06:14:44.341] [main/WARN] [dev.architectury.registry.registries.forge.RegistrarManagerImpl/]: Registry entry listened Registry Entry [minecraft:item / fossil:spawn_egg_psittacosaurus] was not realized!
[05Jan2026 06:14:44.341] [main/WARN] [dev.architectury.registry.registries.forge.RegistrarManagerImpl/]: Registry entry listened Registry Entry [minecraft:item / fossil:spawn_egg_quetzalcoatlus] was not realized!
[05Jan2026 06:14:44.341] [main/WARN] [dev.architectury.registry.registries.forge.RegistrarManagerImpl/]: Registry entry listened Registry Entry [minecraft:item / fossil:bone_skull_diplocaulus] was not realized!
[05Jan2026 06:14:44.341] [main/WARN] [dev.architectury.registry.registries.forge.RegistrarManagerImpl/]: Registry entry listened Registry Entry [minecraft:item / fossil:bone_vertebrae_pteranodon] was not realized!
[05Jan2026 06:14:44.341] [main/WARN] [dev.architectury.registry.registries.forge.RegistrarManagerImpl/]: Registry entry listened Registry Entry [minecraft:item / fossil:bone_tail_velociraptor] was not realized!
[05Jan2026 06:14:44.341] [main/WARN] [dev.architectury.registry.registries.forge.RegistrarManagerImpl/]: Registry entry listened Registry Entry [minecraft:item / fossil:cooked_crassigyrinus] was not realized!
[05Jan2026 06:14:44.342] [main/WARN] [dev.architectury.registry.registries.forge.RegistrarManagerImpl/]: Registry entry listened Registry Entry [minecraft:item / fossil:cooked_ornitholestes] was not realized!
[05Jan2026 06:14:44.342] [main/WARN] [dev.architectury.registry.registries.forge.RegistrarManagerImpl/]: Registry entry listened Registry Entry [minecraft:item / fossil:spawn_egg_compsognathus] was not realized!
[05Jan2026 06:14:44.342] [main/WARN] [dev.architectury.registry.registries.forge.RegistrarManagerImpl/]: Registry entry listened Registry Entry [minecraft:item / fossil:cooked_elasmotherium] was not realized!
[05Jan2026 06:14:44.342] [main/WARN] [dev.architectury.registry.registries.forge.RegistrarManagerImpl/]: Registry entry listened Registry Entry [minecraft:item / fossil:bone_leg_gallimimus] was not realized!
[05Jan2026 06:14:44.342] [main/WARN] [dev.architectury.registry.registries.forge.RegistrarManagerImpl/]: Registry entry listened Registry Entry [minecraft:item / fossil:bone_leg_plesiosaurus] was not realized!
[05Jan2026 06:14:44.342] [main/WARN] [dev.architectury.registry.registries.forge.RegistrarManagerImpl/]: Registry entry listened Registry Entry [minecraft:item / fossil:cooked_kelenken] was not realized!
[05Jan2026 06:14:44.342] [main/WARN] [dev.architectury.registry.registries.forge.RegistrarManagerImpl/]: Registry entry listened Registry Entry [minecraft:item / fossil:panda_dna] was not realized!
[05Jan2026 06:14:44.342] [main/WARN] [dev.architectury.registry.registries.forge.RegistrarManagerImpl/]: Registry entry listened Registry Entry [minecraft:item / fossil:spawn_egg_tyrannosaurus] was not realized!
[05Jan2026 06:14:44.342] [main/WARN] [dev.architectury.registry.registries.forge.RegistrarManagerImpl/]: Registry entry listened Registry Entry [minecraft:item / fossil:bone_tail_platybelodon] was not realized!
[05Jan2026 06:14:44.343] [main/WARN] [dev.architectury.registry.registries.forge.RegistrarManagerImpl/]: Registry entry listened Registry Entry [minecraft:item / fossil:spinosaurus_dna] was not realized!
[05Jan2026 06:14:44.343] [main/WARN] [dev.architectury.registry.registries.forge.RegistrarManagerImpl/]: Registry entry listened Registry Entry [minecraft:item / fossil:egg_item_ichthyosaurus] was not realized!
[05Jan2026 06:14:44.343] [main/WARN] [dev.architectury.registry.registries.forge.RegistrarManagerImpl/]: Registry entry listened Registry Entry [minecraft:item / fossil:bone_ribcage_gastornis] was not realized!
[05Jan2026 06:14:44.343] [main/WARN] [dev.architectury.registry.registries.forge.RegistrarManagerImpl/]: Registry entry listened Registry Entry [minecraft:item / fossil:brachiosaurus_dna] was not realized!
[05Jan2026 06:14:44.343] [main/WARN] [dev.architectury.registry.registries.forge.RegistrarManagerImpl/]: Registry entry listened Registry Entry [minecraft:item / fossil:spawn_egg_phorusrhacos] was not realized!
[05Jan2026 06:14:44.343] [main/WARN] [dev.architectury.registry.registries.forge.RegistrarManagerImpl/]: Registry entry listened Registry Entry [minecraft:item / fossil:bone_tail_sarcosuchus] was not realized!
[05Jan2026 06:14:44.343] [main/WARN] [dev.architectury.registry.registries.forge.RegistrarManagerImpl/]: Registry entry listened Registry Entry [minecraft:item / fossil:ornitholestes_dna] was not realized!
[05Jan2026 06:14:44.343] [main/WARN] [dev.architectury.registry.registries.forge.RegistrarManagerImpl/]: Registry entry listened Registry Entry [minecraft:item / fossil:axolotl_dna] was not realized!
[05Jan2026 06:14:44.344] [main/WARN] [dev.architectury.registry.registries.forge.RegistrarManagerImpl/]: Registry entry listened Registry Entry [minecraft:item / fossil:bone_tail_brachiosaurus] was not realized!
[05Jan2026 06:14:44.344] [main/WARN] [dev.architectury.registry.registries.forge.RegistrarManagerImpl/]: Registry entry listened Registry Entry [minecraft:item / fossil:glow_squid_dna] was not realized!
[05Jan2026 06:14:44.344] [main/WARN] [dev.architectury.registry.registries.forge.RegistrarManagerImpl/]: Registry entry listened Registry Entry [minecraft:item / fossil:cooked_compsognathus] was not realized!
[05Jan2026 06:14:44.344] [main/WARN] [dev.architectury.registry.registries.forge.RegistrarManagerImpl/]: Registry entry listened Registry Entry [minecraft:item / fossil:bone_skull_smilodon] was not realized!
[05Jan2026 06:14:44.344] [main/WARN] [dev.architectury.registry.registries.forge.RegistrarManagerImpl/]: Registry entry listened Registry Entry [minecraft:item / fossil:egg_item_dimorphodon] was not realized!
[05Jan2026 06:14:44.344] [main/WARN] [dev.architectury.registry.registries.forge.RegistrarManagerImpl/]: Registry entry listened Registry Entry [minecraft:item / fossil:cooked_dimorphodon] was not realized!
[05Jan2026 06:14:44.344] [main/WARN] [dev.architectury.registry.registries.forge.RegistrarManagerImpl/]: Registry entry listened Registry Entry [minecraft:item / fossil:bone_skull_gallimimus] was not realized!
[05Jan2026 06:14:44.344] [main/WARN] [dev.architectury.registry.registries.forge.RegistrarManagerImpl/]: Registry entry listened Registry Entry [minecraft:item / fossil:squid_dna] was not realized!
[05Jan2026 06:14:44.344] [main/WARN] [dev.architectury.registry.registries.forge.RegistrarManagerImpl/]: Registry entry listened Registry Entry [minecraft:item / fossil:mosasaurus_dna] was not realized!
[05Jan2026 06:14:44.344] [main/WARN] [dev.architectury.registry.registries.forge.RegistrarManagerImpl/]: Registry entry listened Registry Entry [minecraft:item / fossil:bone_ribcage_dryosaurus] was not realized!
[05Jan2026 06:14:44.345] [main/WARN] [dev.architectury.registry.registries.forge.RegistrarManagerImpl/]: Registry entry listened Registry Entry [minecraft:item / fossil:meat_sturgeon] was not realized!
[05Jan2026 06:14:44.345] [main/WARN] [dev.architectury.registry.registries.forge.RegistrarManagerImpl/]: Registry entry listened Registry Entry [minecraft:item / fossil:bone_vertebrae_triceratops] was not realized!
[05Jan2026 06:14:44.345] [main/WARN] [dev.architectury.registry.registries.forge.RegistrarManagerImpl/]: Registry entry listened Registry Entry [minecraft:item / fossil:bone_tail_dilophosaurus] was not realized!
[05Jan2026 06:14:44.345] [main/WARN] [dev.architectury.registry.registries.forge.RegistrarManagerImpl/]: Registry entry listened Registry Entry [minecraft:item / fossil:bone_skull_citipati] was not realized!
[05Jan2026 06:14:44.345] [main/WARN] [dev.architectury.registry.registries.forge.RegistrarManagerImpl/]: Registry entry listened Registry Entry [minecraft:item / fossil:bone_arm_psittacosaurus] was not realized!
[05Jan2026 06:14:44.345] [main/WARN] [dev.architectury.registry.registries.forge.RegistrarManagerImpl/]: Registry entry listened Registry Entry [minecraft:item / fossil:egg_item_gastornis] was not realized!
[05Jan2026 06:14:44.345] [main/WARN] [dev.architectury.registry.registries.forge.RegistrarManagerImpl/]: Registry entry listened Registry Entry [minecraft:item / fossil:bone_unique_quagga] was not realized!
[05Jan2026 06:14:44.345] [main/WARN] [dev.architectury.registry.registries.forge.RegistrarManagerImpl/]: Registry entry listened Registry Entry [minecraft:item / fossil:bone_skull_parasaurolophus] was not realized!
[05Jan2026 06:14:44.345] [main/WARN] [dev.architectury.registry.registries.forge.RegistrarManagerImpl/]: Registry entry listened Registry Entry [minecraft:item / fossil:syringe_strider] was not realized!
[05Jan2026 06:14:44.345] [main/WARN] [dev.architectury.registry.registries.forge.RegistrarManagerImpl/]: Registry entry listened Registry Entry [minecraft:item / fossil:bone_tail_postosuchus] was not realized!
[05Jan2026 06:14:44.345] [main/WARN] [dev.architectury.registry.registries.forge.RegistrarManagerImpl/]: Registry entry listened Registry Entry [minecraft:item / fossil:meat_spinosaurus] was not realized!
[05Jan2026 06:14:44.346] [main/WARN] [dev.architectury.registry.registries.forge.RegistrarManagerImpl/]: Registry entry listened Registry Entry [minecraft:item / fossil:bone_skull_platybelodon] was not realized!
[05Jan2026 06:14:44.346] [main/WARN] [dev.architectury.registry.registries.forge.RegistrarManagerImpl/]: Registry entry listened Registry Entry [minecraft:item / fossil:spawn_egg_crassigyrinus] was not realized!
[05Jan2026 06:14:44.346] [main/WARN] [dev.architectury.registry.registries.forge.RegistrarManagerImpl/]: Registry entry listened Registry Entry [minecraft:item / fossil:spawn_egg_scotoharpes] was not realized!
[05Jan2026 06:14:44.346] [main/WARN] [dev.architectury.registry.registries.forge.RegistrarManagerImpl/]: Registry entry listened Registry Entry [minecraft:item / fossil:egg_item_megalania] was not realized!
[05Jan2026 06:14:44.346] [main/WARN] [dev.architectury.registry.registries.forge.RegistrarManagerImpl/]: Registry entry listened Registry Entry [minecraft:item / fossil:bone_skull_liopleurodon] was not realized!
[05Jan2026 06:14:44.346] [main/WARN] [dev.architectury.registry.registries.forge.RegistrarManagerImpl/]: Registry entry listened Registry Entry [minecraft:item / fossil:egg_item_cod] was not realized!
[05Jan2026 06:14:44.346] [main/WARN] [dev.architectury.registry.registries.forge.RegistrarManagerImpl/]: Registry entry listened Registry Entry [minecraft:item / fossil:bone_foot_elasmotherium] was not realized!
[05Jan2026 06:14:44.346] [main/WARN] [dev.architectury.registry.registries.forge.RegistrarManagerImpl/]: Registry entry listened Registry Entry [minecraft:item / fossil:bone_leg_triceratops] was not realized!
[05Jan2026 06:14:44.346] [main/WARN] [dev.architectury.registry.registries.forge.RegistrarManagerImpl/]: Registry entry listened Registry Entry [minecraft:item / fossil:bone_skull_ichthyosaurus] was not realized!
[05Jan2026 06:14:44.347] [main/WARN] [dev.architectury.registry.registries.forge.RegistrarManagerImpl/]: Registry entry listened Registry Entry [minecraft:item / fossil:bone_ribcage_megalania] was not realized!
[05Jan2026 06:14:44.347] [main/WARN] [dev.architectury.registry.registries.forge.RegistrarManagerImpl/]: Registry entry listened Registry Entry [minecraft:item / fossil:cooked_tiktaalik] was not realized!
[05Jan2026 06:14:44.347] [main/WARN] [dev.architectury.registry.registries.forge.RegistrarManagerImpl/]: Registry entry listened Registry Entry [minecraft:item / fossil:bone_foot_kelenken] was not realized!
[05Jan2026 06:14:44.347] [main/WARN] [dev.architectury.registry.registries.forge.RegistrarManagerImpl/]: Registry entry listened Registry Entry [minecraft:item / fossil:meat_dimorphodon] was not realized!
[05Jan2026 06:14:44.347] [main/WARN] [dev.architectury.registry.registries.forge.RegistrarManagerImpl/]: Registry entry listened Registry Entry [minecraft:item / fossil:bone_tail_dimetrodon] was not realized!
[05Jan2026 06:14:44.347] [main/WARN] [dev.architectury.registry.registries.forge.RegistrarManagerImpl/]: Registry entry listened Registry Entry [minecraft:item / fossil:bone_unique_brachiosaurus] was not realized!
[05Jan2026 06:14:44.347] [main/WARN] [dev.architectury.registry.registries.forge.RegistrarManagerImpl/]: Registry entry listened Registry Entry [minecraft:item / fossil:bone_arm_ceratosaurus] was not realized!
[05Jan2026 06:14:44.347] [main/WARN] [dev.architectury.registry.registries.forge.RegistrarManagerImpl/]: Registry entry listened Registry Entry [minecraft:item / fossil:bone_arm_postosuchus] was not realized!
[05Jan2026 06:14:44.347] [main/WARN] [dev.architectury.registry.registries.forge.RegistrarManagerImpl/]: Registry entry listened Registry Entry [minecraft:item / fossil:bone_skull_triceratops] was not realized!
[05Jan2026 06:14:44.347] [main/WARN] [dev.architectury.registry.registries.forge.RegistrarManagerImpl/]: Registry entry listened Registry Entry [minecraft:item / fossil:egg_confuciusornis] was not realized!
[05Jan2026 06:14:44.348] [main/WARN] [dev.architectury.registry.registries.forge.RegistrarManagerImpl/]: Registry entry listened Registry Entry [minecraft:item / fossil:cooked_smilodon] was not realized!
[05Jan2026 06:14:44.348] [main/WARN] [dev.architectury.registry.registries.forge.RegistrarManagerImpl/]: Registry entry listened Registry Entry [minecraft:item / fossil:triceratops_dna] was not realized!
[05Jan2026 06:14:44.348] [main/WARN] [dev.architectury.registry.registries.forge.RegistrarManagerImpl/]: Registry entry listened Registry Entry [minecraft:item / fossil:meat_meganeura] was not realized!
[05Jan2026 06:14:44.348] [main/WARN] [dev.architectury.registry.registries.forge.RegistrarManagerImpl/]: Registry entry listened Registry Entry [minecraft:item / fossil:egg_item_liopleurodon] was not realized!
[05Jan2026 06:14:44.348] [main/WARN] [dev.architectury.registry.registries.forge.RegistrarManagerImpl/]: Registry entry listened Registry Entry [minecraft:item / fossil:bone_foot_ornitholestes] was not realized!
[05Jan2026 06:14:44.348] [main/WARN] [dev.architectury.registry.registries.forge.RegistrarManagerImpl/]: Registry entry listened Registry Entry [minecraft:item / fossil:strider_dna] was not realized!
[05Jan2026 06:14:44.348] [main/WARN] [dev.architectury.registry.registries.forge.RegistrarManagerImpl/]: Registry entry listened Registry Entry [minecraft:item / fossil:egg_item_kelenken] was not realized!
[05Jan2026 06:14:44.348] [main/WARN] [dev.architectury.registry.registries.forge.RegistrarManagerImpl/]: Registry entry listened Registry Entry [minecraft:item / fossil:bone_foot_velociraptor] was not realized!
[05Jan2026 06:14:44.348] [main/WARN] [dev.architectury.registry.registries.forge.RegistrarManagerImpl/]: Registry entry listened Registry Entry [minecraft:item / fossil:egg_item_alligator_gar] was not realized!
[05Jan2026 06:14:44.349] [main/WARN] [dev.architectury.registry.registries.forge.RegistrarManagerImpl/]: Registry entry listened Registry Entry [minecraft:item / fossil:cooked_meganeura] was not realized!
[05Jan2026 06:14:44.349] [main/WARN] [dev.architectury.registry.registries.forge.RegistrarManagerImpl/]: Registry entry listened Registry Entry [minecraft:item / fossil:cooked_citipati] was not realized!
[05Jan2026 06:14:44.349] [main/WARN] [dev.architectury.registry.registries.forge.RegistrarManagerImpl/]: Registry entry listened Registry Entry [minecraft:item / fossil:bone_arm_plesiosaurus] was not realized!
[05Jan2026 06:14:44.349] [main/WARN] [dev.architectury.registry.registries.forge.RegistrarManagerImpl/]: Registry entry listened Registry Entry [minecraft:item / fossil:bone_foot_platybelodon] was not realized!
[05Jan2026 06:14:44.349] [main/WARN] [dev.architectury.registry.registries.forge.RegistrarManagerImpl/]: Registry entry listened Registry Entry [minecraft:item / fossil:meganeura_dna] was not realized!
[05Jan2026 06:14:44.349] [main/WARN] [dev.architectury.registry.registries.forge.RegistrarManagerImpl/]: Registry entry listened Registry Entry [minecraft:item / fossil:spawn_egg_aquilolamna] was not realized!
[05Jan2026 06:14:44.349] [main/WARN] [dev.architectury.registry.registries.forge.RegistrarManagerImpl/]: Registry entry listened Registry Entry [minecraft:item / fossil:meat_pteranodon] was not realized!
[05Jan2026 06:14:44.349] [main/WARN] [dev.architectury.registry.registries.forge.RegistrarManagerImpl/]: Registry entry listened Registry Entry [minecraft:item / fossil:bone_vertebrae_compsognathus] was not realized!
[05Jan2026 06:14:44.349] [main/WARN] [dev.architectury.registry.registries.forge.RegistrarManagerImpl/]: Registry entry listened Registry Entry [minecraft:item / fossil:diplodocus_dna] was not realized!
[05Jan2026 06:14:44.349] [main/WARN] [dev.architectury.registry.registries.forge.RegistrarManagerImpl/]: Registry entry listened Registry Entry [minecraft:item / fossil:bone_skull_megalania] was not realized!
[05Jan2026 06:14:44.350] [main/WARN] [dev.architectury.registry.registries.forge.RegistrarManagerImpl/]: Registry entry listened Registry Entry [minecraft:item / fossil:bone_skull_ceratosaurus] was not realized!
[05Jan2026 06:14:44.350] [main/WARN] [dev.architectury.registry.registries.forge.RegistrarManagerImpl/]: Registry entry listened Registry Entry [minecraft:item / fossil:egg_item_megalodon] was not realized!
[05Jan2026 06:14:44.350] [main/WARN] [dev.architectury.registry.registries.forge.RegistrarManagerImpl/]: Registry entry listened Registry Entry [minecraft:item / fossil:bone_tail_ankylosaurus] was not realized!
[05Jan2026 06:14:44.350] [main/WARN] [dev.architectury.registry.registries.forge.RegistrarManagerImpl/]: Registry entry listened Registry Entry [minecraft:item / fossil:bone_arm_kelenken] was not realized!
[05Jan2026 06:14:44.350] [main/WARN] [dev.architectury.registry.registries.forge.RegistrarManagerImpl/]: Registry entry listened Registry Entry [minecraft:item / fossil:bone_vertebrae_kelenken] was not realized!
[05Jan2026 06:14:44.350] [main/WARN] [dev.architectury.registry.registries.forge.RegistrarManagerImpl/]: Registry entry listened Registry Entry [minecraft:item / fossil:syringe_platybelodon] was not realized!
[05Jan2026 06:14:44.350] [main/WARN] [dev.architectury.registry.registries.forge.RegistrarManagerImpl/]: Registry entry listened Registry Entry [minecraft:item / fossil:alligator_gar_dna] was not realized!
[05Jan2026 06:14:44.351] [main/WARN] [dev.architectury.registry.registries.forge.RegistrarManagerImpl/]: Registry entry listened Registry Entry [minecraft:item / fossil:bone_arm_phorusrhacos] was not realized!
[05Jan2026 06:14:44.351] [main/WARN] [dev.architectury.registry.registries.forge.RegistrarManagerImpl/]: Registry entry listened Registry Entry [minecraft:item / fossil:meat_dodo] was not realized!
[05Jan2026 06:14:44.351] [main/WARN] [dev.architectury.registry.registries.forge.RegistrarManagerImpl/]: Registry entry listened Registry Entry [minecraft:item / fossil:bone_vertebrae_megaloceros] was not realized!
[05Jan2026 06:14:44.351] [main/WARN] [dev.architectury.registry.registries.forge.RegistrarManagerImpl/]: Registry entry listened Registry Entry [minecraft:item / fossil:bone_vertebrae_crassigyrinus] was not realized!
[05Jan2026 06:14:44.351] [main/WARN] [dev.architectury.registry.registries.forge.RegistrarManagerImpl/]: Registry entry listened Registry Entry [minecraft:item / fossil:bone_tail_dimorphodon] was not realized!
[05Jan2026 06:14:44.351] [main/WARN] [dev.architectury.registry.registries.forge.RegistrarManagerImpl/]: Registry entry listened Registry Entry [minecraft:item / fossil:bone_unique_edaphosaurus] was not realized!
[05Jan2026 06:14:44.351] [main/WARN] [dev.architectury.registry.registries.forge.RegistrarManagerImpl/]: Registry entry listened Registry Entry [minecraft:item / fossil:egg_item_dodo] was not realized!
[05Jan2026 06:14:44.351] [main/WARN] [dev.architectury.registry.registries.forge.RegistrarManagerImpl/]: Registry entry listened Registry Entry [minecraft:item / fossil:spawn_egg_dicranurus] was not realized!
[05Jan2026 06:14:44.351] [main/WARN] [dev.architectury.registry.registries.forge.RegistrarManagerImpl/]: Registry entry listened Registry Entry [minecraft:item / fossil:bone_ribcage_dimorphodon] was not realized!
[05Jan2026 06:14:44.352] [main/WARN] [dev.architectury.registry.registries.forge.RegistrarManagerImpl/]: Registry entry listened Registry Entry [minecraft:item / fossil:bone_unique_quetzalcoatlus] was not realized!
[05Jan2026 06:14:44.352] [main/WARN] [dev.architectury.registry.registries.forge.RegistrarManagerImpl/]: Registry entry listened Registry Entry [minecraft:item / fossil:bone_foot_quetzalcoatlus] was not realized!
[05Jan2026 06:14:44.352] [main/WARN] [dev.architectury.registry.registries.forge.RegistrarManagerImpl/]: Registry entry listened Registry Entry [minecraft:item / fossil:meat_liopleurodon] was not realized!
[05Jan2026 06:14:44.352] [main/WARN] [dev.architectury.registry.registries.forge.RegistrarManagerImpl/]: Registry entry listened Registry Entry [minecraft:item / fossil:bone_arm_henodus] was not realized!
[05Jan2026 06:14:44.352] [main/WARN] [dev.architectury.registry.registries.forge.RegistrarManagerImpl/]: Registry entry listened Registry Entry [minecraft:item / fossil:syringe_rabbit] was not realized!
[05Jan2026 06:14:44.352] [main/WARN] [dev.architectury.registry.registries.forge.RegistrarManagerImpl/]: Registry entry listened Registry Entry [minecraft:item / fossil:turtle_dna] was not realized!
[05Jan2026 06:14:44.352] [main/WARN] [dev.architectury.registry.registries.forge.RegistrarManagerImpl/]: Registry entry listened Registry Entry [minecraft:item / fossil:egg_item_crassigyrinus] was not realized!
[05Jan2026 06:14:44.352] [main/WARN] [dev.architectury.registry.registries.forge.RegistrarManagerImpl/]: Registry entry listened Registry Entry [minecraft:item / fossil:bone_unique_deinonychus] was not realized!
[05Jan2026 06:14:44.352] [main/WARN] [dev.architectury.registry.registries.forge.RegistrarManagerImpl/]: Registry entry listened Registry Entry [minecraft:item / fossil:bone_unique_psittacosaurus] was not realized!
[05Jan2026 06:14:44.352] [main/WARN] [dev.architectury.registry.registries.forge.RegistrarManagerImpl/]: Registry entry listened Registry Entry [minecraft:item / fossil:cooked_megalodon] was not realized!
[05Jan2026 06:14:44.353] [main/WARN] [dev.architectury.registry.registries.forge.RegistrarManagerImpl/]: Registry entry listened Registry Entry [minecraft:item / fossil:bone_vertebrae_mosasaurus] was not realized!
[05Jan2026 06:14:44.353] [main/WARN] [dev.architectury.registry.registries.forge.RegistrarManagerImpl/]: Registry entry listened Registry Entry [minecraft:item / fossil:spawn_egg_megalania] was not realized!
[05Jan2026 06:14:44.353] [main/WARN] [dev.architectury.registry.registries.forge.RegistrarManagerImpl/]: Registry entry listened Registry Entry [minecraft:item / fossil:bone_arm_ornitholestes] was not realized!
[05Jan2026 06:14:44.353] [main/WARN] [dev.architectury.registry.registries.forge.RegistrarManagerImpl/]: Registry entry listened Registry Entry [minecraft:item / fossil:bone_tail_therizinosaurus] was not realized!
[05Jan2026 06:14:44.353] [main/WARN] [dev.architectury.registry.registries.forge.RegistrarManagerImpl/]: Registry entry listened Registry Entry [minecraft:item / fossil:bone_leg_pachycephalosaurus] was not realized!
[05Jan2026 06:14:44.353] [main/WARN] [dev.architectury.registry.registries.forge.RegistrarManagerImpl/]: Registry entry listened Registry Entry [minecraft:item / fossil:bone_ribcage_liopleurodon] was not realized!
[05Jan2026 06:14:44.353] [main/WARN] [dev.architectury.registry.registries.forge.RegistrarManagerImpl/]: Registry entry listened Registry Entry [minecraft:item / fossil:bone_foot_pachycephalosaurus] was not realized!
[05Jan2026 06:14:44.353] [main/WARN] [dev.architectury.registry.registries.forge.RegistrarManagerImpl/]: Registry entry listened Registry Entry [minecraft:item / fossil:bone_foot_psittacosaurus] was not realized!
[05Jan2026 06:14:44.353] [main/WARN] [dev.architectury.registry.registries.forge.RegistrarManagerImpl/]: Registry entry listened Registry Entry [minecraft:item / fossil:spawn_egg_elasmotherium] was not realized!
[05Jan2026 06:14:44.353] [main/WARN] [dev.architectury.registry.registries.forge.RegistrarManagerImpl/]: Registry entry listened Registry Entry [minecraft:item / fossil:bone_leg_ornitholestes] was not realized!
[05Jan2026 06:14:44.353] [main/WARN] [dev.architectury.registry.registries.forge.RegistrarManagerImpl/]: Registry entry listened Registry Entry [minecraft:item / fossil:bone_arm_quetzalcoatlus] was not realized!
[05Jan2026 06:14:44.353] [main/WARN] [dev.architectury.registry.registries.forge.RegistrarManagerImpl/]: Registry entry listened Registry Entry [minecraft:item / fossil:horse_dna] was not realized!
[05Jan2026 06:14:44.353] [main/WARN] [dev.architectury.registry.registries.forge.RegistrarManagerImpl/]: Registry entry listened Registry Entry [minecraft:item / fossil:arthropleura_dna] was not realized!
[05Jan2026 06:14:44.354] [main/WARN] [dev.architectury.registry.registries.forge.RegistrarManagerImpl/]: Registry entry listened Registry Entry [minecraft:item / fossil:egg_item_arthropleura] was not realized!
[05Jan2026 06:14:44.354] [main/WARN] [dev.architectury.registry.registries.forge.RegistrarManagerImpl/]: Registry entry listened Registry Entry [minecraft:item / fossil:chicken_dna] was not realized!
[05Jan2026 06:14:44.354] [main/WARN] [dev.architectury.registry.registries.forge.RegistrarManagerImpl/]: Registry entry listened Registry Entry [minecraft:item / fossil:bone_arm_spinosaurus] was not realized!
[05Jan2026 06:14:44.354] [main/WARN] [dev.architectury.registry.registries.forge.RegistrarManagerImpl/]: Registry entry listened Registry Entry [minecraft:item / fossil:bone_skull_stegosaurus] was not realized!
[05Jan2026 06:14:44.354] [main/WARN] [dev.architectury.registry.registries.forge.RegistrarManagerImpl/]: Registry entry listened Registry Entry [minecraft:item / fossil:postosuchus_dna] was not realized!
[05Jan2026 06:14:44.354] [main/WARN] [dev.architectury.registry.registries.forge.RegistrarManagerImpl/]: Registry entry listened Registry Entry [minecraft:item / fossil:bone_skull_quagga] was not realized!
[05Jan2026 06:14:44.354] [main/WARN] [dev.architectury.registry.registries.forge.RegistrarManagerImpl/]: Registry entry listened Registry Entry [minecraft:item / fossil:bone_arm_diplodocus] was not realized!
[05Jan2026 06:14:44.354] [main/WARN] [dev.architectury.registry.registries.forge.RegistrarManagerImpl/]: Registry entry listened Registry Entry [minecraft:item / fossil:phorusrhacos_dna] was not realized!
[05Jan2026 06:14:44.355] [main/WARN] [dev.architectury.registry.registries.forge.RegistrarManagerImpl/]: Registry entry listened Registry Entry [minecraft:item / fossil:bone_skull_ornitholestes] was not realized!
[05Jan2026 06:14:44.355] [main/WARN] [dev.architectury.registry.registries.forge.RegistrarManagerImpl/]: Registry entry listened Registry Entry [minecraft:item / fossil:bone_tail_confuciusornis] was not realized!
[05Jan2026 06:14:44.355] [main/WARN] [dev.architectury.registry.registries.forge.RegistrarManagerImpl/]: Registry entry listened Registry Entry [minecraft:item / fossil:spawn_egg_titanis] was not realized!
[05Jan2026 06:14:44.355] [main/WARN] [dev.architectury.registry.registries.forge.RegistrarManagerImpl/]: Registry entry listened Registry Entry [minecraft:item / fossil:syringe_cow] was not realized!
[05Jan2026 06:14:44.355] [main/WARN] [dev.architectury.registry.registries.forge.RegistrarManagerImpl/]: Registry entry listened Registry Entry [minecraft:item / fossil:bone_skull_brachiosaurus] was not realized!
[05Jan2026 06:14:44.355] [main/WARN] [dev.architectury.registry.registries.forge.RegistrarManagerImpl/]: Registry entry listened Registry Entry [minecraft:item / fossil:syringe_pig] was not realized!
[05Jan2026 06:14:44.356] [main/WARN] [dev.architectury.registry.registries.forge.RegistrarManagerImpl/]: Registry entry listened Registry Entry [minecraft:item / fossil:egg_item_diplodocus] was not realized!
[05Jan2026 06:14:44.356] [main/WARN] [dev.architectury.registry.registries.forge.RegistrarManagerImpl/]: Registry entry listened Registry Entry [minecraft:item / fossil:meat_deinonychus] was not realized!
[05Jan2026 06:14:44.356] [main/WARN] [dev.architectury.registry.registries.forge.RegistrarManagerImpl/]: Registry entry listened Registry Entry [minecraft:item / fossil:bucket_item_lonchodomas] was not realized!
[05Jan2026 06:14:44.356] [main/WARN] [dev.architectury.registry.registries.forge.RegistrarManagerImpl/]: Registry entry listened Registry Entry [minecraft:item / fossil:bone_skull_dimetrodon] was not realized!
[05Jan2026 06:14:44.357] [main/WARN] [dev.architectury.registry.registries.forge.RegistrarManagerImpl/]: Registry entry listened Registry Entry [minecraft:item / fossil:bone_vertebrae_diplocaulus] was not realized!
[05Jan2026 06:14:44.357] [main/WARN] [dev.architectury.registry.registries.forge.RegistrarManagerImpl/]: Registry entry listened Registry Entry [minecraft:item / fossil:bone_foot_triceratops] was not realized!
[05Jan2026 06:14:44.357] [main/WARN] [dev.architectury.registry.registries.forge.RegistrarManagerImpl/]: Registry entry listened Registry Entry [minecraft:item / fossil:bone_leg_liopleurodon] was not realized!
[05Jan2026 06:14:44.358] [main/WARN] [dev.architectury.registry.registries.forge.RegistrarManagerImpl/]: Registry entry listened Registry Entry [minecraft:item / fossil:spawn_egg_kelenken] was not realized!
[05Jan2026 06:14:44.358] [main/WARN] [dev.architectury.registry.registries.forge.RegistrarManagerImpl/]: Registry entry listened Registry Entry [minecraft:item / fossil:bone_vertebrae_ceratosaurus] was not realized!
[05Jan2026 06:14:44.358] [main/WARN] [dev.architectury.registry.registries.forge.RegistrarManagerImpl/]: Registry entry listened Registry Entry [minecraft:item / fossil:egg_item_citipati] was not realized!
[05Jan2026 06:14:44.358] [main/WARN] [dev.architectury.registry.registries.forge.RegistrarManagerImpl/]: Registry entry listened Registry Entry [minecraft:item / fossil:bone_arm_brachiosaurus] was not realized!
[05Jan2026 06:14:44.358] [main/WARN] [dev.architectury.registry.registries.forge.RegistrarManagerImpl/]: Registry entry listened Registry Entry [minecraft:item / fossil:bone_foot_crassigyrinus] was not realized!
[05Jan2026 06:14:44.358] [main/WARN] [dev.architectury.registry.registries.forge.RegistrarManagerImpl/]: Registry entry listened Registry Entry [minecraft:item / fossil:henodus_dna] was not realized!
[05Jan2026 06:14:44.359] [main/WARN] [dev.architectury.registry.registries.forge.RegistrarManagerImpl/]: Registry entry listened Registry Entry [minecraft:item / fossil:meat_dicranurus] was not realized!
[05Jan2026 06:14:44.359] [main/WARN] [dev.architectury.registry.registries.forge.RegistrarManagerImpl/]: Registry entry listened Registry Entry [minecraft:item / fossil:egg_item_chicken] was not realized!
[05Jan2026 06:14:44.359] [main/WARN] [dev.architectury.registry.registries.forge.RegistrarManagerImpl/]: Registry entry listened Registry Entry [minecraft:item / fossil:spawn_egg_walliserops] was not realized!
[05Jan2026 06:14:44.359] [main/WARN] [dev.architectury.registry.registries.forge.RegistrarManagerImpl/]: Registry entry listened Registry Entry [minecraft:item / fossil:cooked_stegosaurus] was not realized!
[05Jan2026 06:14:44.359] [main/WARN] [dev.architectury.registry.registries.forge.RegistrarManagerImpl/]: Registry entry listened Registry Entry [minecraft:item / fossil:bone_unique_dimetrodon] was not realized!
[05Jan2026 06:14:44.359] [main/WARN] [dev.architectury.registry.registries.forge.RegistrarManagerImpl/]: Registry entry listened Registry Entry [minecraft:item / fossil:bone_ribcage_diplodocus] was not realized!
[05Jan2026 06:14:44.360] [main/WARN] [dev.architectury.registry.registries.forge.RegistrarManagerImpl/]: Registry entry listened Registry Entry [minecraft:item / fossil:bone_foot_dimorphodon] was not realized!
[05Jan2026 06:14:44.360] [main/WARN] [dev.architectury.registry.registries.forge.RegistrarManagerImpl/]: Registry entry listened Registry Entry [minecraft:item / fossil:spawn_egg_confuciusornis] was not realized!
[05Jan2026 06:14:44.360] [main/WARN] [dev.architectury.registry.registries.forge.RegistrarManagerImpl/]: Registry entry listened Registry Entry [minecraft:item / fossil:meat_mammoth] was not realized!
[05Jan2026 06:14:44.360] [main/WARN] [dev.architectury.registry.registries.forge.RegistrarManagerImpl/]: Registry entry listened Registry Entry [minecraft:item / fossil:bone_unique_ceratosaurus] was not realized!
[05Jan2026 06:14:44.360] [main/WARN] [dev.architectury.registry.registries.forge.RegistrarManagerImpl/]: Registry entry listened Registry Entry [minecraft:item / fossil:bone_ribcage_dilophosaurus] was not realized!
[05Jan2026 06:14:44.361] [main/WARN] [dev.architectury.registry.registries.forge.RegistrarManagerImpl/]: Registry entry listened Registry Entry [minecraft:item / fossil:egg_item_stegosaurus] was not realized!
[05Jan2026 06:14:44.361] [main/WARN] [dev.architectury.registry.registries.forge.RegistrarManagerImpl/]: Registry entry listened Registry Entry [minecraft:item / fossil:polar_bear_dna] was not realized!
[05Jan2026 06:14:44.361] [main/WARN] [dev.architectury.registry.registries.forge.RegistrarManagerImpl/]: Registry entry listened Registry Entry [minecraft:item / fossil:cooked_parasaurolophus] was not realized!
[05Jan2026 06:14:44.361] [main/WARN] [dev.architectury.registry.registries.forge.RegistrarManagerImpl/]: Registry entry listened Registry Entry [minecraft:item / fossil:syringe_mammoth] was not realized!
[05Jan2026 06:14:44.361] [main/WARN] [dev.architectury.registry.registries.forge.RegistrarManagerImpl/]: Registry entry listened Registry Entry [minecraft:item / fossil:egg_item_plesiosaurus] was not realized!
[05Jan2026 06:14:44.362] [main/WARN] [dev.architectury.registry.registries.forge.RegistrarManagerImpl/]: Registry entry listened Registry Entry [minecraft:item / fossil:bone_tail_triceratops] was not realized!
[05Jan2026 06:14:44.362] [main/WARN] [dev.architectury.registry.registries.forge.RegistrarManagerImpl/]: Registry entry listened Registry Entry [minecraft:item / fossil:syringe_polar_bear] was not realized!
[05Jan2026 06:14:44.362] [main/WARN] [dev.architectury.registry.registries.forge.RegistrarManagerImpl/]: Registry entry listened Registry Entry [minecraft:item / fossil:bone_foot_titanis] was not realized!
[05Jan2026 06:14:44.362] [main/WARN] [dev.architectury.registry.registries.forge.RegistrarManagerImpl/]: Registry entry listened Registry Entry [minecraft:item / fossil:smilodon_dna] was not realized!
[05Jan2026 06:14:44.362] [main/WARN] [dev.architectury.registry.registries.forge.RegistrarManagerImpl/]: Registry entry listened Registry Entry [minecraft:item / fossil:meat_tyrannosaurus] was not realized!
[05Jan2026 06:14:44.363] [main/WARN] [dev.architectury.registry.registries.forge.RegistrarManagerImpl/]: Registry entry listened Registry Entry [minecraft:item / fossil:bone_ribcage_citipati] was not realized!
[05Jan2026 06:14:44.363] [main/WARN] [dev.architectury.registry.registries.forge.RegistrarManagerImpl/]: Registry entry listened Registry Entry [minecraft:item / fossil:bone_tail_ornitholestes] was not realized!
[05Jan2026 06:14:44.363] [main/WARN] [dev.architectury.registry.registries.forge.RegistrarManagerImpl/]: Registry entry listened Registry Entry [minecraft:item / fossil:bucket_item_crassigyrinus] was not realized!
[05Jan2026 06:14:44.363] [main/WARN] [dev.architectury.registry.registries.forge.RegistrarManagerImpl/]: Registry entry listened Registry Entry [minecraft:item / fossil:bone_tail_edaphosaurus] was not realized!
[05Jan2026 06:14:44.363] [main/WARN] [dev.architectury.registry.registries.forge.RegistrarManagerImpl/]: Registry entry listened Registry Entry [minecraft:item / fossil:bone_unique_dilophosaurus] was not realized!
[05Jan2026 06:14:44.364] [main/WARN] [dev.architectury.registry.registries.forge.RegistrarManagerImpl/]: Registry entry listened Registry Entry [minecraft:item / fossil:meat_gallimimus] was not realized!
[05Jan2026 06:14:44.364] [main/WARN] [dev.architectury.registry.registries.forge.RegistrarManagerImpl/]: Registry entry listened Registry Entry [minecraft:item / fossil:bone_tail_psittacosaurus] was not realized!
[05Jan2026 06:14:44.364] [main/WARN] [dev.architectury.registry.registries.forge.RegistrarManagerImpl/]: Registry entry listened Registry Entry [minecraft:item / fossil:egg_item_scotoharpes] was not realized!
[05Jan2026 06:14:44.364] [main/WARN] [dev.architectury.registry.registries.forge.RegistrarManagerImpl/]: Registry entry listened Registry Entry [minecraft:item / fossil:rabbit_dna] was not realized!
[05Jan2026 06:14:44.364] [main/WARN] [dev.architectury.registry.registries.forge.RegistrarManagerImpl/]: Registry entry listened Registry Entry [minecraft:item / fossil:bone_tail_citipati] was not realized!
[05Jan2026 06:14:44.364] [main/WARN] [dev.architectury.registry.registries.forge.RegistrarManagerImpl/]: Registry entry listened Registry Entry [minecraft:item / fossil:egg_item_dryosaurus] was not realized!
[05Jan2026 06:14:44.365] [main/WARN] [dev.architectury.registry.registries.forge.RegistrarManagerImpl/]: Registry entry listened Registry Entry [minecraft:item / fossil:bone_unique_spinosaurus] was not realized!
[05Jan2026 06:14:44.365] [main/WARN] [dev.architectury.registry.registries.forge.RegistrarManagerImpl/]: Registry entry listened Registry Entry [minecraft:item / fossil:egg_item_axolotl] was not realized!
[05Jan2026 06:14:44.365] [main/WARN] [dev.architectury.registry.registries.forge.RegistrarManagerImpl/]: Registry entry listened Registry Entry [minecraft:item / fossil:ocelot_dna] was not realized!
[05Jan2026 06:14:44.365] [main/WARN] [dev.architectury.registry.registries.forge.RegistrarManagerImpl/]: Registry entry listened Registry Entry [minecraft:item / fossil:pufferfish_dna] was not realized!
[05Jan2026 06:14:44.365] [main/WARN] [dev.architectury.registry.registries.forge.RegistrarManagerImpl/]: Registry entry listened Registry Entry [minecraft:item / fossil:bone_vertebrae_ichthyosaurus] was not realized!
[05Jan2026 06:14:44.365] [main/WARN] [dev.architectury.registry.registries.forge.RegistrarManagerImpl/]: Registry entry listened Registry Entry [minecraft:item / fossil:titanis_dna] was not realized!
[05Jan2026 06:14:44.366] [main/WARN] [dev.architectury.registry.registries.forge.RegistrarManagerImpl/]: Registry entry listened Registry Entry [minecraft:item / fossil:bone_tail_diplocaulus] was not realized!
[05Jan2026 06:14:44.366] [main/WARN] [dev.architectury.registry.registries.forge.RegistrarManagerImpl/]: Registry entry listened Registry Entry [minecraft:item / fossil:pteranodon_dna] was not realized!
[05Jan2026 06:14:44.366] [main/WARN] [dev.architectury.registry.registries.forge.RegistrarManagerImpl/]: Registry entry listened Registry Entry [minecraft:item / fossil:bone_tail_ichthyosaurus] was not realized!
[05Jan2026 06:14:44.366] [main/WARN] [dev.architectury.registry.registries.forge.RegistrarManagerImpl/]: Registry entry listened Registry Entry [minecraft:item / fossil:syringe_smilodon] was not realized!
[05Jan2026 06:14:44.367] [main/WARN] [dev.architectury.registry.registries.forge.RegistrarManagerImpl/]: Registry entry listened Registry Entry [minecraft:item / fossil:spawn_egg_stegosaurus] was not realized!
[05Jan2026 06:14:44.367] [main/WARN] [dev.architectury.registry.registries.forge.RegistrarManagerImpl/]: Registry entry listened Registry Entry [minecraft:item / fossil:cod_dna] was not realized!
[05Jan2026 06:14:44.367] [main/WARN] [dev.architectury.registry.registries.forge.RegistrarManagerImpl/]: Registry entry listened Registry Entry [minecraft:item / fossil:bone_foot_ichthyosaurus] was not realized!
[05Jan2026 06:14:44.367] [main/WARN] [dev.architectury.registry.registries.forge.RegistrarManagerImpl/]: Registry entry listened Registry Entry [minecraft:item / fossil:bone_vertebrae_postosuchus] was not realized!
[05Jan2026 06:14:44.367] [main/WARN] [dev.architectury.registry.registries.forge.RegistrarManagerImpl/]: Registry entry listened Registry Entry [minecraft:item / fossil:bone_tail_quetzalcoatlus] was not realized!
[05Jan2026 06:14:44.368] [main/WARN] [dev.architectury.registry.registries.forge.RegistrarManagerImpl/]: Registry entry listened Registry Entry [minecraft:item / fossil:bone_ribcage_spinosaurus] was not realized!
[05Jan2026 06:14:44.368] [main/WARN] [dev.architectury.registry.registries.forge.RegistrarManagerImpl/]: Registry entry listened Registry Entry [minecraft:item / fossil:cooked_deinonychus] was not realized!
[05Jan2026 06:14:44.368] [main/WARN] [dev.architectury.registry.registries.forge.RegistrarManagerImpl/]: Registry entry listened Registry Entry [minecraft:item / fossil:bat_dna] was not realized!
[05Jan2026 06:14:44.368] [main/WARN] [dev.architectury.registry.registries.forge.RegistrarManagerImpl/]: Registry entry listened Registry Entry [minecraft:item / fossil:fox_dna] was not realized!
[05Jan2026 06:14:44.368] [main/WARN] [dev.architectury.registry.registries.forge.RegistrarManagerImpl/]: Registry entry listened Registry Entry [minecraft:item / fossil:spawn_egg_protoceratops] was not realized!
[05Jan2026 06:14:44.368] [main/WARN] [dev.architectury.registry.registries.forge.RegistrarManagerImpl/]: Registry entry listened Registry Entry [minecraft:item / fossil:meat_stegosaurus] was not realized!
[05Jan2026 06:14:44.369] [main/WARN] [dev.architectury.registry.registries.forge.RegistrarManagerImpl/]: Registry entry listened Registry Entry [minecraft:item / fossil:bone_vertebrae_therizinosaurus] was not realized!
[05Jan2026 06:14:44.369] [main/WARN] [dev.architectury.registry.registries.forge.RegistrarManagerImpl/]: Registry entry listened Registry Entry [minecraft:item / fossil:egg_item_deinonychus] was not realized!
[05Jan2026 06:14:44.369] [main/WARN] [dev.architectury.registry.registries.forge.RegistrarManagerImpl/]: Registry entry listened Registry Entry [minecraft:item / fossil:bone_leg_velociraptor] was not realized!
[05Jan2026 06:14:44.369] [main/WARN] [dev.architectury.registry.registries.forge.RegistrarManagerImpl/]: Registry entry listened Registry Entry [minecraft:item / fossil:spawn_egg_quagga] was not realized!
[05Jan2026 06:14:44.369] [main/WARN] [dev.architectury.registry.registries.forge.RegistrarManagerImpl/]: Registry entry listened Registry Entry [minecraft:item / fossil:egg_item_allosaurus] was not realized!
[05Jan2026 06:14:44.369] [main/WARN] [dev.architectury.registry.registries.forge.RegistrarManagerImpl/]: Registry entry listened Registry Entry [minecraft:item / fossil:egg_item_coelacanth] was not realized!
[05Jan2026 06:14:44.370] [main/WARN] [dev.architectury.registry.registries.forge.RegistrarManagerImpl/]: Registry entry listened Registry Entry [minecraft:item / fossil:bone_foot_plesiosaurus] was not realized!
[05Jan2026 06:14:44.370] [main/WARN] [dev.architectury.registry.registries.forge.RegistrarManagerImpl/]: Registry entry listened Registry Entry [minecraft:item / fossil:cooked_henodus] was not realized!
[05Jan2026 06:14:44.370] [main/WARN] [dev.architectury.registry.registries.forge.RegistrarManagerImpl/]: Registry entry listened Registry Entry [minecraft:item / fossil:bone_ribcage_diplocaulus] was not realized!
[05Jan2026 06:14:44.370] [main/WARN] [dev.architectury.registry.registries.forge.RegistrarManagerImpl/]: Registry entry listened Registry Entry [minecraft:item / fossil:bone_arm_allosaurus] was not realized!
[05Jan2026 06:14:44.370] [main/WARN] [dev.architectury.registry.registries.forge.RegistrarManagerImpl/]: Registry entry listened Registry Entry [minecraft:item / fossil:bone_unique_elasmotherium] was not realized!
[05Jan2026 06:14:44.371] [main/WARN] [dev.architectury.registry.registries.forge.RegistrarManagerImpl/]: Registry entry listened Registry Entry [minecraft:item / fossil:bone_foot_phorusrhacos] was not realized!
[05Jan2026 06:14:44.371] [main/WARN] [dev.architectury.registry.registries.forge.RegistrarManagerImpl/]: Registry entry listened Registry Entry [minecraft:item / fossil:syringe_hoglin] was not realized!
[05Jan2026 06:14:44.371] [main/WARN] [dev.architectury.registry.registries.forge.RegistrarManagerImpl/]: Registry entry listened Registry Entry [minecraft:item / fossil:spawn_egg_postosuchus] was not realized!
[05Jan2026 06:14:44.371] [main/WARN] [dev.architectury.registry.registries.forge.RegistrarManagerImpl/]: Registry entry listened Registry Entry [minecraft:item / fossil:meat_quagga] was not realized!
[05Jan2026 06:14:44.371] [main/WARN] [dev.architectury.registry.registries.forge.RegistrarManagerImpl/]: Registry entry listened Registry Entry [minecraft:item / fossil:bone_vertebrae_sarcosuchus] was not realized!
[05Jan2026 06:14:44.372] [main/WARN] [dev.architectury.registry.registries.forge.RegistrarManagerImpl/]: Registry entry listened Registry Entry [minecraft:item / fossil:bone_tail_liopleurodon] was not realized!
[05Jan2026 06:14:44.372] [main/WARN] [dev.architectury.registry.registries.forge.RegistrarManagerImpl/]: Registry entry listened Registry Entry [minecraft:item / fossil:meat_lonchodomas] was not realized!
[05Jan2026 06:14:44.372] [main/WARN] [dev.architectury.registry.registries.forge.RegistrarManagerImpl/]: Registry entry listened Registry Entry [minecraft:item / fossil:bone_foot_therizinosaurus] was not realized!
[05Jan2026 06:14:44.372] [main/WARN] [dev.architectury.registry.registries.forge.RegistrarManagerImpl/]: Registry entry listened Registry Entry [minecraft:item / fossil:llama_dna] was not realized!
[05Jan2026 06:14:44.372] [main/WARN] [dev.architectury.registry.registries.forge.RegistrarManagerImpl/]: Registry entry listened Registry Entry [minecraft:item / fossil:bone_leg_citipati] was not realized!
[05Jan2026 06:14:44.372] [main/WARN] [dev.architectury.registry.registries.forge.RegistrarManagerImpl/]: Registry entry listened Registry Entry [minecraft:item / fossil:spawn_egg_diplodocus] was not realized!
[05Jan2026 06:14:44.373] [main/WARN] [dev.architectury.registry.registries.forge.RegistrarManagerImpl/]: Registry entry listened Registry Entry [minecraft:item / fossil:bone_unique_ornitholestes] was not realized!
[05Jan2026 06:14:44.373] [main/WARN] [dev.architectury.registry.registries.forge.RegistrarManagerImpl/]: Registry entry listened Registry Entry [minecraft:item / fossil:bone_skull_ankylosaurus] was not realized!
[05Jan2026 06:14:44.373] [main/WARN] [dev.architectury.registry.registries.forge.RegistrarManagerImpl/]: Registry entry listened Registry Entry [minecraft:item / fossil:bone_tail_gastornis] was not realized!
[05Jan2026 06:14:44.373] [main/WARN] [dev.architectury.registry.registries.forge.RegistrarManagerImpl/]: Registry entry listened Registry Entry [minecraft:item / fossil:cooked_diplodocus] was not realized!
[05Jan2026 06:14:44.373] [main/WARN] [dev.architectury.registry.registries.forge.RegistrarManagerImpl/]: Registry entry listened Registry Entry [minecraft:item / fossil:syringe_cat] was not realized!
[05Jan2026 06:14:44.373] [main/WARN] [dev.architectury.registry.registries.forge.RegistrarManagerImpl/]: Registry entry listened Registry Entry [minecraft:item / fossil:bone_foot_parasaurolophus] was not realized!
[05Jan2026 06:14:44.374] [main/WARN] [dev.architectury.registry.registries.forge.RegistrarManagerImpl/]: Registry entry listened Registry Entry [minecraft:item / fossil:bone_tail_pteranodon] was not realized!
[05Jan2026 06:14:44.374] [main/WARN] [dev.architectury.registry.registries.forge.RegistrarManagerImpl/]: Registry entry listened Registry Entry [minecraft:item / fossil:spawn_egg_dimetrodon] was not realized!
[05Jan2026 06:14:44.374] [main/WARN] [dev.architectury.registry.registries.forge.RegistrarManagerImpl/]: Registry entry listened Registry Entry [minecraft:item / fossil:compsognathus_dna] was not realized!
[05Jan2026 06:14:44.374] [main/WARN] [dev.architectury.registry.registries.forge.RegistrarManagerImpl/]: Registry entry listened Registry Entry [minecraft:item / fossil:bone_arm_tiktaalik] was not realized!
[05Jan2026 06:14:44.374] [main/WARN] [dev.architectury.registry.registries.forge.RegistrarManagerImpl/]: Registry entry listened Registry Entry [minecraft:item / fossil:bone_arm_quagga] was not realized!
[05Jan2026 06:14:44.375] [main/WARN] [dev.architectury.registry.registries.forge.RegistrarManagerImpl/]: Registry entry listened Registry Entry [minecraft:item / fossil:bone_leg_platybelodon] was not realized!
[05Jan2026 06:14:44.375] [main/WARN] [dev.architectury.registry.registries.forge.RegistrarManagerImpl/]: Registry entry listened Registry Entry [minecraft:item / fossil:plesiosaurus_dna] was not realized!
[05Jan2026 06:14:44.375] [main/WARN] [dev.architectury.registry.registries.forge.RegistrarManagerImpl/]: Registry entry listened Registry Entry [minecraft:item / fossil:tyrannosaurus_dna] was not realized!
[05Jan2026 06:14:44.375] [main/WARN] [dev.architectury.registry.registries.forge.RegistrarManagerImpl/]: Registry entry listened Registry Entry [minecraft:item / fossil:bone_foot_sarcosuchus] was not realized!
[05Jan2026 06:14:44.375] [main/WARN] [dev.architectury.registry.registries.forge.RegistrarManagerImpl/]: Registry entry listened Registry Entry [minecraft:item / fossil:meat_coelacanth] was not realized!
[05Jan2026 06:14:44.375] [main/WARN] [dev.architectury.registry.registries.forge.RegistrarManagerImpl/]: Registry entry listened Registry Entry [minecraft:item / fossil:egg_item_titanis] was not realized!
[05Jan2026 06:14:44.375] [main/WARN] [dev.architectury.registry.registries.forge.RegistrarManagerImpl/]: Registry entry listened Registry Entry [minecraft:item / fossil:bone_foot_quagga] was not realized!
[05Jan2026 06:14:44.375] [main/WARN] [dev.architectury.registry.registries.forge.RegistrarManagerImpl/]: Registry entry listened Registry Entry [minecraft:item / fossil:megalograptus_dna] was not realized!
[05Jan2026 06:14:44.375] [main/WARN] [dev.architectury.registry.registries.forge.RegistrarManagerImpl/]: Registry entry listened Registry Entry [minecraft:item / fossil:bone_leg_mosasaurus] was not realized!
[05Jan2026 06:14:44.375] [main/WARN] [dev.architectury.registry.registries.forge.RegistrarManagerImpl/]: Registry entry listened Registry Entry [minecraft:item / fossil:megalodon_dna] was not realized!
[05Jan2026 06:14:44.375] [main/WARN] [dev.architectury.registry.registries.forge.RegistrarManagerImpl/]: Registry entry listened Registry Entry [minecraft:item / fossil:bone_tail_crassigyrinus] was not realized!
[05Jan2026 06:14:44.376] [main/WARN] [dev.architectury.registry.registries.forge.RegistrarManagerImpl/]: Registry entry listened Registry Entry [minecraft:item / fossil:bone_leg_dimorphodon] was not realized!
[05Jan2026 06:14:44.376] [main/WARN] [dev.architectury.registry.registries.forge.RegistrarManagerImpl/]: Registry entry listened Registry Entry [minecraft:item / fossil:bone_leg_dodo] was not realized!
[05Jan2026 06:14:44.376] [main/WARN] [dev.architectury.registry.registries.forge.RegistrarManagerImpl/]: Registry entry listened Registry Entry [minecraft:item / fossil:meat_dimetrodon] was not realized!
[05Jan2026 06:14:44.376] [main/WARN] [dev.architectury.registry.registries.forge.RegistrarManagerImpl/]: Registry entry listened Registry Entry [minecraft:item / fossil:bone_foot_ceratosaurus] was not realized!
[05Jan2026 06:14:44.376] [main/WARN] [dev.architectury.registry.registries.forge.RegistrarManagerImpl/]: Registry entry listened Registry Entry [minecraft:item / fossil:bone_vertebrae_henodus] was not realized!
[05Jan2026 06:14:44.376] [main/WARN] [dev.architectury.registry.registries.forge.RegistrarManagerImpl/]: Registry entry listened Registry Entry [minecraft:item / fossil:bone_tail_megaloceros] was not realized!
[05Jan2026 06:14:44.376] [main/WARN] [dev.architectury.registry.registries.forge.RegistrarManagerImpl/]: Registry entry listened Registry Entry [minecraft:item / fossil:donkey_dna] was not realized!
[05Jan2026 06:14:44.376] [main/WARN] [dev.architectury.registry.registries.forge.RegistrarManagerImpl/]: Registry entry listened Registry Entry [minecraft:item / fossil:bone_unique_parasaurolophus] was not realized!
[05Jan2026 06:14:44.376] [main/WARN] [dev.architectury.registry.registries.forge.RegistrarManagerImpl/]: Registry entry listened Registry Entry [minecraft:item / fossil:bone_foot_tiktaalik] was not realized!
[05Jan2026 06:14:44.376] [main/WARN] [dev.architectury.registry.registries.forge.RegistrarManagerImpl/]: Registry entry listened Registry Entry [minecraft:item / fossil:stegosaurus_dna] was not realized!
[05Jan2026 06:14:44.377] [main/WARN] [dev.architectury.registry.registries.forge.RegistrarManagerImpl/]: Registry entry listened Registry Entry [minecraft:item / fossil:bone_arm_parasaurolophus] was not realized!
[05Jan2026 06:14:44.377] [main/WARN] [dev.architectury.registry.registries.forge.RegistrarManagerImpl/]: Registry entry listened Registry Entry [minecraft:item / fossil:spawn_egg_allosaurus] was not realized!
[05Jan2026 06:14:44.377] [main/WARN] [dev.architectury.registry.registries.forge.RegistrarManagerImpl/]: Registry entry listened Registry Entry [minecraft:item / fossil:crassigyrinus_dna] was not realized!
[05Jan2026 06:14:44.377] [main/WARN] [dev.architectury.registry.registries.forge.RegistrarManagerImpl/]: Registry entry listened Registry Entry [minecraft:item / fossil:bone_unique_compsognathus] was not realized!
[05Jan2026 06:14:44.377] [main/WARN] [dev.architectury.registry.registries.forge.RegistrarManagerImpl/]: Registry entry listened Registry Entry [minecraft:item / fossil:edaphosaurus_dna] was not realized!
[05Jan2026 06:14:44.377] [main/WARN] [dev.architectury.registry.registries.forge.RegistrarManagerImpl/]: Registry entry listened Registry Entry [minecraft:item / fossil:meat_protoceratops] was not realized!
[05Jan2026 06:14:44.378] [main/WARN] [dev.architectury.registry.registries.forge.RegistrarManagerImpl/]: Registry entry listened Registry Entry [minecraft:item / fossil:spawn_egg_megalodon] was not realized!
[05Jan2026 06:14:44.378] [main/WARN] [dev.architectury.registry.registries.forge.RegistrarManagerImpl/]: Registry entry listened Registry Entry [minecraft:item / fossil:bone_tail_ceratosaurus] was not realized!
[05Jan2026 06:14:44.378] [main/WARN] [dev.architectury.registry.registries.forge.RegistrarManagerImpl/]: Registry entry listened Registry Entry [minecraft:item / fossil:meat_dryosaurus] was not realized!
[05Jan2026 06:14:44.378] [main/WARN] [dev.architectury.registry.registries.forge.RegistrarManagerImpl/]: Registry entry listened Registry Entry [minecraft:item / fossil:bone_ribcage_velociraptor] was not realized!
[05Jan2026 06:14:44.378] [main/WARN] [dev.architectury.registry.registries.forge.RegistrarManagerImpl/]: Registry entry listened Registry Entry [minecraft:item / fossil:bone_leg_spinosaurus] was not realized!
[05Jan2026 06:14:44.378] [main/WARN] [dev.architectury.registry.registries.forge.RegistrarManagerImpl/]: Registry entry listened Registry Entry [minecraft:item / fossil:cooked_tyrannosaurus] was not realized!
[05Jan2026 06:14:44.378] [main/WARN] [dev.architectury.registry.registries.forge.RegistrarManagerImpl/]: Registry entry listened Registry Entry [minecraft:item / fossil:egg_kelenken] was not realized!
[05Jan2026 06:14:44.378] [main/WARN] [dev.architectury.registry.registries.forge.RegistrarManagerImpl/]: Registry entry listened Registry Entry [minecraft:item / fossil:meat_parasaurolophus] was not realized!
[05Jan2026 06:14:44.379] [main/WARN] [dev.architectury.registry.registries.forge.RegistrarManagerImpl/]: Registry entry listened Registry Entry [minecraft:item / fossil:spawn_egg_velociraptor] was not realized!
[05Jan2026 06:14:44.379] [main/WARN] [dev.architectury.registry.registries.forge.RegistrarManagerImpl/]: Registry entry listened Registry Entry [minecraft:item / fossil:bone_leg_dilophosaurus] was not realized!
[05Jan2026 06:14:44.379] [main/WARN] [dev.architectury.registry.registries.forge.RegistrarManagerImpl/]: Registry entry listened Registry Entry [minecraft:item / fossil:mooshroom_dna] was not realized!
[05Jan2026 06:14:44.379] [main/WARN] [dev.architectury.registry.registries.forge.RegistrarManagerImpl/]: Registry entry listened Registry Entry [minecraft:item / fossil:bone_skull_dilophosaurus] was not realized!
[05Jan2026 06:14:44.379] [main/WARN] [dev.architectury.registry.registries.forge.RegistrarManagerImpl/]: Registry entry listened Registry Entry [minecraft:item / fossil:bone_ribcage_megaloceros] was not realized!
[05Jan2026 06:14:44.379] [main/WARN] [dev.architectury.registry.registries.forge.RegistrarManagerImpl/]: Registry entry listened Registry Entry [minecraft:item / fossil:bone_arm_pachycephalosaurus] was not realized!
[05Jan2026 06:14:44.379] [main/WARN] [dev.architectury.registry.registries.forge.RegistrarManagerImpl/]: Registry entry listened Registry Entry [minecraft:item / fossil:bone_unique_henodus] was not realized!
[05Jan2026 06:14:44.379] [main/WARN] [dev.architectury.registry.registries.forge.RegistrarManagerImpl/]: Registry entry listened Registry Entry [minecraft:item / fossil:bone_ribcage_brachiosaurus] was not realized!
[05Jan2026 06:14:44.380] [main/WARN] [dev.architectury.registry.registries.forge.RegistrarManagerImpl/]: Registry entry listened Registry Entry [minecraft:item / fossil:spawn_egg_gallimimus] was not realized!
[05Jan2026 06:14:44.380] [main/WARN] [dev.architectury.registry.registries.forge.RegistrarManagerImpl/]: Registry entry listened Registry Entry [minecraft:item / fossil:camel_dna] was not realized!
[05Jan2026 06:14:44.380] [main/WARN] [dev.architectury.registry.registries.forge.RegistrarManagerImpl/]: Registry entry listened Registry Entry [minecraft:item / fossil:spawn_egg_platybelodon] was not realized!
[05Jan2026 06:14:44.380] [main/WARN] [dev.architectury.registry.registries.forge.RegistrarManagerImpl/]: Registry entry listened Registry Entry [minecraft:item / fossil:bone_skull_postosuchus] was not realized!
[05Jan2026 06:14:44.380] [main/WARN] [dev.architectury.registry.registries.forge.RegistrarManagerImpl/]: Registry entry listened Registry Entry [minecraft:item / fossil:bone_foot_megalania] was not realized!
[05Jan2026 06:14:44.380] [main/WARN] [dev.architectury.registry.registries.forge.RegistrarManagerImpl/]: Registry entry listened Registry Entry [minecraft:item / fossil:bone_vertebrae_ankylosaurus] was not realized!
[05Jan2026 06:14:44.380] [main/WARN] [dev.architectury.registry.registries.forge.RegistrarManagerImpl/]: Registry entry listened Registry Entry [minecraft:item / fossil:bone_arm_gallimimus] was not realized!
[05Jan2026 06:14:44.380] [main/WARN] [dev.architectury.registry.registries.forge.RegistrarManagerImpl/]: Registry entry listened Registry Entry [minecraft:item / fossil:wolf_dna] was not realized!
[05Jan2026 06:14:44.380] [main/WARN] [dev.architectury.registry.registries.forge.RegistrarManagerImpl/]: Registry entry listened Registry Entry [minecraft:item / fossil:spawn_egg_dilophosaurus] was not realized!
[05Jan2026 06:14:44.380] [main/WARN] [dev.architectury.registry.registries.forge.RegistrarManagerImpl/]: Registry entry listened Registry Entry [minecraft:item / fossil:bone_arm_dilophosaurus] was not realized!
[05Jan2026 06:14:44.381] [main/WARN] [dev.architectury.registry.registries.forge.RegistrarManagerImpl/]: Registry entry listened Registry Entry [minecraft:item / fossil:bone_tail_compsognathus] was not realized!
[05Jan2026 06:14:44.381] [main/WARN] [dev.architectury.registry.registries.forge.RegistrarManagerImpl/]: Registry entry listened Registry Entry [minecraft:item / fossil:bone_unique_megalodon] was not realized!
[05Jan2026 06:14:44.381] [main/WARN] [dev.architectury.registry.registries.forge.RegistrarManagerImpl/]: Registry entry listened Registry Entry [minecraft:item / fossil:meat_megalodon] was not realized!
[05Jan2026 06:14:44.381] [main/WARN] [dev.architectury.registry.registries.forge.RegistrarManagerImpl/]: Registry entry listened Registry Entry [minecraft:item / fossil:bone_unique_liopleurodon] was not realized!
[05Jan2026 06:14:44.381] [main/WARN] [dev.architectury.registry.registries.forge.RegistrarManagerImpl/]: Registry entry listened Registry Entry [minecraft:item / fossil:bone_skull_mosasaurus] was not realized!
[05Jan2026 06:14:44.381] [main/WARN] [dev.architectury.registry.registries.forge.RegistrarManagerImpl/]: Registry entry listened Registry Entry [minecraft:item / fossil:bone_leg_pachyrhinosaurus] was not realized!
[05Jan2026 06:14:44.381] [main/WARN] [dev.architectury.registry.registries.forge.RegistrarManagerImpl/]: Registry entry listened Registry Entry [minecraft:item / fossil:bone_skull_elasmotherium] was not realized!
[05Jan2026 06:14:44.381] [main/WARN] [dev.architectury.registry.registries.forge.RegistrarManagerImpl/]: Registry entry listened Registry Entry [minecraft:item / fossil:parasaurolophus_dna] was not realized!
[05Jan2026 06:14:44.381] [main/WARN] [dev.architectury.registry.registries.forge.RegistrarManagerImpl/]: Registry entry listened Registry Entry [minecraft:item / fossil:syringe_dolphin] was not realized!
[05Jan2026 06:14:44.381] [main/WARN] [dev.architectury.registry.registries.forge.RegistrarManagerImpl/]: Registry entry listened Registry Entry [minecraft:item / fossil:bone_ribcage_pachyrhinosaurus] was not realized!
[05Jan2026 06:14:44.382] [main/WARN] [dev.architectury.registry.registries.forge.RegistrarManagerImpl/]: Registry entry listened Registry Entry [minecraft:item / fossil:egg_item_tyrannosaurus] was not realized!
[05Jan2026 06:14:44.382] [main/WARN] [dev.architectury.registry.registries.forge.RegistrarManagerImpl/]: Registry entry listened Registry Entry [minecraft:item / fossil:bone_tail_mosasaurus] was not realized!
[05Jan2026 06:14:44.382] [main/WARN] [dev.architectury.registry.registries.forge.RegistrarManagerImpl/]: Registry entry listened Registry Entry [minecraft:item / fossil:bucket_item_diplocaulus] was not realized!
[05Jan2026 06:14:44.382] [main/WARN] [dev.architectury.registry.registries.forge.RegistrarManagerImpl/]: Registry entry listened Registry Entry [minecraft:item / fossil:bucket_item_plesiosaurus] was not realized!
[05Jan2026 06:14:44.382] [main/WARN] [dev.architectury.registry.registries.forge.RegistrarManagerImpl/]: Registry entry listened Registry Entry [minecraft:item / fossil:bone_arm_therizinosaurus] was not realized!
[05Jan2026 06:14:44.382] [main/WARN] [dev.architectury.registry.registries.forge.RegistrarManagerImpl/]: Registry entry listened Registry Entry [minecraft:item / fossil:bone_foot_dryosaurus] was not realized!
[05Jan2026 06:14:44.382] [main/WARN] [dev.architectury.registry.registries.forge.RegistrarManagerImpl/]: Registry entry listened Registry Entry [minecraft:item / fossil:bone_tail_allosaurus] was not realized!
[05Jan2026 06:14:44.382] [main/WARN] [dev.architectury.registry.registries.forge.RegistrarManagerImpl/]: Registry entry listened Registry Entry [minecraft:item / fossil:egg_item_dicranurus] was not realized!
[05Jan2026 06:14:44.382] [main/WARN] [dev.architectury.registry.registries.forge.RegistrarManagerImpl/]: Registry entry listened Registry Entry [minecraft:item / fossil:sheep_dna] was not realized!
[05Jan2026 06:14:44.382] [main/WARN] [dev.architectury.registry.registries.forge.RegistrarManagerImpl/]: Registry entry listened Registry Entry [minecraft:item / fossil:bone_ribcage_psittacosaurus] was not realized!
[05Jan2026 06:14:44.383] [main/WARN] [dev.architectury.registry.registries.forge.RegistrarManagerImpl/]: Registry entry listened Registry Entry [minecraft:item / fossil:bone_unique_protoceratops] was not realized!
[05Jan2026 06:14:44.383] [main/WARN] [dev.architectury.registry.registries.forge.RegistrarManagerImpl/]: Registry entry listened Registry Entry [minecraft:item / fossil:egg_item_tiktaalik] was not realized!
[05Jan2026 06:14:44.383] [main/WARN] [dev.architectury.registry.registries.forge.RegistrarManagerImpl/]: Registry entry listened Registry Entry [minecraft:item / fossil:egg_item_postosuchus] was not realized!
[05Jan2026 06:14:44.383] [main/WARN] [dev.architectury.registry.registries.forge.RegistrarManagerImpl/]: Registry entry listened Registry Entry [minecraft:item / fossil:spawn_egg_arthropleura] was not realized!
[05Jan2026 06:14:44.383] [main/WARN] [dev.architectury.registry.registries.forge.RegistrarManagerImpl/]: Registry entry listened Registry Entry [minecraft:item / fossil:egg_item_sturgeon] was not realized!
[05Jan2026 06:14:44.383] [main/WARN] [dev.architectury.registry.registries.forge.RegistrarManagerImpl/]: Registry entry listened Registry Entry [minecraft:item / fossil:bone_tail_henodus] was not realized!
[05Jan2026 06:14:44.383] [main/WARN] [dev.architectury.registry.registries.forge.RegistrarManagerImpl/]: Registry entry listened Registry Entry [minecraft:item / fossil:cooked_lonchodomas] was not realized!
[05Jan2026 06:14:44.383] [main/WARN] [dev.architectury.registry.registries.forge.RegistrarManagerImpl/]: Registry entry listened Registry Entry [minecraft:item / fossil:bone_skull_crassigyrinus] was not realized!
[05Jan2026 06:14:44.383] [main/WARN] [dev.architectury.registry.registries.forge.RegistrarManagerImpl/]: Registry entry listened Registry Entry [minecraft:item / fossil:syringe_elasmotherium] was not realized!
[05Jan2026 06:14:44.384] [main/WARN] [dev.architectury.registry.registries.forge.RegistrarManagerImpl/]: Registry entry listened Registry Entry [minecraft:item / fossil:bone_unique_pachycephalosaurus] was not realized!
[05Jan2026 06:14:44.645] [main/WARN] [dev.architectury.registry.registries.forge.RegistrarManagerImpl/]: Registry entry listened Registry Entry [minecraft:item / fossil:bone_foot_pachyrhinosaurus] was not realized!
[05Jan2026 06:14:44.645] [main/WARN] [dev.architectury.registry.registries.forge.RegistrarManagerImpl/]: Registry entry listened Registry Entry [minecraft:item / fossil:bone_arm_diplocaulus] was not realized!
[05Jan2026 06:14:44.645] [main/WARN] [dev.architectury.registry.registries.forge.RegistrarManagerImpl/]: Registry entry listened Registry Entry [minecraft:item / fossil:bone_arm_platybelodon] was not realized!
[05Jan2026 06:14:44.645] [main/WARN] [dev.architectury.registry.registries.forge.RegistrarManagerImpl/]: Registry entry listened Registry Entry [minecraft:item / fossil:bone_ribcage_dodo] was not realized!
[05Jan2026 06:14:44.645] [main/WARN] [dev.architectury.registry.registries.forge.RegistrarManagerImpl/]: Registry entry listened Registry Entry [minecraft:item / fossil:bone_ribcage_elasmotherium] was not realized!
[05Jan2026 06:14:44.645] [main/WARN] [dev.architectury.registry.registries.forge.RegistrarManagerImpl/]: Registry entry listened Registry Entry [minecraft:item / fossil:egg_gastornis] was not realized!
[05Jan2026 06:14:44.645] [main/WARN] [dev.architectury.registry.registries.forge.RegistrarManagerImpl/]: Registry entry listened Registry Entry [minecraft:item / fossil:cooked_ichthyosaurus] was not realized!
[05Jan2026 06:14:44.646] [main/WARN] [dev.architectury.registry.registries.forge.RegistrarManagerImpl/]: Registry entry listened Registry Entry [minecraft:item / fossil:bone_ribcage_deinonychus] was not realized!
[05Jan2026 06:14:44.646] [main/WARN] [dev.architectury.registry.registries.forge.RegistrarManagerImpl/]: Registry entry listened Registry Entry [minecraft:item / fossil:bone_leg_dimetrodon] was not realized!
[05Jan2026 06:14:44.646] [main/WARN] [dev.architectury.registry.registries.forge.RegistrarManagerImpl/]: Registry entry listened Registry Entry [minecraft:item / fossil:bone_arm_confuciusornis] was not realized!
[05Jan2026 06:14:44.646] [main/WARN] [dev.architectury.registry.registries.forge.RegistrarManagerImpl/]: Registry entry listened Registry Entry [minecraft:item / fossil:bone_leg_deinonychus] was not realized!
[05Jan2026 06:14:44.646] [main/WARN] [dev.architectury.registry.registries.forge.RegistrarManagerImpl/]: Registry entry listened Registry Entry [minecraft:item / fossil:bone_arm_pachyrhinosaurus] was not realized!
[05Jan2026 06:14:44.646] [main/WARN] [dev.architectury.registry.registries.forge.RegistrarManagerImpl/]: Registry entry listened Registry Entry [minecraft:item / fossil:bone_skull_quetzalcoatlus] was not realized!
[05Jan2026 06:14:44.646] [main/WARN] [dev.architectury.registry.registries.forge.RegistrarManagerImpl/]: Registry entry listened Registry Entry [minecraft:item / fossil:egg_item_lonchodomas] was not realized!
[05Jan2026 06:14:44.646] [main/WARN] [dev.architectury.registry.registries.forge.RegistrarManagerImpl/]: Registry entry listened Registry Entry [minecraft:item / fossil:gallimimus_dna] was not realized!
[05Jan2026 06:14:44.646] [main/WARN] [dev.architectury.registry.registries.forge.RegistrarManagerImpl/]: Registry entry listened Registry Entry [minecraft:item / fossil:bone_skull_deinonychus] was not realized!
[05Jan2026 06:14:44.646] [main/WARN] [dev.architectury.registry.registries.forge.RegistrarManagerImpl/]: Registry entry listened Registry Entry [minecraft:item / fossil:bone_foot_pteranodon] was not realized!
[05Jan2026 06:14:44.646] [main/WARN] [dev.architectury.registry.registries.forge.RegistrarManagerImpl/]: Registry entry listened Registry Entry [minecraft:item / fossil:bone_leg_quetzalcoatlus] was not realized!
[05Jan2026 06:14:44.646] [main/WARN] [dev.architectury.registry.registries.forge.RegistrarManagerImpl/]: Registry entry listened Registry Entry [minecraft:item / fossil:bone_skull_tiktaalik] was not realized!
[05Jan2026 06:14:44.646] [main/WARN] [dev.architectury.registry.registries.forge.RegistrarManagerImpl/]: Registry entry listened Registry Entry [minecraft:item / fossil:coelacanth_dna] was not realized!
[05Jan2026 06:14:44.646] [main/WARN] [dev.architectury.registry.registries.forge.RegistrarManagerImpl/]: Registry entry listened Registry Entry [minecraft:item / fossil:spawn_egg_pachycephalosaurus] was not realized!
[05Jan2026 06:14:44.646] [main/WARN] [dev.architectury.registry.registries.forge.RegistrarManagerImpl/]: Registry entry listened Registry Entry [minecraft:item / fossil:meat_gastornis] was not realized!
[05Jan2026 06:14:44.646] [main/WARN] [dev.architectury.registry.registries.forge.RegistrarManagerImpl/]: Registry entry listened Registry Entry [minecraft:item / fossil:bone_leg_megalania] was not realized!
[05Jan2026 06:14:44.647] [main/WARN] [dev.architectury.registry.registries.forge.RegistrarManagerImpl/]: Registry entry listened Registry Entry [minecraft:item / fossil:pig_dna] was not realized!
[05Jan2026 06:14:44.647] [main/WARN] [dev.architectury.registry.registries.forge.RegistrarManagerImpl/]: Registry entry listened Registry Entry [minecraft:item / fossil:bone_foot_dodo] was not realized!
[05Jan2026 06:14:44.647] [main/WARN] [dev.architectury.registry.registries.forge.RegistrarManagerImpl/]: Registry entry listened Registry Entry [minecraft:item / fossil:bone_arm_megalania] was not realized!
[05Jan2026 06:14:44.647] [main/WARN] [dev.architectury.registry.registries.forge.RegistrarManagerImpl/]: Registry entry listened Registry Entry [minecraft:item / fossil:bone_tail_dodo] was not realized!
[05Jan2026 06:14:44.647] [main/WARN] [dev.architectury.registry.registries.forge.RegistrarManagerImpl/]: Registry entry listened Registry Entry [minecraft:item / fossil:bone_foot_spinosaurus] was not realized!
[05Jan2026 06:14:44.647] [main/WARN] [dev.architectury.registry.registries.forge.RegistrarManagerImpl/]: Registry entry listened Registry Entry [minecraft:item / fossil:cooked_mosasaurus] was not realized!
[05Jan2026 06:14:44.647] [main/WARN] [dev.architectury.registry.registries.forge.RegistrarManagerImpl/]: Registry entry listened Registry Entry [minecraft:item / fossil:nautilus_dna] was not realized!
[05Jan2026 06:14:44.647] [main/WARN] [dev.architectury.registry.registries.forge.RegistrarManagerImpl/]: Registry entry listened Registry Entry [minecraft:item / fossil:bone_ribcage_henodus] was not realized!
[05Jan2026 06:14:44.647] [main/WARN] [dev.architectury.registry.registries.forge.RegistrarManagerImpl/]: Registry entry listened Registry Entry [minecraft:item / fossil:bone_ribcage_ankylosaurus] was not realized!
[05Jan2026 06:14:44.647] [main/WARN] [dev.architectury.registry.registries.forge.RegistrarManagerImpl/]: Registry entry listened Registry Entry [minecraft:item / fossil:bone_unique_megalania] was not realized!
[05Jan2026 06:14:44.647] [main/WARN] [dev.architectury.registry.registries.forge.RegistrarManagerImpl/]: Registry entry listened Registry Entry [minecraft:item / fossil:bone_foot_confuciusornis] was not realized!
[05Jan2026 06:14:44.647] [main/WARN] [dev.architectury.registry.registries.forge.RegistrarManagerImpl/]: Registry entry listened Registry Entry [minecraft:item / fossil:spawn_egg_mammoth] was not realized!
[05Jan2026 06:14:44.647] [main/WARN] [dev.architectury.registry.registries.forge.RegistrarManagerImpl/]: Registry entry listened Registry Entry [minecraft:item / fossil:meat_smilodon] was not realized!
[05Jan2026 06:14:44.647] [main/WARN] [dev.architectury.registry.registries.forge.RegistrarManagerImpl/]: Registry entry listened Registry Entry [minecraft:item / fossil:bone_ribcage_crassigyrinus] was not realized!
[05Jan2026 06:14:44.647] [main/WARN] [dev.architectury.registry.registries.forge.RegistrarManagerImpl/]: Registry entry listened Registry Entry [minecraft:item / fossil:bone_unique_confuciusornis] was not realized!
[05Jan2026 06:14:44.647] [main/WARN] [dev.architectury.registry.registries.forge.RegistrarManagerImpl/]: Registry entry listened Registry Entry [minecraft:item / fossil:bone_tail_elasmotherium] was not realized!
[05Jan2026 06:14:44.647] [main/WARN] [dev.architectury.registry.registries.forge.RegistrarManagerImpl/]: Registry entry listened Registry Entry [minecraft:item / fossil:bone_skull_compsognathus] was not realized!
[05Jan2026 06:14:44.647] [main/WARN] [dev.architectury.registry.registries.forge.RegistrarManagerImpl/]: Registry entry listened Registry Entry [minecraft:item / fossil:bone_tail_parasaurolophus] was not realized!
[05Jan2026 06:14:44.647] [main/WARN] [dev.architectury.registry.registries.forge.RegistrarManagerImpl/]: Registry entry listened Registry Entry [minecraft:item / fossil:sturgeon_dna] was not realized!
[05Jan2026 06:14:44.647] [main/WARN] [dev.architectury.registry.registries.forge.RegistrarManagerImpl/]: Registry entry listened Registry Entry [minecraft:item / fossil:bone_arm_smilodon] was not realized!
[05Jan2026 06:14:44.648] [main/WARN] [dev.architectury.registry.registries.forge.RegistrarManagerImpl/]: Registry entry listened Registry Entry [minecraft:item / fossil:bone_unique_ichthyosaurus] was not realized!
[05Jan2026 06:14:44.648] [main/WARN] [dev.architectury.registry.registries.forge.RegistrarManagerImpl/]: Registry entry listened Registry Entry [minecraft:item / fossil:spawn_egg_liopleurodon] was not realized!
[05Jan2026 06:14:44.648] [main/WARN] [dev.architectury.registry.registries.forge.RegistrarManagerImpl/]: Registry entry listened Registry Entry [minecraft:item / fossil:bone_vertebrae_psittacosaurus] was not realized!
[05Jan2026 06:14:44.648] [main/WARN] [dev.architectury.registry.registries.forge.RegistrarManagerImpl/]: Registry entry listened Registry Entry [minecraft:item / fossil:walliserops_dna] was not realized!
[05Jan2026 06:14:44.648] [main/WARN] [dev.architectury.registry.registries.forge.RegistrarManagerImpl/]: Registry entry listened Registry Entry [minecraft:item / fossil:dicranurus_dna] was not realized!
[05Jan2026 06:14:44.648] [main/WARN] [dev.architectury.registry.registries.forge.RegistrarManagerImpl/]: Registry entry listened Registry Entry [minecraft:item / fossil:bone_unique_dryosaurus] was not realized!
[05Jan2026 06:14:44.648] [main/WARN] [dev.architectury.registry.registries.forge.RegistrarManagerImpl/]: Registry entry listened Registry Entry [minecraft:item / fossil:bone_leg_gastornis] was not realized!
[05Jan2026 06:14:44.649] [main/WARN] [dev.architectury.registry.registries.forge.RegistrarManagerImpl/]: Registry entry listened Registry Entry [minecraft:item / fossil:quetzalcoatlus_dna] was not realized!
[05Jan2026 06:14:44.649] [main/WARN] [dev.architectury.registry.registries.forge.RegistrarManagerImpl/]: Registry entry listened Registry Entry [minecraft:item / fossil:bone_arm_velociraptor] was not realized!
[05Jan2026 06:14:44.650] [main/WARN] [dev.architectury.registry.registries.forge.RegistrarManagerImpl/]: Registry entry listened Registry Entry [minecraft:item / fossil:cooked_pachyrhinosaurus] was not realized!
[05Jan2026 06:14:44.650] [main/WARN] [dev.architectury.registry.registries.forge.RegistrarManagerImpl/]: Registry entry listened Registry Entry [minecraft:item / fossil:bone_unique_triceratops] was not realized!
[05Jan2026 06:14:44.650] [main/WARN] [dev.architectury.registry.registries.forge.RegistrarManagerImpl/]: Registry entry listened Registry Entry [minecraft:item / fossil:syringe_ocelot] was not realized!
[05Jan2026 06:14:44.650] [main/WARN] [dev.architectury.registry.registries.forge.RegistrarManagerImpl/]: Registry entry listened Registry Entry [minecraft:item / fossil:bone_unique_pachyrhinosaurus] was not realized!
[05Jan2026 06:14:44.650] [main/WARN] [dev.architectury.registry.registries.forge.RegistrarManagerImpl/]: Registry entry listened Registry Entry [minecraft:item / fossil:meat_elasmotherium] was not realized!
[05Jan2026 06:14:44.650] [main/WARN] [dev.architectury.registry.registries.forge.RegistrarManagerImpl/]: Registry entry listened Registry Entry [minecraft:item / fossil:bone_leg_ankylosaurus] was not realized!
[05Jan2026 06:14:44.650] [main/WARN] [dev.architectury.registry.registries.forge.RegistrarManagerImpl/]: Registry entry listened Registry Entry [minecraft:item / fossil:cooked_gallimimus] was not realized!
[05Jan2026 06:14:44.650] [main/WARN] [dev.architectury.registry.registries.forge.RegistrarManagerImpl/]: Registry entry listened Registry Entry [minecraft:item / fossil:meat_pachycephalosaurus] was not realized!
[05Jan2026 06:14:44.650] [main/WARN] [dev.architectury.registry.registries.forge.RegistrarManagerImpl/]: Registry entry listened Registry Entry [minecraft:item / fossil:diplocaulus_dna] was not realized!
[05Jan2026 06:14:44.650] [main/WARN] [dev.architectury.registry.registries.forge.RegistrarManagerImpl/]: Registry entry listened Registry Entry [minecraft:item / fossil:citipati_dna] was not realized!
[05Jan2026 06:14:44.650] [main/WARN] [dev.architectury.registry.registries.forge.RegistrarManagerImpl/]: Registry entry listened Registry Entry [minecraft:item / fossil:egg_item_mosasaurus] was not realized!
[05Jan2026 06:14:44.651] [main/WARN] [dev.architectury.registry.registries.forge.RegistrarManagerImpl/]: Registry entry listened Registry Entry [minecraft:item / fossil:bone_tail_dryosaurus] was not realized!
[05Jan2026 06:14:44.651] [main/WARN] [dev.architectury.registry.registries.forge.RegistrarManagerImpl/]: Registry entry listened Registry Entry [minecraft:item / fossil:cooked_titanis] was not realized!
[05Jan2026 06:14:44.651] [main/WARN] [dev.architectury.registry.registries.forge.RegistrarManagerImpl/]: Registry entry listened Registry Entry [minecraft:item / fossil:cooked_postosuchus] was not realized!
[05Jan2026 06:14:44.651] [main/WARN] [dev.architectury.registry.registries.forge.RegistrarManagerImpl/]: Registry entry listened Registry Entry [minecraft:item / fossil:bone_tail_megalania] was not realized!
[05Jan2026 06:14:44.651] [main/WARN] [dev.architectury.registry.registries.forge.RegistrarManagerImpl/]: Registry entry listened Registry Entry [minecraft:item / fossil:cooked_allosaurus] was not realized!
[05Jan2026 06:14:44.651] [main/WARN] [dev.architectury.registry.registries.forge.RegistrarManagerImpl/]: Registry entry listened Registry Entry [minecraft:item / fossil:egg_item_ceratosaurus] was not realized!
[05Jan2026 06:14:44.651] [main/WARN] [dev.architectury.registry.registries.forge.RegistrarManagerImpl/]: Registry entry listened Registry Entry [minecraft:item / fossil:bone_foot_ankylosaurus] was not realized!
[05Jan2026 06:14:44.651] [main/WARN] [dev.architectury.registry.registries.forge.RegistrarManagerImpl/]: Registry entry listened Registry Entry [minecraft:item / fossil:bone_leg_therizinosaurus] was not realized!
[05Jan2026 06:14:44.651] [main/WARN] [dev.architectury.registry.registries.forge.RegistrarManagerImpl/]: Registry entry listened Registry Entry [minecraft:item / fossil:bone_skull_phorusrhacos] was not realized!
[05Jan2026 06:14:44.651] [main/WARN] [dev.architectury.registry.registries.forge.RegistrarManagerImpl/]: Registry entry listened Registry Entry [minecraft:item / fossil:liopleurodon_dna] was not realized!
[05Jan2026 06:14:44.651] [main/WARN] [dev.architectury.registry.registries.forge.RegistrarManagerImpl/]: Registry entry listened Registry Entry [minecraft:item / fossil:tropical_fish_dna] was not realized!
[05Jan2026 06:14:44.651] [main/WARN] [dev.architectury.registry.registries.forge.RegistrarManagerImpl/]: Registry entry listened Registry Entry [minecraft:item / fossil:bone_foot_diplodocus] was not realized!
[05Jan2026 06:14:44.652] [main/WARN] [dev.architectury.registry.registries.forge.RegistrarManagerImpl/]: Registry entry listened Registry Entry [minecraft:item / fossil:psittacosaurus_dna] was not realized!
[05Jan2026 06:14:44.652] [main/WARN] [dev.architectury.registry.registries.forge.RegistrarManagerImpl/]: Registry entry listened Registry Entry [minecraft:item / fossil:spawn_egg_ankylosaurus] was not realized!
[05Jan2026 06:14:44.652] [main/WARN] [dev.architectury.registry.registries.forge.RegistrarManagerImpl/]: Registry entry listened Registry Entry [minecraft:item / fossil:cat_dna] was not realized!
[05Jan2026 06:14:44.652] [main/WARN] [dev.architectury.registry.registries.forge.RegistrarManagerImpl/]: Registry entry listened Registry Entry [minecraft:item / fossil:bone_skull_plesiosaurus] was not realized!
[05Jan2026 06:14:44.652] [main/WARN] [dev.architectury.registry.registries.forge.RegistrarManagerImpl/]: Registry entry listened Registry Entry [minecraft:item / fossil:spawn_egg_alligator_gar] was not realized!
[05Jan2026 06:14:44.652] [main/WARN] [dev.architectury.registry.registries.forge.RegistrarManagerImpl/]: Registry entry listened Registry Entry [minecraft:item / fossil:bone_foot_mosasaurus] was not realized!
[05Jan2026 06:14:44.652] [main/WARN] [dev.architectury.registry.registries.forge.RegistrarManagerImpl/]: Registry entry listened Registry Entry [minecraft:item / fossil:bone_ribcage_compsognathus] was not realized!
[05Jan2026 06:14:44.652] [main/WARN] [dev.architectury.registry.registries.forge.RegistrarManagerImpl/]: Registry entry listened Registry Entry [minecraft:item / fossil:cooked_liopleurodon] was not realized!
[05Jan2026 06:14:44.652] [main/WARN] [dev.architectury.registry.registries.forge.RegistrarManagerImpl/]: Registry entry listened Registry Entry [minecraft:item / fossil:egg_item_brachiosaurus] was not realized!
[05Jan2026 06:14:44.652] [main/WARN] [dev.architectury.registry.registries.forge.RegistrarManagerImpl/]: Registry entry listened Registry Entry [minecraft:item / fossil:bone_vertebrae_edaphosaurus] was not realized!
[05Jan2026 06:14:44.652] [main/WARN] [dev.architectury.registry.registries.forge.RegistrarManagerImpl/]: Registry entry listened Registry Entry [minecraft:item / fossil:bone_arm_dimorphodon] was not realized!
[05Jan2026 06:14:44.653] [main/WARN] [dev.architectury.registry.registries.forge.RegistrarManagerImpl/]: Registry entry listened Registry Entry [minecraft:item / fossil:bone_vertebrae_quagga] was not realized!
[05Jan2026 06:14:44.653] [main/WARN] [dev.architectury.registry.registries.forge.RegistrarManagerImpl/]: Registry entry listened Registry Entry [minecraft:item / fossil:meat_kelenken] was not realized!
[05Jan2026 06:14:44.653] [main/WARN] [dev.architectury.registry.registries.forge.RegistrarManagerImpl/]: Registry entry listened Registry Entry [minecraft:item / fossil:bone_vertebrae_dodo] was not realized!
[05Jan2026 06:14:44.653] [main/WARN] [dev.architectury.registry.registries.forge.RegistrarManagerImpl/]: Registry entry listened Registry Entry [minecraft:item / fossil:bone_ribcage_dimetrodon] was not realized!
[05Jan2026 06:14:44.653] [main/WARN] [dev.architectury.registry.registries.forge.RegistrarManagerImpl/]: Registry entry listened Registry Entry [minecraft:item / fossil:cooked_platybelodon] was not realized!
[05Jan2026 06:14:44.653] [main/WARN] [dev.architectury.registry.registries.forge.RegistrarManagerImpl/]: Registry entry listened Registry Entry [minecraft:item / fossil:cooked_coelacanth] was not realized!
[05Jan2026 06:14:44.653] [main/WARN] [dev.architectury.registry.registries.forge.RegistrarManagerImpl/]: Registry entry listened Registry Entry [minecraft:item / fossil:bone_ribcage_parasaurolophus] was not realized!
[05Jan2026 06:14:44.653] [main/WARN] [dev.architectury.registry.registries.forge.RegistrarManagerImpl/]: Registry entry listened Registry Entry [minecraft:item / fossil:bone_leg_ichthyosaurus] was not realized!
[05Jan2026 06:14:44.653] [main/WARN] [dev.architectury.registry.registries.forge.RegistrarManagerImpl/]: Registry entry listened Registry Entry [minecraft:item / fossil:bone_vertebrae_plesiosaurus] was not realized!
[05Jan2026 06:14:44.653] [main/WARN] [dev.architectury.registry.registries.forge.RegistrarManagerImpl/]: Registry entry listened Registry Entry [minecraft:item / fossil:bone_leg_parasaurolophus] was not realized!
[05Jan2026 06:14:44.654] [main/WARN] [dev.architectury.registry.registries.forge.RegistrarManagerImpl/]: Registry entry listened Registry Entry [minecraft:item / fossil:bone_leg_titanis] was not realized!
[05Jan2026 06:14:44.654] [main/WARN] [dev.architectury.registry.registries.forge.RegistrarManagerImpl/]: Registry entry listened Registry Entry [minecraft:item / fossil:bone_vertebrae_phorusrhacos] was not realized!
[05Jan2026 06:14:44.654] [main/WARN] [dev.architectury.registry.registries.forge.RegistrarManagerImpl/]: Registry entry listened Registry Entry [minecraft:item / fossil:bone_foot_edaphosaurus] was not realized!
[05Jan2026 06:14:44.654] [main/WARN] [dev.architectury.registry.registries.forge.RegistrarManagerImpl/]: Registry entry listened Registry Entry [minecraft:item / fossil:bucket_item_aquilolamna] was not realized!
[05Jan2026 06:14:44.654] [main/WARN] [dev.architectury.registry.registries.forge.RegistrarManagerImpl/]: Registry entry listened Registry Entry [minecraft:item / fossil:spawn_egg_therizinosaurus] was not realized!
[05Jan2026 06:14:44.654] [main/WARN] [dev.architectury.registry.registries.forge.RegistrarManagerImpl/]: Registry entry listened Registry Entry [minecraft:item / fossil:bone_arm_deinonychus] was not realized!
[05Jan2026 06:14:44.654] [main/WARN] [dev.architectury.registry.registries.forge.RegistrarManagerImpl/]: Registry entry listened Registry Entry [minecraft:item / fossil:bone_foot_mammoth] was not realized!
[05Jan2026 06:14:44.654] [main/WARN] [dev.architectury.registry.registries.forge.RegistrarManagerImpl/]: Registry entry listened Registry Entry [minecraft:item / fossil:ceratosaurus_dna] was not realized!
[05Jan2026 06:14:44.654] [main/WARN] [dev.architectury.registry.registries.forge.RegistrarManagerImpl/]: Registry entry listened Registry Entry [minecraft:item / fossil:bone_unique_allosaurus] was not realized!
[05Jan2026 06:14:44.654] [main/WARN] [dev.architectury.registry.registries.forge.RegistrarManagerImpl/]: Registry entry listened Registry Entry [minecraft:item / fossil:egg_item_phorusrhacos] was not realized!
[05Jan2026 06:14:44.654] [main/WARN] [dev.architectury.registry.registries.forge.RegistrarManagerImpl/]: Registry entry listened Registry Entry [minecraft:item / fossil:bone_tail_spinosaurus] was not realized!
[05Jan2026 06:14:44.655] [main/WARN] [dev.architectury.registry.registries.forge.RegistrarManagerImpl/]: Registry entry listened Registry Entry [minecraft:item / fossil:bone_unique_ankylosaurus] was not realized!
[05Jan2026 06:14:44.655] [main/WARN] [dev.architectury.registry.registries.forge.RegistrarManagerImpl/]: Registry entry listened Registry Entry [minecraft:item / fossil:egg_item_confuciusornis] was not realized!
[05Jan2026 06:14:44.655] [main/WARN] [dev.architectury.registry.registries.forge.RegistrarManagerImpl/]: Registry entry listened Registry Entry [minecraft:item / fossil:bone_arm_mosasaurus] was not realized!
[05Jan2026 06:14:44.664] [main/WARN] [dev.architectury.registry.registries.forge.RegistrarManagerImpl/]: Registry entry listened Registry Entry [minecraft:item / fossil:meat_allosaurus] was not realized!
[05Jan2026 06:14:44.664] [main/WARN] [dev.architectury.registry.registries.forge.RegistrarManagerImpl/]: Registry entry listened Registry Entry [minecraft:item / fossil:egg_item_meganeura] was not realized!
[05Jan2026 06:14:44.664] [main/WARN] [dev.architectury.registry.registries.forge.RegistrarManagerImpl/]: Registry entry listened Registry Entry [minecraft:item / fossil:egg_item_parasaurolophus] was not realized!
[05Jan2026 06:14:44.664] [main/WARN] [dev.architectury.registry.registries.forge.RegistrarManagerImpl/]: Registry entry listened Registry Entry [minecraft:item / fossil:bone_arm_dryosaurus] was not realized!
[05Jan2026 06:14:44.664] [main/WARN] [dev.architectury.registry.registries.forge.RegistrarManagerImpl/]: Registry entry listened Registry Entry [minecraft:item / fossil:meat_postosuchus] was not realized!
[05Jan2026 06:14:44.664] [main/WARN] [dev.architectury.registry.registries.forge.RegistrarManagerImpl/]: Registry entry listened Registry Entry [minecraft:item / fossil:bone_ribcage_mammoth] was not realized!
[05Jan2026 06:14:44.665] [main/WARN] [dev.architectury.registry.registries.forge.RegistrarManagerImpl/]: Registry entry listened Registry Entry [minecraft:item / fossil:bone_vertebrae_pachycephalosaurus] was not realized!
[05Jan2026 06:14:44.665] [main/WARN] [dev.architectury.registry.registries.forge.RegistrarManagerImpl/]: Registry entry listened Registry Entry [minecraft:item / fossil:protoceratops_dna] was not realized!
[05Jan2026 06:14:44.665] [main/WARN] [dev.architectury.registry.registries.forge.RegistrarManagerImpl/]: Registry entry listened Registry Entry [minecraft:item / fossil:bone_skull_pteranodon] was not realized!
[05Jan2026 06:14:44.665] [main/WARN] [dev.architectury.registry.registries.forge.RegistrarManagerImpl/]: Registry entry listened Registry Entry [minecraft:item / fossil:dolphin_dna] was not realized!
[05Jan2026 06:14:44.665] [main/WARN] [dev.architectury.registry.registries.forge.RegistrarManagerImpl/]: Registry entry listened Registry Entry [minecraft:item / fossil:bucket_item_alligator_gar] was not realized!
[05Jan2026 06:14:44.665] [main/WARN] [dev.architectury.registry.registries.forge.RegistrarManagerImpl/]: Registry entry listened Registry Entry [minecraft:item / fossil:cooked_dryosaurus] was not realized!
[05Jan2026 06:14:44.665] [main/WARN] [dev.architectury.registry.registries.forge.RegistrarManagerImpl/]: Registry entry listened Registry Entry [minecraft:item / fossil:bone_skull_tyrannosaurus] was not realized!
[05Jan2026 06:14:44.665] [main/WARN] [dev.architectury.registry.registries.forge.RegistrarManagerImpl/]: Registry entry listened Registry Entry [minecraft:item / fossil:bone_tail_gallimimus] was not realized!
[05Jan2026 06:14:44.665] [main/WARN] [dev.architectury.registry.registries.forge.RegistrarManagerImpl/]: Registry entry listened Registry Entry [minecraft:item / fossil:spawn_egg_lonchodomas] was not realized!
[05Jan2026 06:14:44.665] [main/WARN] [dev.architectury.registry.registries.forge.RegistrarManagerImpl/]: Registry entry listened Registry Entry [minecraft:item / fossil:megaloceros_dna] was not realized!
[05Jan2026 06:14:44.666] [main/WARN] [dev.architectury.registry.registries.forge.RegistrarManagerImpl/]: Registry entry listened Registry Entry [minecraft:item / fossil:bone_tail_quagga] was not realized!
[05Jan2026 06:14:44.666] [main/WARN] [dev.architectury.registry.registries.forge.RegistrarManagerImpl/]: Registry entry listened Registry Entry [minecraft:item / fossil:bone_ribcage_pachycephalosaurus] was not realized!
[05Jan2026 06:14:44.666] [main/WARN] [dev.architectury.registry.registries.forge.RegistrarManagerImpl/]: Registry entry listened Registry Entry [minecraft:item / fossil:bone_ribcage_therizinosaurus] was not realized!
[05Jan2026 06:14:44.666] [main/WARN] [dev.architectury.registry.registries.forge.RegistrarManagerImpl/]: Registry entry listened Registry Entry [minecraft:item / fossil:sniffer_dna] was not realized!
[05Jan2026 06:14:44.666] [main/WARN] [dev.architectury.registry.registries.forge.RegistrarManagerImpl/]: Registry entry listened Registry Entry [minecraft:item / fossil:bone_skull_edaphosaurus] was not realized!
[05Jan2026 06:14:44.666] [main/WARN] [dev.architectury.registry.registries.forge.RegistrarManagerImpl/]: Registry entry listened Registry Entry [minecraft:item / fossil:meat_megalania] was not realized!
[05Jan2026 06:14:44.666] [main/WARN] [dev.architectury.registry.registries.forge.RegistrarManagerImpl/]: Registry entry listened Registry Entry [minecraft:item / fossil:egg_item_edaphosaurus] was not realized!
[05Jan2026 06:14:44.666] [main/WARN] [dev.architectury.registry.registries.forge.RegistrarManagerImpl/]: Registry entry listened Registry Entry [minecraft:item / fossil:bone_skull_pachycephalosaurus] was not realized!
[05Jan2026 06:14:44.666] [main/WARN] [dev.architectury.registry.registries.forge.RegistrarManagerImpl/]: Registry entry listened Registry Entry [minecraft:item / fossil:tiktaalik_dna] was not realized!
[05Jan2026 06:14:44.666] [main/WARN] [dev.architectury.registry.registries.forge.RegistrarManagerImpl/]: Registry entry listened Registry Entry [minecraft:item / fossil:salmon_dna] was not realized!
[05Jan2026 06:14:44.666] [main/WARN] [dev.architectury.registry.registries.forge.RegistrarManagerImpl/]: Registry entry listened Registry Entry [minecraft:item / fossil:egg_titanis] was not realized!
[05Jan2026 06:14:44.666] [main/WARN] [dev.architectury.registry.registries.forge.RegistrarManagerImpl/]: Registry entry listened Registry Entry [minecraft:item / fossil:bone_ribcage_ornitholestes] was not realized!
[05Jan2026 06:14:44.667] [main/WARN] [dev.architectury.registry.registries.forge.RegistrarManagerImpl/]: Registry entry listened Registry Entry [minecraft:item / fossil:bone_arm_stegosaurus] was not realized!
[05Jan2026 06:14:44.667] [main/WARN] [dev.architectury.registry.registries.forge.RegistrarManagerImpl/]: Registry entry listened Registry Entry [minecraft:item / fossil:bone_arm_ichthyosaurus] was not realized!
[05Jan2026 06:14:44.667] [main/WARN] [dev.architectury.registry.registries.forge.RegistrarManagerImpl/]: Registry entry listened Registry Entry [minecraft:item / fossil:meat_compsognathus] was not realized!
[05Jan2026 06:14:44.667] [main/WARN] [dev.architectury.registry.registries.forge.RegistrarManagerImpl/]: Registry entry listened Registry Entry [minecraft:item / fossil:bone_leg_mammoth] was not realized!
[05Jan2026 06:14:44.669] [main/WARN] [dev.architectury.registry.registries.forge.RegistrarManagerImpl/]: Registry entry listened Registry Entry [minecraft:item / fossil:egg_item_pachycephalosaurus] was not realized!
[05Jan2026 06:14:44.669] [main/WARN] [dev.architectury.registry.registries.forge.RegistrarManagerImpl/]: Registry entry listened Registry Entry [minecraft:item / fossil:cooked_arthropleura] was not realized!
[05Jan2026 06:14:44.669] [main/WARN] [dev.architectury.registry.registries.forge.RegistrarManagerImpl/]: Registry entry listened Registry Entry [minecraft:item / fossil:meat_velociraptor] was not realized!
[05Jan2026 06:14:44.670] [main/WARN] [dev.architectury.registry.registries.forge.RegistrarManagerImpl/]: Registry entry listened Registry Entry [minecraft:item / fossil:bone_leg_pteranodon] was not realized!
[05Jan2026 06:14:44.670] [main/WARN] [dev.architectury.registry.registries.forge.RegistrarManagerImpl/]: Registry entry listened Registry Entry [minecraft:item / fossil:egg_item_nautilus] was not realized!
[05Jan2026 06:14:44.670] [main/WARN] [dev.architectury.registry.registries.forge.RegistrarManagerImpl/]: Registry entry listened Registry Entry [minecraft:item / fossil:bucket_item_ichthyosaurus] was not realized!
[05Jan2026 06:14:44.670] [main/WARN] [dev.architectury.registry.registries.forge.RegistrarManagerImpl/]: Registry entry listened Registry Entry [minecraft:item / fossil:bone_foot_diplocaulus] was not realized!
[05Jan2026 06:14:44.670] [main/WARN] [dev.architectury.registry.registries.forge.RegistrarManagerImpl/]: Registry entry listened Registry Entry [minecraft:item / fossil:bone_tail_stegosaurus] was not realized!
[05Jan2026 06:14:44.670] [main/WARN] [dev.architectury.registry.registries.forge.RegistrarManagerImpl/]: Registry entry listened Registry Entry [minecraft:item / fossil:meat_arthropleura] was not realized!
[05Jan2026 06:14:44.670] [main/WARN] [dev.architectury.registry.registries.forge.RegistrarManagerImpl/]: Registry entry listened Registry Entry [minecraft:item / fossil:dilophosaurus_dna] was not realized!
[05Jan2026 06:14:44.670] [main/WARN] [dev.architectury.registry.registries.forge.RegistrarManagerImpl/]: Registry entry listened Registry Entry [minecraft:item / fossil:bone_tail_titanis] was not realized!
[05Jan2026 06:14:44.670] [main/WARN] [dev.architectury.registry.registries.forge.RegistrarManagerImpl/]: Registry entry listened Registry Entry [minecraft:item / fossil:bucket_item_dicranurus] was not realized!
[05Jan2026 06:14:44.671] [main/WARN] [dev.architectury.registry.registries.forge.RegistrarManagerImpl/]: Registry entry listened Registry Entry [minecraft:item / fossil:bone_tail_protoceratops] was not realized!
[05Jan2026 06:14:44.671] [main/WARN] [dev.architectury.registry.registries.forge.RegistrarManagerImpl/]: Registry entry listened Registry Entry [minecraft:item / fossil:bone_ribcage_quetzalcoatlus] was not realized!
[05Jan2026 06:14:44.671] [main/WARN] [dev.architectury.registry.registries.forge.RegistrarManagerImpl/]: Registry entry listened Registry Entry [minecraft:item / fossil:bone_unique_gallimimus] was not realized!
[05Jan2026 06:14:44.672] [main/WARN] [dev.architectury.registry.registries.forge.RegistrarManagerImpl/]: Registry entry listened Registry Entry [minecraft:item / fossil:cooked_psittacosaurus] was not realized!
[05Jan2026 06:14:44.673] [main/WARN] [dev.architectury.registry.registries.forge.RegistrarManagerImpl/]: Registry entry listened Registry Entry [minecraft:item / fossil:bone_skull_diplodocus] was not realized!
[05Jan2026 06:14:44.673] [main/WARN] [dev.architectury.registry.registries.forge.RegistrarManagerImpl/]: Registry entry listened Registry Entry [minecraft:item / fossil:bone_foot_megaloceros] was not realized!
[05Jan2026 06:14:44.673] [main/WARN] [dev.architectury.registry.registries.forge.RegistrarManagerImpl/]: Registry entry listened Registry Entry [minecraft:item / fossil:egg_item_megalograptus] was not realized!
[05Jan2026 06:14:44.673] [main/WARN] [dev.architectury.registry.registries.forge.RegistrarManagerImpl/]: Registry entry listened Registry Entry [minecraft:item / fossil:meat_platybelodon] was not realized!
[05Jan2026 06:14:44.673] [main/WARN] [dev.architectury.registry.registries.forge.RegistrarManagerImpl/]: Registry entry listened Registry Entry [minecraft:item / fossil:cooked_megalania] was not realized!
[05Jan2026 06:14:44.673] [main/WARN] [dev.architectury.registry.registries.forge.RegistrarManagerImpl/]: Registry entry listened Registry Entry [minecraft:item / fossil:meat_crassigyrinus] was not realized!
[05Jan2026 06:14:44.673] [main/WARN] [dev.architectury.registry.registries.forge.RegistrarManagerImpl/]: Registry entry listened Registry Entry [minecraft:item / fossil:bone_unique_sarcosuchus] was not realized!
[05Jan2026 06:14:44.673] [main/WARN] [dev.architectury.registry.registries.forge.RegistrarManagerImpl/]: Registry entry listened Registry Entry [minecraft:item / fossil:bone_leg_henodus] was not realized!
[05Jan2026 06:14:44.673] [main/WARN] [dev.architectury.registry.registries.forge.RegistrarManagerImpl/]: Registry entry listened Registry Entry [minecraft:item / fossil:velociraptor_dna] was not realized!
[05Jan2026 06:14:44.674] [main/WARN] [dev.architectury.registry.registries.forge.RegistrarManagerImpl/]: Registry entry listened Registry Entry [minecraft:item / fossil:bone_ribcage_tiktaalik] was not realized!
[05Jan2026 06:14:44.674] [main/WARN] [dev.architectury.registry.registries.forge.RegistrarManagerImpl/]: Registry entry listened Registry Entry [minecraft:item / fossil:syringe_panda] was not realized!
[05Jan2026 06:14:44.674] [main/WARN] [dev.architectury.registry.registries.forge.RegistrarManagerImpl/]: Registry entry listened Registry Entry [minecraft:item / fossil:pachycephalosaurus_dna] was not realized!
[05Jan2026 06:14:44.674] [main/WARN] [dev.architectury.registry.registries.forge.RegistrarManagerImpl/]: Registry entry listened Registry Entry [minecraft:item / fossil:cooked_velociraptor] was not realized!
[05Jan2026 06:14:44.674] [main/WARN] [dev.architectury.registry.registries.forge.RegistrarManagerImpl/]: Registry entry listened Registry Entry [minecraft:item / fossil:bone_tail_deinonychus] was not realized!
[05Jan2026 06:14:45.239] [main/WARN] [dev.architectury.registry.registries.forge.RegistrarManagerImpl/]: Registry entry listened Registry Entry [minecraft:entity_type / fossil:dodo] was not realized!
[05Jan2026 06:14:45.240] [main/WARN] [dev.architectury.registry.registries.forge.RegistrarManagerImpl/]: Registry entry listened Registry Entry [minecraft:entity_type / fossil:dimetrodon] was not realized!
[05Jan2026 06:14:45.240] [main/WARN] [dev.architectury.registry.registries.forge.RegistrarManagerImpl/]: Registry entry listened Registry Entry [minecraft:entity_type / fossil:pachycephalosaurus] was not realized!
[05Jan2026 06:14:45.240] [main/WARN] [dev.architectury.registry.registries.forge.RegistrarManagerImpl/]: Registry entry listened Registry Entry [minecraft:entity_type / fossil:gastornis] was not realized!
[05Jan2026 06:14:45.240] [main/WARN] [dev.architectury.registry.registries.forge.RegistrarManagerImpl/]: Registry entry listened Registry Entry [minecraft:entity_type / fossil:kelenken] was not realized!
[05Jan2026 06:14:45.240] [main/WARN] [dev.architectury.registry.registries.forge.RegistrarManagerImpl/]: Registry entry listened Registry Entry [minecraft:entity_type / fossil:mammoth] was not realized!
[05Jan2026 06:14:45.240] [main/WARN] [dev.architectury.registry.registries.forge.RegistrarManagerImpl/]: Registry entry listened Registry Entry [minecraft:entity_type / fossil:protoceratops] was not realized!
[05Jan2026 06:14:45.240] [main/WARN] [dev.architectury.registry.registries.forge.RegistrarManagerImpl/]: Registry entry listened Registry Entry [minecraft:entity_type / fossil:meganeura] was not realized!
[05Jan2026 06:14:45.240] [main/WARN] [dev.architectury.registry.registries.forge.RegistrarManagerImpl/]: Registry entry listened Registry Entry [minecraft:entity_type / fossil:scotoharpes] was not realized!
[05Jan2026 06:14:45.240] [main/WARN] [dev.architectury.registry.registries.forge.RegistrarManagerImpl/]: Registry entry listened Registry Entry [minecraft:entity_type / fossil:failuresaurus] was not realized!
[05Jan2026 06:14:45.240] [main/WARN] [dev.architectury.registry.registries.forge.RegistrarManagerImpl/]: Registry entry listened Registry Entry [minecraft:entity_type / fossil:sentry_piglin] was not realized!
[05Jan2026 06:14:45.240] [main/WARN] [dev.architectury.registry.registries.forge.RegistrarManagerImpl/]: Registry entry listened Registry Entry [minecraft:entity_type / fossil:stegosaurus] was not realized!
[05Jan2026 06:14:45.240] [main/WARN] [dev.architectury.registry.registries.forge.RegistrarManagerImpl/]: Registry entry listened Registry Entry [minecraft:entity_type / fossil:dicranurus] was not realized!
[05Jan2026 06:14:45.240] [main/WARN] [dev.architectury.registry.registries.forge.RegistrarManagerImpl/]: Registry entry listened Registry Entry [minecraft:entity_type / fossil:gallimimus] was not realized!
[05Jan2026 06:14:45.240] [main/WARN] [dev.architectury.registry.registries.forge.RegistrarManagerImpl/]: Registry entry listened Registry Entry [minecraft:entity_type / fossil:elasmotherium] was not realized!
[05Jan2026 06:14:45.240] [main/WARN] [dev.architectury.registry.registries.forge.RegistrarManagerImpl/]: Registry entry listened Registry Entry [minecraft:entity_type / fossil:quetzalcoatlus] was not realized!
[05Jan2026 06:14:45.241] [main/WARN] [dev.architectury.registry.registries.forge.RegistrarManagerImpl/]: Registry entry listened Registry Entry [minecraft:entity_type / fossil:dryosaurus] was not realized!
[05Jan2026 06:14:45.241] [main/WARN] [dev.architectury.registry.registries.forge.RegistrarManagerImpl/]: Registry entry listened Registry Entry [minecraft:entity_type / fossil:coelacanth] was not realized!
[05Jan2026 06:14:45.241] [main/WARN] [dev.architectury.registry.registries.forge.RegistrarManagerImpl/]: Registry entry listened Registry Entry [minecraft:entity_type / fossil:aquilolamna] was not realized!
[05Jan2026 06:14:45.241] [main/WARN] [dev.architectury.registry.registries.forge.RegistrarManagerImpl/]: Registry entry listened Registry Entry [minecraft:entity_type / fossil:arthropleura] was not realized!
[05Jan2026 06:14:45.241] [main/WARN] [dev.architectury.registry.registries.forge.RegistrarManagerImpl/]: Registry entry listened Registry Entry [minecraft:entity_type / fossil:postosuchus] was not realized!
[05Jan2026 06:14:45.241] [main/WARN] [dev.architectury.registry.registries.forge.RegistrarManagerImpl/]: Registry entry listened Registry Entry [minecraft:entity_type / fossil:pteranodon] was not realized!
[05Jan2026 06:14:45.241] [main/WARN] [dev.architectury.registry.registries.forge.RegistrarManagerImpl/]: Registry entry listened Registry Entry [minecraft:entity_type / fossil:diplodocus] was not realized!
[05Jan2026 06:14:45.241] [main/WARN] [dev.architectury.registry.registries.forge.RegistrarManagerImpl/]: Registry entry listened Registry Entry [minecraft:entity_type / fossil:compsognathus] was not realized!
[05Jan2026 06:14:45.241] [main/WARN] [dev.architectury.registry.registries.forge.RegistrarManagerImpl/]: Registry entry listened Registry Entry [minecraft:entity_type / fossil:mosasaurus] was not realized!
[05Jan2026 06:14:45.241] [main/WARN] [dev.architectury.registry.registries.forge.RegistrarManagerImpl/]: Registry entry listened Registry Entry [minecraft:entity_type / fossil:crassigyrinus] was not realized!
[05Jan2026 06:14:45.241] [main/WARN] [dev.architectury.registry.registries.forge.RegistrarManagerImpl/]: Registry entry listened Registry Entry [minecraft:entity_type / fossil:tiktaalik] was not realized!
[05Jan2026 06:14:45.241] [main/WARN] [dev.architectury.registry.registries.forge.RegistrarManagerImpl/]: Registry entry listened Registry Entry [minecraft:entity_type / fossil:titanis] was not realized!
[05Jan2026 06:14:45.241] [main/WARN] [dev.architectury.registry.registries.forge.RegistrarManagerImpl/]: Registry entry listened Registry Entry [minecraft:entity_type / fossil:brachiosaurus] was not realized!
[05Jan2026 06:14:45.241] [main/WARN] [dev.architectury.registry.registries.forge.RegistrarManagerImpl/]: Registry entry listened Registry Entry [minecraft:entity_type / fossil:nautilus] was not realized!
[05Jan2026 06:14:45.241] [main/WARN] [dev.architectury.registry.registries.forge.RegistrarManagerImpl/]: Registry entry listened Registry Entry [minecraft:entity_type / fossil:liopleurodon] was not realized!
[05Jan2026 06:14:45.241] [main/WARN] [dev.architectury.registry.registries.forge.RegistrarManagerImpl/]: Registry entry listened Registry Entry [minecraft:entity_type / fossil:platybelodon] was not realized!
[05Jan2026 06:14:45.242] [main/WARN] [dev.architectury.registry.registries.forge.RegistrarManagerImpl/]: Registry entry listened Registry Entry [minecraft:entity_type / fossil:henodus] was not realized!
[05Jan2026 06:14:45.242] [main/WARN] [dev.architectury.registry.registries.forge.RegistrarManagerImpl/]: Registry entry listened Registry Entry [minecraft:entity_type / fossil:velociraptor] was not realized!
[05Jan2026 06:14:45.242] [main/WARN] [dev.architectury.registry.registries.forge.RegistrarManagerImpl/]: Registry entry listened Registry Entry [minecraft:entity_type / fossil:triceratops] was not realized!
[05Jan2026 06:14:45.242] [main/WARN] [dev.architectury.registry.registries.forge.RegistrarManagerImpl/]: Registry entry listened Registry Entry [minecraft:entity_type / fossil:walliserops] was not realized!
[05Jan2026 06:14:45.242] [main/WARN] [dev.architectury.registry.registries.forge.RegistrarManagerImpl/]: Registry entry listened Registry Entry [minecraft:entity_type / fossil:psittacosaurus] was not realized!
[05Jan2026 06:14:45.242] [main/WARN] [dev.architectury.registry.registries.forge.RegistrarManagerImpl/]: Registry entry listened Registry Entry [minecraft:entity_type / fossil:megalograptus] was not realized!
[05Jan2026 06:14:45.242] [main/WARN] [dev.architectury.registry.registries.forge.RegistrarManagerImpl/]: Registry entry listened Registry Entry [minecraft:entity_type / fossil:tyrannosaurus] was not realized!
[05Jan2026 06:14:45.242] [main/WARN] [dev.architectury.registry.registries.forge.RegistrarManagerImpl/]: Registry entry listened Registry Entry [minecraft:entity_type / fossil:sturgeon] was not realized!
[05Jan2026 06:14:45.242] [main/WARN] [dev.architectury.registry.registries.forge.RegistrarManagerImpl/]: Registry entry listened Registry Entry [minecraft:entity_type / fossil:pachyrhinosaurus] was not realized!
[05Jan2026 06:14:45.242] [main/WARN] [dev.architectury.registry.registries.forge.RegistrarManagerImpl/]: Registry entry listened Registry Entry [minecraft:entity_type / fossil:ceratosaurus] was not realized!
[05Jan2026 06:14:45.242] [main/WARN] [dev.architectury.registry.registries.forge.RegistrarManagerImpl/]: Registry entry listened Registry Entry [minecraft:entity_type / fossil:megalodon] was not realized!
[05Jan2026 06:14:45.242] [main/WARN] [dev.architectury.registry.registries.forge.RegistrarManagerImpl/]: Registry entry listened Registry Entry [minecraft:entity_type / fossil:sarcosuchus] was not realized!
[05Jan2026 06:14:45.242] [main/WARN] [dev.architectury.registry.registries.forge.RegistrarManagerImpl/]: Registry entry listened Registry Entry [minecraft:entity_type / fossil:citipati] was not realized!
[05Jan2026 06:14:45.242] [main/WARN] [dev.architectury.registry.registries.forge.RegistrarManagerImpl/]: Registry entry listened Registry Entry [minecraft:entity_type / fossil:diplocaulus] was not realized!
[05Jan2026 06:14:45.242] [main/WARN] [dev.architectury.registry.registries.forge.RegistrarManagerImpl/]: Registry entry listened Registry Entry [minecraft:entity_type / fossil:megalania] was not realized!
[05Jan2026 06:14:45.242] [main/WARN] [dev.architectury.registry.registries.forge.RegistrarManagerImpl/]: Registry entry listened Registry Entry [minecraft:entity_type / fossil:tar_slime] was not realized!
[05Jan2026 06:14:45.242] [main/WARN] [dev.architectury.registry.registries.forge.RegistrarManagerImpl/]: Registry entry listened Registry Entry [minecraft:entity_type / fossil:anu_boss] was not realized!
[05Jan2026 06:14:45.242] [main/WARN] [dev.architectury.registry.registries.forge.RegistrarManagerImpl/]: Registry entry listened Registry Entry [minecraft:entity_type / fossil:therizinosaurus] was not realized!
[05Jan2026 06:14:45.242] [main/WARN] [dev.architectury.registry.registries.forge.RegistrarManagerImpl/]: Registry entry listened Registry Entry [minecraft:entity_type / fossil:confuciusornis] was not realized!
[05Jan2026 06:14:45.242] [main/WARN] [dev.architectury.registry.registries.forge.RegistrarManagerImpl/]: Registry entry listened Registry Entry [minecraft:entity_type / fossil:megaloceros] was not realized!
[05Jan2026 06:14:45.242] [main/WARN] [dev.architectury.registry.registries.forge.RegistrarManagerImpl/]: Registry entry listened Registry Entry [minecraft:entity_type / fossil:dilophosaurus] was not realized!
[05Jan2026 06:14:45.242] [main/WARN] [dev.architectury.registry.registries.forge.RegistrarManagerImpl/]: Registry entry listened Registry Entry [minecraft:entity_type / fossil:spinosaurus] was not realized!
[05Jan2026 06:14:45.243] [main/WARN] [dev.architectury.registry.registries.forge.RegistrarManagerImpl/]: Registry entry listened Registry Entry [minecraft:entity_type / fossil:dimorphodon] was not realized!
[05Jan2026 06:14:45.243] [main/WARN] [dev.architectury.registry.registries.forge.RegistrarManagerImpl/]: Registry entry listened Registry Entry [minecraft:entity_type / fossil:ornitholestes] was not realized!
[05Jan2026 06:14:45.243] [main/WARN] [dev.architectury.registry.registries.forge.RegistrarManagerImpl/]: Registry entry listened Registry Entry [minecraft:entity_type / fossil:lonchodomas] was not realized!
[05Jan2026 06:14:45.243] [main/WARN] [dev.architectury.registry.registries.forge.RegistrarManagerImpl/]: Registry entry listened Registry Entry [minecraft:entity_type / fossil:allosaurus] was not realized!
[05Jan2026 06:14:45.243] [main/WARN] [dev.architectury.registry.registries.forge.RegistrarManagerImpl/]: Registry entry listened Registry Entry [minecraft:entity_type / fossil:quagga] was not realized!
[05Jan2026 06:14:45.243] [main/WARN] [dev.architectury.registry.registries.forge.RegistrarManagerImpl/]: Registry entry listened Registry Entry [minecraft:entity_type / fossil:plesiosaurus] was not realized!
[05Jan2026 06:14:45.243] [main/WARN] [dev.architectury.registry.registries.forge.RegistrarManagerImpl/]: Registry entry listened Registry Entry [minecraft:entity_type / fossil:ankylosaurus] was not realized!
[05Jan2026 06:14:45.243] [main/WARN] [dev.architectury.registry.registries.forge.RegistrarManagerImpl/]: Registry entry listened Registry Entry [minecraft:entity_type / fossil:parasaurolophus] was not realized!
[05Jan2026 06:14:45.243] [main/WARN] [dev.architectury.registry.registries.forge.RegistrarManagerImpl/]: Registry entry listened Registry Entry [minecraft:entity_type / fossil:smilodon] was not realized!
[05Jan2026 06:14:45.243] [main/WARN] [dev.architectury.registry.registries.forge.RegistrarManagerImpl/]: Registry entry listened Registry Entry [minecraft:entity_type / fossil:phorusrhacos] was not realized!
[05Jan2026 06:14:45.243] [main/WARN] [dev.architectury.registry.registries.forge.RegistrarManagerImpl/]: Registry entry listened Registry Entry [minecraft:entity_type / fossil:deinonychus] was not realized!
[05Jan2026 06:14:45.243] [main/WARN] [dev.architectury.registry.registries.forge.RegistrarManagerImpl/]: Registry entry listened Registry Entry [minecraft:entity_type / fossil:alligator_gar] was not realized!
[05Jan2026 06:14:45.243] [main/WARN] [dev.architectury.registry.registries.forge.RegistrarManagerImpl/]: Registry entry listened Registry Entry [minecraft:entity_type / fossil:edaphosaurus] was not realized!
[05Jan2026 06:14:45.243] [main/WARN] [dev.architectury.registry.registries.forge.RegistrarManagerImpl/]: Registry entry listened Registry Entry [minecraft:entity_type / fossil:ichthyosaurus] was not realized!
[05Jan2026 06:14:45.399] [main/INFO] [ModernFix/]: Bypassed Mojang DFU
[05Jan2026 06:14:45.399] [main/INFO] [ModernFix/]: Instantiating Mojang DFU
[05Jan2026 06:14:46.675] [main/WARN] [net.minecraft.network.syncher.SynchedEntityData/]: defineId called for: class net.mcreator.borninchaosv.entity.BabySpiderEntity from class net.mcreator.borninchaosv.entity.MotherSpiderEntity
[05Jan2026 06:14:47.143] [modloading-worker-0/INFO] [com.becks.uniquedungeons.UniqueDungeons/]: HELLO FROM COMMON SETUP
[05Jan2026 06:14:47.144] [modloading-worker-0/INFO] [com.becks.uniquedungeons.UniqueDungeons/]: DIRT BLOCK >> minecraft:dirt
[05Jan2026 06:14:47.170] [Forge Version Check/INFO] [net.minecraftforge.fml.VersionChecker/]: [reap] Starting version check at https://maxhenkel.de/update/reap.json
[05Jan2026 06:14:47.718] [main/INFO] [com.tiviacz.travelersbackpack.TravelersBackpack/]: Registered the FluidEffect with Unique ID of minecraft:water for Water (Fluid Amount Required: 1000) with the ID 0
[05Jan2026 06:14:47.719] [main/INFO] [com.tiviacz.travelersbackpack.TravelersBackpack/]: Registered the FluidEffect with Unique ID of minecraft:lava for Lava (Fluid Amount Required: 1000) with the ID 1
[05Jan2026 06:14:47.719] [main/INFO] [com.tiviacz.travelersbackpack.TravelersBackpack/]: Registered the FluidEffect with Unique ID of travelersbackpack:potion for Uncraftable Potion (Fluid Amount Required: 250) with the ID 2
[05Jan2026 06:14:47.719] [main/INFO] [com.tiviacz.travelersbackpack.TravelersBackpack/]: Registered the FluidEffect with Unique ID of minecraft:milk for Milk (Fluid Amount Required: 1000) with the ID 3
[05Jan2026 06:14:47.775] [main/INFO] [terrablender/]: Registered region minecraft:overworld to index 0 for type OVERWORLD
[05Jan2026 06:14:47.775] [main/INFO] [terrablender/]: Registered region minecraft:nether to index 0 for type NETHER
[05Jan2026 06:14:47.775] [main/INFO] [terrablender/]: Registered region fossil:overworld to index 1 for type OVERWORLD
[05Jan2026 06:14:47.885] [modloading-worker-0/INFO] [xaero.map.server.WorldMapServer/]: Loading Xaero's World Map - Stage 1/2 (Server)
[05Jan2026 06:14:47.887] [modloading-worker-0/INFO] [xaero.minimap.XaeroMinimap/]: Loading Xaero's Minimap - Stage 1/2 (Server)
[05Jan2026 06:14:47.910] [main/INFO] [xaero.map.server.WorldMapServer/]: Loading Xaero's World Map - Stage 2/2 (Server)
[05Jan2026 06:14:47.910] [main/INFO] [xaero.minimap.XaeroMinimap/]: Loading Xaero's Minimap - Stage 2/2 (Server)
[05Jan2026 06:14:48.241] [modloading-worker-0/INFO] [Jade/]: Start loading plugin at ht.treechop.compat.Jade
[05Jan2026 06:14:48.248] [modloading-worker-0/INFO] [Jade/]: Start loading plugin at net.blay09.mods.waystones.compat.JadeIntegration
[05Jan2026 06:14:48.249] [modloading-worker-0/INFO] [Jade/]: Start loading plugin at net.blay09.mods.balm.forge.compat.hudinfo.ForgeJadeModCompat
[05Jan2026 06:14:48.249] [modloading-worker-0/INFO] [Jade/]: Start loading plugin at twilightforest.compat.jade.JadeCompat
[05Jan2026 06:14:48.250] [modloading-worker-0/INFO] [Jade/]: Start loading plugin at snownee.jade.addon.vanilla.VanillaPlugin
[05Jan2026 06:14:48.260] [modloading-worker-0/INFO] [Jade/]: Start loading plugin at snownee.jade.addon.universal.UniversalPlugin
[05Jan2026 06:14:48.264] [modloading-worker-0/INFO] [Jade/]: Start loading plugin at snownee.jade.addon.core.CorePlugin
[05Jan2026 06:14:48.265] [modloading-worker-0/INFO] [Jade/]: Start loading plugin at net.geforcemods.securitycraft.compat.hudmods.JadeDataProvider
[05Jan2026 06:14:48.267] [modloading-worker-0/INFO] [Jade/]: Start loading plugin at ovh.corail.tombstone.compatibility.IntegrationJade
[05Jan2026 06:14:48.270] [modloading-worker-0/INFO] [Jade/]: Start loading plugin at com.github.teamfossilsarcheology.fossil.forge.compat.jade.FossilJadePluginForge
[05Jan2026 06:14:48.291] [main/INFO] [citadel/]: adding citadel surface rules via terrablender...
[05Jan2026 06:14:48.292] [main/INFO] [citadel/]: Added 0 vanilla biome surface rule types via terrablender
[05Jan2026 06:14:48.293] [main/INFO] [citadel/]: Added 0 modded biome surface rule types via terrablender
[05Jan2026 06:14:48.380] [Forge Version Check/INFO] [net.minecraftforge.fml.VersionChecker/]: [reap] Found status: UP_TO_DATE Current: 1.20.1-1.0.2 Target: null
[05Jan2026 06:14:48.382] [Forge Version Check/INFO] [net.minecraftforge.fml.VersionChecker/]: [clumps] Starting version check at https://updates.blamejared.com/get?n=clumps&gv=1.20.1
[05Jan2026 06:14:48.722] [Forge Version Check/INFO] [net.minecraftforge.fml.VersionChecker/]: [clumps] Found status: BETA Current: 12.0.0.4 Target: 12.0.0.4
[05Jan2026 06:14:48.722] [Forge Version Check/INFO] [net.minecraftforge.fml.VersionChecker/]: [travelersbackpack] Starting version check at https://gist.githubusercontent.com/Tiviacz1337/906937677aa472285dff9d6c2a189d5e/raw
[05Jan2026 06:14:48.756] [Forge Version Check/INFO] [net.minecraftforge.fml.VersionChecker/]: [travelersbackpack] Found status: AHEAD Current: 9.1.46 Target: null
[05Jan2026 06:14:48.756] [Forge Version Check/INFO] [net.minecraftforge.fml.VersionChecker/]: [pickupnotifier] Starting version check at https://raw.githubusercontent.com/Fuzss/modresources/main/update/pickupnotifier.json
[05Jan2026 06:14:48.786] [Forge Version Check/INFO] [net.minecraftforge.fml.VersionChecker/]: [pickupnotifier] Found status: UP_TO_DATE Current: 8.0.0 Target: null
[05Jan2026 06:14:48.786] [Forge Version Check/INFO] [net.minecraftforge.fml.VersionChecker/]: [crafttweaker] Starting version check at https://updates.blamejared.com/get?n=crafttweaker&gv=1.20.1
[05Jan2026 06:14:48.882] [Forge Version Check/INFO] [net.minecraftforge.fml.VersionChecker/]: [crafttweaker] Found status: BETA Current: 14.0.59 Target: 14.0.59
[05Jan2026 06:14:48.882] [Forge Version Check/INFO] [net.minecraftforge.fml.VersionChecker/]: [puzzlesaccessapi] Starting version check at https://raw.githubusercontent.com/Fuzss/modresources/main/update/puzzlesaccessapi.json
[05Jan2026 06:14:48.891] [Forge Version Check/INFO] [net.minecraftforge.fml.VersionChecker/]: [puzzlesaccessapi] Found status: BETA Current: 20.1.1 Target: null
[05Jan2026 06:14:48.891] [Forge Version Check/INFO] [net.minecraftforge.fml.VersionChecker/]: [forge] Starting version check at https://files.minecraftforge.net/net/minecraftforge/forge/promotions_slim.json
[05Jan2026 06:14:48.993] [main/INFO] [com.mojang.authlib.yggdrasil.YggdrasilAuthenticationService/]: Environment: authHost='https://authserver.mojang.com', accountsHost='https://api.mojang.com', sessionHost='https://sessionserver.mojang.com', servicesHost='https://api.minecraftservices.com', name='PROD'
[05Jan2026 06:14:48.999] [Forge Version Check/INFO] [net.minecraftforge.fml.VersionChecker/]: [forge] Found status: OUTDATED Current: 47.3.7 Target: 47.4.10
[05Jan2026 06:14:49.000] [Forge Version Check/INFO] [net.minecraftforge.fml.VersionChecker/]: [twilightforest] Starting version check at https://gh.tamaized.com/TeamTwilight/twilightforest/update.json
[05Jan2026 06:14:49.104] [Forge Version Check/INFO] [net.minecraftforge.fml.VersionChecker/]: [twilightforest] Found status: AHEAD Current: 4.3.2508 Target: null
[05Jan2026 06:14:49.104] [Forge Version Check/INFO] [net.minecraftforge.fml.VersionChecker/]: [securitycraft] Starting version check at https://www.github.com/Geforce132/SecurityCraft/raw/master/Updates/Forge.json
[05Jan2026 06:14:49.226] [Forge Version Check/INFO] [net.minecraftforge.fml.VersionChecker/]: [securitycraft] Found status: UP_TO_DATE Current: 1.10.1 Target: null
[05Jan2026 06:14:49.227] [Forge Version Check/INFO] [net.minecraftforge.fml.VersionChecker/]: [tombstone] Starting version check at https://raw.githubusercontent.com/Corail31/tombstone_lite/master/update.json
[05Jan2026 06:14:49.240] [Forge Version Check/INFO] [net.minecraftforge.fml.VersionChecker/]: [tombstone] Found status: UP_TO_DATE Current: 9.0.9 Target: null
[05Jan2026 06:14:49.240] [Forge Version Check/INFO] [net.minecraftforge.fml.VersionChecker/]: [puzzleslib] Starting version check at https://raw.githubusercontent.com/Fuzss/modresources/main/update/puzzleslib.json
[05Jan2026 06:14:49.250] [Forge Version Check/INFO] [net.minecraftforge.fml.VersionChecker/]: [puzzleslib] Found status: UP_TO_DATE Current: 8.1.33 Target: null
[05Jan2026 06:14:49.251] [Forge Version Check/INFO] [net.minecraftforge.fml.VersionChecker/]: [moblassos] Starting version check at https://raw.githubusercontent.com/Fuzss/modresources/main/update/moblassos.json
[05Jan2026 06:14:49.264] [Forge Version Check/INFO] [net.minecraftforge.fml.VersionChecker/]: [moblassos] Found status: UP_TO_DATE Current: 8.0.1 Target: null
[05Jan2026 06:14:49.530] [main/WARN] [net.minecraft.server.packs.VanillaPackResourcesBuilder/]: Assets URL 'union:/workspaces/project/servidor_minecraft/libraries/net/minecraft/server/1.20.1-20230612.114412/server-1.20.1-20230612.114412-srg.jar%23203!/assets/.mcassetsroot' uses unexpected schema
[05Jan2026 06:14:49.531] [main/WARN] [net.minecraft.server.packs.VanillaPackResourcesBuilder/]: Assets URL 'union:/workspaces/project/servidor_minecraft/libraries/net/minecraft/server/1.20.1-20230612.114412/server-1.20.1-20230612.114412-srg.jar%23203!/data/.mcassetsroot' uses unexpected schema
[05Jan2026 06:14:52.050] [main/INFO] [com.github.alexthe666.alexsmobs.AlexsMobs/]: Adding datapack listener capsid_recipes
[05Jan2026 06:14:52.152] [Worker-Main-1/WARN] [artifacts.Artifacts/]: Tag entries for curios:tags/items/magic_book.json cleared by tombstone-1.20.1-9.0.9.jar
[05Jan2026 06:14:52.782] [Worker-Main-2/INFO] [Mantle/]: Loaded 20 loot table injectors injecting into 18 tables in 13.482531 ms
[05Jan2026 06:14:53.126] [main/WARN] [net.minecraft.world.level.storage.loot.LootDataManager/]: Found loot table element validation problem in {loot_tables:alexsmobs:gameplay/seal_reward}.pools[0].entries[0]->{minecraft:gameplay/fishing/junk}.pools[1].condition[1]: Parameters [<parameter minecraft:origin>] are not provided in this context
[05Jan2026 06:14:53.189] [main/INFO] [net.minecraft.world.item.crafting.RecipeManager/]: Skipping loading recipe twilightforest:jeed/frosted as it's serializer returned null
[05Jan2026 06:14:53.197] [main/INFO] [net.minecraft.world.item.crafting.RecipeManager/]: Skipping loading recipe twilightforest:jeed/hunger as it's serializer returned null
[05Jan2026 06:14:53.211] [main/INFO] [net.minecraft.world.item.crafting.RecipeManager/]: Skipping loading recipe tconstruct:smeltery/alloys/molten_pewter as it's serializer returned null
[05Jan2026 06:14:53.239] [main/INFO] [net.minecraft.world.item.crafting.RecipeManager/]: Skipping loading recipe twilightforest:jeed/blindness as it's serializer returned null
[05Jan2026 06:14:53.253] [main/INFO] [net.minecraft.world.item.crafting.RecipeManager/]: Skipping loading recipe twilightforest:jeed/poison as it's serializer returned null
[05Jan2026 06:14:53.284] [main/INFO] [net.minecraft.world.item.crafting.RecipeManager/]: Skipping loading recipe twilightforest:jeed/resistance as it's serializer returned null
[05Jan2026 06:14:53.309] [main/INFO] [net.minecraft.world.item.crafting.RecipeManager/]: Skipping loading recipe twilightforest:jeed/regeneration as it's serializer returned null
[05Jan2026 06:14:53.311] [main/INFO] [net.minecraft.world.item.crafting.RecipeManager/]: Skipping loading recipe twilightforest:jeed/slowness as it's serializer returned null
[05Jan2026 06:14:53.314] [main/INFO] [net.minecraft.world.item.crafting.RecipeManager/]: Skipping loading recipe twilightforest:jeed/fire_resistance as it's serializer returned null
[05Jan2026 06:14:53.319] [main/INFO] [net.minecraft.world.item.crafting.RecipeManager/]: Loaded 29 recipes
[05Jan2026 06:14:53.496] [main/INFO] [net.minecraft.advancements.AdvancementList/]: Loaded 3765 advancements
[05Jan2026 06:14:53.507] [main/INFO] [twilightforest/]: Loaded 9 Stalactite configs!
[05Jan2026 06:14:53.521] [main/INFO] [slimeknights.tconstruct.library.materials.definition.MaterialManager/]: Loaded 55 materials in 5.892841 ms
[05Jan2026 06:14:53.524] [main/INFO] [slimeknights.tconstruct.library.materials.definition.MaterialManager/]: Loaded 9 material tags for 39 materials in 2.793065 ms
[05Jan2026 06:14:53.533] [main/INFO] [slimeknights.tconstruct.library.materials.stats.MaterialStatsManager/]: 412 stats loaded for 69 materials in 8.88608 ms
[05Jan2026 06:14:53.547] [main/INFO] [slimeknights.tconstruct.library.materials.traits.MaterialTraitsManager/]: 229 traits loaded for 69 materials in 13.607958 ms
[05Jan2026 06:14:53.605] [main/INFO] [slimeknights.tconstruct.library.modifiers.ModifierManager/]: Loaded 154 dynamic modifiers and 4 modifier redirects in 57.129658 ms
[05Jan2026 06:14:53.610] [main/INFO] [slimeknights.tconstruct.library.modifiers.ModifierManager/]: Loaded 42 modifier tags for 141 modifiers in 5.044288 ms
[05Jan2026 06:14:53.612] [main/INFO] [slimeknights.tconstruct.library.modifiers.ModifierManager/]: Loaded 50 enchantment to modifier mappings in 2.633136 ms
[05Jan2026 06:14:53.617] [main/INFO] [tconstruct/]: Loaded 43 spilling fluids in 3.505316 ms
[05Jan2026 06:14:53.621] [main/INFO] [top.theillusivec4.curios.Curios/]: Loaded 13 curio slots
[05Jan2026 06:14:53.625] [main/INFO] [top.theillusivec4.curios.Curios/]: Loaded 11 curio entities
[05Jan2026 06:14:53.630] [main/INFO] [slimeknights.mantle.fluid.transfer.FluidContainerTransferManager/]: Loaded 25 dynamic modifiers in 3.198883 ms
[05Jan2026 06:14:53.639] [main/INFO] [Fossils Archeology/]: Loaded 733 server animations for 66 entities
[05Jan2026 06:14:53.657] [main/INFO] [Fossils Archeology/]: Loaded 1056 animation category entries for 66 entities
[05Jan2026 06:14:53.666] [main/INFO] [Fossils Archeology/]: Loaded data for 59 entities
[05Jan2026 06:14:53.667] [main/INFO] [Fossils Archeology/]: Loaded food values: (items: 51) (entities: 39, 39) (Tags: 8, 0)
[05Jan2026 06:14:53.678] [main/INFO] [Fossils Archeology/]: Loaded 12 variants
[05Jan2026 06:14:53.692] [main/INFO] [slimeknights.tconstruct.library.tools.definition.ToolDefinitionLoader/]: Loaded 38 tool definitions in 13.28374 ms
[05Jan2026 06:14:53.698] [main/INFO] [slimeknights.tconstruct.library.tools.layout.StationSlotLayoutLoader/]: Loaded 19 station slot layouts in 5.696095 ms
[05Jan2026 06:14:54.408] [main/WARN] [ModernFix/]: Initial datapack load took 4.832 s
[05Jan2026 06:14:54.786] [Server thread/INFO] [net.minecraft.server.dedicated.DedicatedServer/]: Starting minecraft server version 1.20.1
[05Jan2026 06:14:54.787] [Server thread/INFO] [net.minecraft.server.dedicated.DedicatedServer/]: Loading properties
[05Jan2026 06:14:54.787] [Server thread/INFO] [net.minecraft.server.dedicated.DedicatedServer/]: Default game type: SURVIVAL
[05Jan2026 06:14:54.787] [Server thread/INFO] [net.minecraft.server.MinecraftServer/]: Generating keypair
[05Jan2026 06:14:54.858] [Server thread/INFO] [net.minecraft.server.dedicated.DedicatedServer/]: Starting Minecraft server on *:25565
[05Jan2026 06:14:54.898] [Server thread/INFO] [net.minecraft.server.network.ServerConnectionListener/]: Using epoll channel type
[05Jan2026 06:14:54.977] [Server thread/WARN] [net.minecraft.server.dedicated.DedicatedServer/]: **** SERVER IS RUNNING IN OFFLINE/INSECURE MODE!
[05Jan2026 06:14:54.977] [Server thread/WARN] [net.minecraft.server.dedicated.DedicatedServer/]: The server will make no attempt to authenticate usernames. Beware.
[05Jan2026 06:14:54.977] [Server thread/WARN] [net.minecraft.server.dedicated.DedicatedServer/]: While this makes the game possible to play without internet access, it also opens up the ability for hackers to connect with any username they choose.
[05Jan2026 06:14:54.978] [Server thread/WARN] [net.minecraft.server.dedicated.DedicatedServer/]: To change this, set "online-mode" to "true" in the server.properties file.
[05Jan2026 06:14:55.003] [Server thread/INFO] [Puzzles Lib/]: Loading server config for pickupnotifier
[05Jan2026 06:14:55.015] [Server thread/INFO] [Puzzles Lib/]: Loading server config for moblassos
[05Jan2026 06:14:55.138] [Thread-0/INFO] [ModernFix/]: Please use /mfsrc to reload any changed mod config files
[05Jan2026 06:14:55.198] [Server thread/INFO] [spark/]: Starting background profiler...
[05Jan2026 06:14:55.679] [Server thread/INFO] [terrablender/]: Initialized TerraBlender biomes for level stem minecraft:overworld
[05Jan2026 06:14:55.679] [Server thread/INFO] [terrablender/]: Initialized TerraBlender biomes for level stem minecraft:the_nether
[05Jan2026 06:14:55.680] [Server thread/INFO] [net.minecraft.server.dedicated.DedicatedServer/]: Preparing level "world"
[05Jan2026 06:14:56.686] [Server thread/INFO] [net.minecraft.server.MinecraftServer/]: Preparing start region for dimension minecraft:overworld
[05Jan2026 06:14:58.137] [Server thread/INFO] [net.minecraft.server.level.progress.LoggerChunkProgressListener/]: Preparing spawn area: 0%
[05Jan2026 06:14:58.138] [Server thread/INFO] [net.minecraft.server.level.progress.LoggerChunkProgressListener/]: Preparing spawn area: 0%
[05Jan2026 06:14:58.138] [Server thread/INFO] [net.minecraft.server.level.progress.LoggerChunkProgressListener/]: Preparing spawn area: 0%
[05Jan2026 06:14:58.189] [Server thread/INFO] [net.minecraft.server.level.progress.LoggerChunkProgressListener/]: Preparing spawn area: 0%
[05Jan2026 06:14:58.814] [Server thread/INFO] [net.minecraft.server.level.progress.LoggerChunkProgressListener/]: Time elapsed: 2127 ms
[05Jan2026 06:14:58.815] [Server thread/INFO] [net.minecraft.server.dedicated.DedicatedServer/]: Done (3.826s)! For help, type "help"
[05Jan2026 06:14:58.885] [Server thread/INFO] [net.minecraftforge.server.permission.PermissionAPI/]: Successfully initialized permission handler forge:default_handler
[05Jan2026 06:14:58.887] [Server thread/INFO] [com.becks.uniquedungeons.UniqueDungeons/]: HELLO from server starting
[05Jan2026 06:14:58.918] [Server thread/INFO] [Observable/]: Registered thread Server thread
[05Jan2026 06:14:58.919] [Server thread/WARN] [ModernFix/]: Dedicated server took 36.321 seconds to load
[05Jan2026 06:15:09.571] [Server thread/INFO] [net.minecraft.server.players.PlayerList/]: AlbertoFdez[/127.139.175.70:33885] logged in with entity id 1082 at (-289.7602883387739, -31.5, 0.5910169859424946)
[05Jan2026 06:15:09.675] [Server thread/INFO] [net.minecraft.server.MinecraftServer/]: AlbertoFdez joined the game
[05Jan2026 06:15:09.826] [Server thread/INFO] [Jade/]: Syncing config to AlbertoFdez (a8946ccc-c2e8-3f15-b66c-525c8149dd30)
[05Jan2026 06:15:12.161] [Server thread/INFO] [net.minecraft.server.players.PlayerList/]: bpaganin[/127.110.109.244:39355] logged in with entity id 1210 at (-69.17706596528967, 105.0, -424.41539983712664)
[05Jan2026 06:15:12.192] [Server thread/INFO] [net.minecraft.server.MinecraftServer/]: bpaganin joined the game
[05Jan2026 06:15:12.243] [Server thread/INFO] [Jade/]: Syncing config to bpaganin (088bcda0-d310-3c70-b3c8-d8cb5cf68b7e)
[05Jan2026 06:15:13.339] [Server thread/INFO] [net.minecraft.server.players.PlayerList/]: laquematoanisman[/127.11.182.4:41945] logged in with entity id 1277 at (-168.6316161795632, 68.0, -211.68356044194414)
[05Jan2026 06:15:13.364] [Server thread/INFO] [net.minecraft.server.MinecraftServer/]: laquematoanisman joined the game
[05Jan2026 06:15:13.430] [Server thread/INFO] [Jade/]: Syncing config to laquematoanisman (3a7c024c-4674-3925-923b-62f6b28b1ca3)
[05Jan2026 06:15:13.561] [Server thread/INFO] [net.minecraft.server.players.PlayerList/]: UnderErre[/127.183.202.213:34539] logged in with entity id 1289 at (-3464.7761333118333, 68.7531999805212, 135.6535679307902)
[05Jan2026 06:15:13.597] [Server thread/INFO] [net.minecraft.server.MinecraftServer/]: UnderErre joined the game
[05Jan2026 06:15:13.631] [Server thread/INFO] [Jade/]: Syncing config to UnderErre (8613e5a6-868e-34e8-865a-4c8c12e51f78)
[05Jan2026 06:16:30.962] [Server thread/INFO] [net.minecraft.server.players.PlayerList/]: caslu[/127.73.223.127:34723] logged in with entity id 2530 at (-112.53911724839415, 71.0, -386.329860406709)
[05Jan2026 06:16:30.998] [Server thread/INFO] [net.minecraft.server.MinecraftServer/]: caslu joined the game
[05Jan2026 06:16:31.067] [Server thread/INFO] [Jade/]: Syncing config to caslu (d68c8e9e-394d-37c6-9710-a218d4ba9113)
[05Jan2026 06:17:12.095] [Server thread/INFO] [net.minecraft.server.MinecraftServer/]: caslu has made the advancement [Take Aim]
[05Jan2026 06:17:48.116] [Server thread/INFO] [net.minecraft.server.players.PlayerList/]: aguchitoo[/127.159.39.108:53439] logged in with entity id 3799 at (1222.7419381950986, -58.56847615472927, -325.70011591803103)
[05Jan2026 06:17:48.135] [Server thread/INFO] [net.minecraft.server.MinecraftServer/]: aguchitoo joined the game
[05Jan2026 06:17:48.152] [Server thread/INFO] [Jade/]: Syncing config to aguchitoo (1c086c65-8f4a-35b6-8dd4-c4033921c08c)
[05Jan2026 06:18:13.513] [ForkJoinPool.commonPool-worker-4/INFO] [com.natamus.beautifiedchatserver_common_forge.data.Chat/]: 06:18 | caslu: zzzz
[05Jan2026 06:18:13.514] [Server thread/INFO] [com.natamus.beautifiedchatserver_common_forge.data.Chat/]: 06:18 | caslu: zzzz
[05Jan2026 06:18:22.761] [ForkJoinPool.commonPool-worker-4/INFO] [com.natamus.beautifiedchatserver_common_forge.data.Chat/]: 06:18 | caslu: zzz
[05Jan2026 06:18:22.762] [Server thread/INFO] [com.natamus.beautifiedchatserver_common_forge.data.Chat/]: 06:18 | caslu: zzz
[05Jan2026 06:18:23.266] [ForkJoinPool.commonPool-worker-4/INFO] [com.natamus.beautifiedchatserver_common_forge.data.Chat/]: 06:18 | caslu: zzz
[05Jan2026 06:18:23.267] [Server thread/INFO] [com.natamus.beautifiedchatserver_common_forge.data.Chat/]: 06:18 | caslu: zzz
[05Jan2026 06:18:30.054] [ForkJoinPool.commonPool-worker-4/INFO] [com.natamus.beautifiedchatserver_common_forge.data.Chat/]: 06:18 | caslu: PornHub.com
[05Jan2026 06:18:30.055] [Server thread/INFO] [com.natamus.beautifiedchatserver_common_forge.data.Chat/]: 06:18 | caslu: PornHub.com
[05Jan2026 06:18:32.104] [ForkJoinPool.commonPool-worker-4/INFO] [com.natamus.beautifiedchatserver_common_forge.data.Chat/]: 06:18 | laquematoanisman: DUERMEE DUERMEE DUERMEEEE
[05Jan2026 06:18:32.104] [Server thread/INFO] [com.natamus.beautifiedchatserver_common_forge.data.Chat/]: 06:18 | laquematoanisman: DUERMEE DUERMEE DUERMEEEE
[05Jan2026 06:18:33.850] [ForkJoinPool.commonPool-worker-4/INFO] [com.natamus.beautifiedchatserver_common_forge.data.Chat/]: 06:18 | laquematoanisman: DUERMEE DUERMEE DUERMEEEE
[05Jan2026 06:18:33.851] [Server thread/INFO] [com.natamus.beautifiedchatserver_common_forge.data.Chat/]: 06:18 | laquematoanisman: DUERMEE DUERMEE DUERMEEEE
[05Jan2026 06:18:42.660] [ForkJoinPool.commonPool-worker-4/INFO] [com.natamus.beautifiedchatserver_common_forge.data.Chat/]: 06:18 | caslu: www.PornHub.com
[05Jan2026 06:18:42.660] [Server thread/INFO] [com.natamus.beautifiedchatserver_common_forge.data.Chat/]: 06:18 | caslu: www.PornHub.com
[05Jan2026 06:18:45.371] [ForkJoinPool.commonPool-worker-4/INFO] [com.natamus.beautifiedchatserver_common_forge.data.Chat/]: 06:18 | aguchitoo: TINKER COSNTRUCT GUIA EN ESPAÑOL
[05Jan2026 06:18:45.372] [Server thread/INFO] [com.natamus.beautifiedchatserver_common_forge.data.Chat/]: 06:18 | aguchitoo: TINKER COSNTRUCT GUIA EN ESPAÑOL
[05Jan2026 06:18:56.205] [ForkJoinPool.commonPool-worker-4/INFO] [com.natamus.beautifiedchatserver_common_forge.data.Chat/]: 06:18 | caslu: zzzzzzzzzzzzz
[05Jan2026 06:18:56.206] [Server thread/INFO] [com.natamus.beautifiedchatserver_common_forge.data.Chat/]: 06:18 | caslu: zzzzzzzzzzzzz
[05Jan2026 06:18:57.459] [ForkJoinPool.commonPool-worker-4/INFO] [com.natamus.beautifiedchatserver_common_forge.data.Chat/]: 06:18 | caslu: zzzzzzzzzzzzzzz
[05Jan2026 06:18:57.460] [Server thread/INFO] [com.natamus.beautifiedchatserver_common_forge.data.Chat/]: 06:18 | caslu: zzzzzzzzzzzzzzz
[05Jan2026 06:18:58.554] [ForkJoinPool.commonPool-worker-4/INFO] [com.natamus.beautifiedchatserver_common_forge.data.Chat/]: 06:18 | caslu: zzzzzzzzzzzzz
[05Jan2026 06:18:58.554] [Server thread/INFO] [com.natamus.beautifiedchatserver_common_forge.data.Chat/]: 06:18 | caslu: zzzzzzzzzzzzz
[05Jan2026 06:18:59.569] [ForkJoinPool.commonPool-worker-4/INFO] [com.natamus.beautifiedchatserver_common_forge.data.Chat/]: 06:18 | caslu: zzzzz
[05Jan2026 06:18:59.570] [Server thread/INFO] [com.natamus.beautifiedchatserver_common_forge.data.Chat/]: 06:18 | caslu: zzzzz
[05Jan2026 06:19:00.624] [ForkJoinPool.commonPool-worker-4/INFO] [com.natamus.beautifiedchatserver_common_forge.data.Chat/]: 06:19 | caslu: zzzzzzz
[05Jan2026 06:19:00.624] [Server thread/INFO] [com.natamus.beautifiedchatserver_common_forge.data.Chat/]: 06:19 | caslu: zzzzzzz
[05Jan2026 06:19:00.863] [ForkJoinPool.commonPool-worker-4/INFO] [com.natamus.beautifiedchatserver_common_forge.data.Chat/]: 06:19 | caslu: z
[05Jan2026 06:19:00.863] [Server thread/INFO] [com.natamus.beautifiedchatserver_common_forge.data.Chat/]: 06:19 | caslu: z
[05Jan2026 06:19:04.424] [ForkJoinPool.commonPool-worker-4/INFO] [com.natamus.beautifiedchatserver_common_forge.data.Chat/]: 06:19 | caslu: zzzzzzzzzzzzzzzzzzzzzzzzzzzzzzzzzzzzzzzzzzzzzzzzzzzzzzzzzzzzzzzzzzzzzzzzzzzzzzzzzzzzzzzzzz
[05Jan2026 06:19:04.456] [Server thread/INFO] [com.natamus.beautifiedchatserver_common_forge.data.Chat/]: 06:19 | caslu: zzzzzzzzzzzzzzzzzzzzzzzzzzzzzzzzzzzzzzzzzzzzzzzzzzzzzzzzzzzzzzzzzzzzzzzzzzzzzzzzzzzzzzzzzz
[05Jan2026 06:19:06.917] [ForkJoinPool.commonPool-worker-4/INFO] [com.natamus.beautifiedchatserver_common_forge.data.Chat/]: 06:19 | laquematoanisman: DUERMEE DUERMEE DUERMEEEE
[05Jan2026 06:19:06.918] [Server thread/INFO] [com.natamus.beautifiedchatserver_common_forge.data.Chat/]: 06:19 | laquematoanisman: DUERMEE DUERMEE DUERMEEEE
[05Jan2026 06:19:07.456] [ForkJoinPool.commonPool-worker-4/INFO] [com.natamus.beautifiedchatserver_common_forge.data.Chat/]: 06:19 | laquematoanisman: DUERMEE DUERMEE DUERMEEEE
[05Jan2026 06:19:07.456] [Server thread/INFO] [com.natamus.beautifiedchatserver_common_forge.data.Chat/]: 06:19 | laquematoanisman: DUERMEE DUERMEE DUERMEEEE
[05Jan2026 06:19:07.855] [ForkJoinPool.commonPool-worker-4/INFO] [com.natamus.beautifiedchatserver_common_forge.data.Chat/]: 06:19 | laquematoanisman: DUERMEE DUERMEE DUERMEEEE
[05Jan2026 06:19:07.855] [Server thread/INFO] [com.natamus.beautifiedchatserver_common_forge.data.Chat/]: 06:19 | laquematoanisman: DUERMEE DUERMEE DUERMEEEE
[05Jan2026 06:19:07.903] [ForkJoinPool.commonPool-worker-4/INFO] [com.natamus.beautifiedchatserver_common_forge.data.Chat/]: 06:19 | caslu: zzzzzzzzzzzzzzzzzzzzzzzzzzzzzzzzzzzzzzzzzzzzzzzzzzzzzzzzzzzzzzzzzzzzzzzzzzzzzzzzzzzzzz
[05Jan2026 06:19:07.903] [Server thread/INFO] [com.natamus.beautifiedchatserver_common_forge.data.Chat/]: 06:19 | caslu: zzzzzzzzzzzzzzzzzzzzzzzzzzzzzzzzzzzzzzzzzzzzzzzzzzzzzzzzzzzzzzzzzzzzzzzzzzzzzzzzzzzzzz
[05Jan2026 06:19:08.217] [ForkJoinPool.commonPool-worker-4/INFO] [com.natamus.beautifiedchatserver_common_forge.data.Chat/]: 06:19 | laquematoanisman: DUERMEE DUERMEE DUERMEEEE
[05Jan2026 06:19:08.218] [Server thread/INFO] [com.natamus.beautifiedchatserver_common_forge.data.Chat/]: 06:19 | laquematoanisman: DUERMEE DUERMEE DUERMEEEE
[05Jan2026 06:19:08.603] [ForkJoinPool.commonPool-worker-4/INFO] [com.natamus.beautifiedchatserver_common_forge.data.Chat/]: 06:19 | laquematoanisman: DUERMEE DUERMEE DUERMEEEE
[05Jan2026 06:19:08.603] [Server thread/INFO] [com.natamus.beautifiedchatserver_common_forge.data.Chat/]: 06:19 | laquematoanisman: DUERMEE DUERMEE DUERMEEEE
[05Jan2026 06:19:08.906] [ForkJoinPool.commonPool-worker-4/INFO] [com.natamus.beautifiedchatserver_common_forge.data.Chat/]: 06:19 | laquematoanisman: DUERMEE DUERMEE DUERMEEEE
[05Jan2026 06:19:08.906] [Server thread/INFO] [com.natamus.beautifiedchatserver_common_forge.data.Chat/]: 06:19 | laquematoanisman: DUERMEE DUERMEE DUERMEEEE
[05Jan2026 06:19:09.258] [ForkJoinPool.commonPool-worker-4/INFO] [com.natamus.beautifiedchatserver_common_forge.data.Chat/]: 06:19 | laquematoanisman: DUERMEE DUERMEE DUERMEEEE
[05Jan2026 06:19:09.259] [Server thread/INFO] [com.natamus.beautifiedchatserver_common_forge.data.Chat/]: 06:19 | laquematoanisman: DUERMEE DUERMEE DUERMEEEE
[05Jan2026 06:19:09.611] [ForkJoinPool.commonPool-worker-4/INFO] [com.natamus.beautifiedchatserver_common_forge.data.Chat/]: 06:19 | laquematoanisman: DUERMEE DUERMEE DUERMEEEE
[05Jan2026 06:19:09.612] [Server thread/INFO] [com.natamus.beautifiedchatserver_common_forge.data.Chat/]: 06:19 | laquematoanisman: DUERMEE DUERMEE DUERMEEEE
[05Jan2026 06:19:09.908] [ForkJoinPool.commonPool-worker-4/INFO] [com.natamus.beautifiedchatserver_common_forge.data.Chat/]: 06:19 | laquematoanisman: DUERMEE DUERMEE DUERMEEEE
[05Jan2026 06:19:09.908] [Server thread/INFO] [com.natamus.beautifiedchatserver_common_forge.data.Chat/]: 06:19 | laquematoanisman: DUERMEE DUERMEE DUERMEEEE
[05Jan2026 06:19:10.213] [ForkJoinPool.commonPool-worker-4/INFO] [com.natamus.beautifiedchatserver_common_forge.data.Chat/]: 06:19 | laquematoanisman: DUERMEE DUERMEE DUERMEEEE
[05Jan2026 06:19:10.214] [Server thread/INFO] [com.natamus.beautifiedchatserver_common_forge.data.Chat/]: 06:19 | laquematoanisman: DUERMEE DUERMEE DUERMEEEE
[05Jan2026 06:19:10.508] [ForkJoinPool.commonPool-worker-4/INFO] [com.natamus.beautifiedchatserver_common_forge.data.Chat/]: 06:19 | laquematoanisman: DUERMEE DUERMEE DUERMEEEE
[05Jan2026 06:19:10.508] [Server thread/INFO] [com.natamus.beautifiedchatserver_common_forge.data.Chat/]: 06:19 | laquematoanisman: DUERMEE DUERMEE DUERMEEEE
[05Jan2026 06:19:10.801] [ForkJoinPool.commonPool-worker-4/INFO] [com.natamus.beautifiedchatserver_common_forge.data.Chat/]: 06:19 | laquematoanisman: DUERMEE DUERMEE DUERMEEEE
[05Jan2026 06:19:10.801] [Server thread/INFO] [com.natamus.beautifiedchatserver_common_forge.data.Chat/]: 06:19 | laquematoanisman: DUERMEE DUERMEE DUERMEEEE
[05Jan2026 06:19:12.010] [ForkJoinPool.commonPool-worker-4/INFO] [com.natamus.beautifiedchatserver_common_forge.data.Chat/]: 06:19 | caslu: zzzzzzzzzzzzzzzzzzzzzzzzzzzzzzzzzzzzzzzzzzzzzzzzzzzzzzzzzzzzzzzzzzzzzzzzzzzzzzzzzzzzzzzzzzzzzzzzzzzz
[05Jan2026 06:19:12.011] [Server thread/INFO] [com.natamus.beautifiedchatserver_common_forge.data.Chat/]: 06:19 | caslu: zzzzzzzzzzzzzzzzzzzzzzzzzzzzzzzzzzzzzzzzzzzzzzzzzzzzzzzzzzzzzzzzzzzzzzzzzzzzzzzzzzzzzzzzzzzzzzzzzzzz
[05Jan2026 06:19:15.808] [ForkJoinPool.commonPool-worker-4/INFO] [com.natamus.beautifiedchatserver_common_forge.data.Chat/]: 06:19 | laquematoanisman: DUERMEE DUERMEE DUERMEEEE
[05Jan2026 06:19:15.808] [Server thread/INFO] [com.natamus.beautifiedchatserver_common_forge.data.Chat/]: 06:19 | laquematoanisman: DUERMEE DUERMEE DUERMEEEE
[05Jan2026 06:19:16.104] [ForkJoinPool.commonPool-worker-4/INFO] [com.natamus.beautifiedchatserver_common_forge.data.Chat/]: 06:19 | laquematoanisman: DUERMEE DUERMEE DUERMEEEE
[05Jan2026 06:19:16.105] [Server thread/INFO] [com.natamus.beautifiedchatserver_common_forge.data.Chat/]: 06:19 | laquematoanisman: DUERMEE DUERMEE DUERMEEEE
[05Jan2026 06:19:16.359] [ForkJoinPool.commonPool-worker-4/INFO] [com.natamus.beautifiedchatserver_common_forge.data.Chat/]: 06:19 | laquematoanisman: DUERMEE DUERMEE DUERMEEEE
[05Jan2026 06:19:16.360] [Server thread/INFO] [com.natamus.beautifiedchatserver_common_forge.data.Chat/]: 06:19 | laquematoanisman: DUERMEE DUERMEE DUERMEEEE
[05Jan2026 06:19:16.516] [ForkJoinPool.commonPool-worker-4/INFO] [com.natamus.beautifiedchatserver_common_forge.data.Chat/]: 06:19 | caslu: zzzzzzzzzzzzzzzzzzzzzzzzzzzzzzzzzzzzzzzzzzzzzzzzzzzzzzzzzzzzzzzzzzzzzzzzzzzzzzzzzzzzzzzzzzzzzzzzzzzzzzzzz
[05Jan2026 06:19:16.516] [Server thread/INFO] [com.natamus.beautifiedchatserver_common_forge.data.Chat/]: 06:19 | caslu: zzzzzzzzzzzzzzzzzzzzzzzzzzzzzzzzzzzzzzzzzzzzzzzzzzzzzzzzzzzzzzzzzzzzzzzzzzzzzzzzzzzzzzzzzzzzzzzzzzzzzzzzz
[05Jan2026 06:19:16.649] [ForkJoinPool.commonPool-worker-4/INFO] [com.natamus.beautifiedchatserver_common_forge.data.Chat/]: 06:19 | laquematoanisman: DUERMEE DUERMEE DUERMEEEE
[05Jan2026 06:19:16.650] [Server thread/INFO] [com.natamus.beautifiedchatserver_common_forge.data.Chat/]: 06:19 | laquematoanisman: DUERMEE DUERMEE DUERMEEEE
[05Jan2026 06:19:16.960] [ForkJoinPool.commonPool-worker-4/INFO] [com.natamus.beautifiedchatserver_common_forge.data.Chat/]: 06:19 | laquematoanisman: DUERMEE DUERMEE DUERMEEEE
[05Jan2026 06:19:17.005] [Server thread/INFO] [com.natamus.beautifiedchatserver_common_forge.data.Chat/]: 06:19 | laquematoanisman: DUERMEE DUERMEE DUERMEEEE
[05Jan2026 06:19:17.201] [ForkJoinPool.commonPool-worker-4/INFO] [com.natamus.beautifiedchatserver_common_forge.data.Chat/]: 06:19 | laquematoanisman: DUERMEE DUERMEE DUERMEEEE
[05Jan2026 06:19:17.253] [Server thread/INFO] [com.natamus.beautifiedchatserver_common_forge.data.Chat/]: 06:19 | laquematoanisman: DUERMEE DUERMEE DUERMEEEE
[05Jan2026 06:19:17.444] [ForkJoinPool.commonPool-worker-4/INFO] [com.natamus.beautifiedchatserver_common_forge.data.Chat/]: 06:19 | laquematoanisman: DUERMEE DUERMEE DUERMEEEE
[05Jan2026 06:19:17.445] [Server thread/INFO] [com.natamus.beautifiedchatserver_common_forge.data.Chat/]: 06:19 | laquematoanisman: DUERMEE DUERMEE DUERMEEEE
[05Jan2026 06:19:17.712] [ForkJoinPool.commonPool-worker-4/INFO] [com.natamus.beautifiedchatserver_common_forge.data.Chat/]: 06:19 | laquematoanisman: DUERMEE DUERMEE DUERMEEEE
[05Jan2026 06:19:17.715] [Server thread/INFO] [com.natamus.beautifiedchatserver_common_forge.data.Chat/]: 06:19 | laquematoanisman: DUERMEE DUERMEE DUERMEEEE
[05Jan2026 06:19:22.866] [ForkJoinPool.commonPool-worker-4/INFO] [com.natamus.beautifiedchatserver_common_forge.data.Chat/]: 06:19 | aguchitoo: ZZZZZZZZZZZZZZZZZZZZZZZZZZZZZZZZZZZZZZZZZZZZZZZZZZZZZZZZZZZZZ
[05Jan2026 06:19:22.867] [Server thread/INFO] [com.natamus.beautifiedchatserver_common_forge.data.Chat/]: 06:19 | aguchitoo: ZZZZZZZZZZZZZZZZZZZZZZZZZZZZZZZZZZZZZZZZZZZZZZZZZZZZZZZZZZZZZ
[05Jan2026 06:23:21.258] [Server thread/INFO] [net.minecraft.server.MinecraftServer/]: UnderErre has reached the goal [Earthslime Island]
[05Jan2026 06:25:02.663] [ForkJoinPool.commonPool-worker-5/INFO] [com.natamus.beautifiedchatserver_common_forge.data.Chat/]: 06:25 | caslu: 4 arena equals 1 arenisca
[05Jan2026 06:25:27.379] [Server thread/INFO] [com.natamus.beautifiedchatserver_common_forge.data.Chat/]: 06:25 | caslu: 4 arena equals 1 arenisca
[05Jan2026 06:25:34.188] [Server thread/WARN] [net.minecraft.server.MinecraftServer/]: Can't keep up! Is the server overloaded? Running 2017ms or 40 ticks behind
[05Jan2026 06:25:59.398] [ForkJoinPool.commonPool-worker-5/INFO] [com.natamus.beautifiedchatserver_common_forge.data.Chat/]: 06:25 | aguchitoo: tinker construct guia
[05Jan2026 06:25:59.400] [Server thread/INFO] [com.natamus.beautifiedchatserver_common_forge.data.Chat/]: 06:25 | aguchitoo: tinker construct guia
[05Jan2026 06:26:06.862] [ForkJoinPool.commonPool-worker-5/INFO] [com.natamus.beautifiedchatserver_common_forge.data.Chat/]: 06:26 | aguchitoo: buscar en youtube
[05Jan2026 06:26:06.908] [Server thread/INFO] [com.natamus.beautifiedchatserver_common_forge.data.Chat/]: 06:26 | aguchitoo: buscar en youtube
[05Jan2026 06:26:35.550] [Server thread/WARN] [net.minecraft.server.network.ServerGamePacketListenerImpl/]: Boat (vehicle of aguchitoo) moved wrongly! 0.6187629376933046
[05Jan2026 06:26:35.599] [Server thread/WARN] [net.minecraft.server.network.ServerGamePacketListenerImpl/]: Boat (vehicle of aguchitoo) moved wrongly! 0.8500494426139085
[05Jan2026 06:26:35.646] [Server thread/WARN] [net.minecraft.server.network.ServerGamePacketListenerImpl/]: Boat (vehicle of aguchitoo) moved wrongly! 1.0787488148357625
[05Jan2026 06:30:47.403] [ForkJoinPool.commonPool-worker-6/INFO] [com.natamus.beautifiedchatserver_common_forge.data.Chat/]: 06:30 | caslu: zzzz
[05Jan2026 06:30:47.404] [Server thread/INFO] [com.natamus.beautifiedchatserver_common_forge.data.Chat/]: 06:30 | caslu: zzzz
[05Jan2026 06:30:48.117] [ForkJoinPool.commonPool-worker-6/INFO] [com.natamus.beautifiedchatserver_common_forge.data.Chat/]: 06:30 | caslu: zzzzz
[05Jan2026 06:30:48.118] [Server thread/INFO] [com.natamus.beautifiedchatserver_common_forge.data.Chat/]: 06:30 | caslu: zzzzz
[05Jan2026 06:30:48.597] [ForkJoinPool.commonPool-worker-6/INFO] [com.natamus.beautifiedchatserver_common_forge.data.Chat/]: 06:30 | caslu: zz
[05Jan2026 06:30:48.597] [Server thread/INFO] [com.natamus.beautifiedchatserver_common_forge.data.Chat/]: 06:30 | caslu: zz
[05Jan2026 06:30:49.065] [ForkJoinPool.commonPool-worker-6/INFO] [com.natamus.beautifiedchatserver_common_forge.data.Chat/]: 06:30 | caslu: zzz
[05Jan2026 06:30:49.066] [Server thread/INFO] [com.natamus.beautifiedchatserver_common_forge.data.Chat/]: 06:30 | caslu: zzz
[05Jan2026 06:30:49.594] [ForkJoinPool.commonPool-worker-6/INFO] [com.natamus.beautifiedchatserver_common_forge.data.Chat/]: 06:30 | caslu: zzz
[05Jan2026 06:30:49.595] [Server thread/INFO] [com.natamus.beautifiedchatserver_common_forge.data.Chat/]: 06:30 | caslu: zzz
[05Jan2026 06:30:50.150] [ForkJoinPool.commonPool-worker-6/INFO] [com.natamus.beautifiedchatserver_common_forge.data.Chat/]: 06:30 | caslu: zzz
[05Jan2026 06:30:50.151] [Server thread/INFO] [com.natamus.beautifiedchatserver_common_forge.data.Chat/]: 06:30 | caslu: zzz
[05Jan2026 06:30:58.249] [ForkJoinPool.commonPool-worker-6/INFO] [com.natamus.beautifiedchatserver_common_forge.data.Chat/]: 06:30 | caslu: zzzz
[05Jan2026 06:30:58.249] [Server thread/INFO] [com.natamus.beautifiedchatserver_common_forge.data.Chat/]: 06:30 | caslu: zzzz
[05Jan2026 06:30:58.745] [ForkJoinPool.commonPool-worker-6/INFO] [com.natamus.beautifiedchatserver_common_forge.data.Chat/]: 06:30 | caslu: zzz
[05Jan2026 06:30:58.745] [Server thread/INFO] [com.natamus.beautifiedchatserver_common_forge.data.Chat/]: 06:30 | caslu: zzz
[05Jan2026 06:30:59.247] [ForkJoinPool.commonPool-worker-6/INFO] [com.natamus.beautifiedchatserver_common_forge.data.Chat/]: 06:30 | caslu: zzz
[05Jan2026 06:30:59.247] [Server thread/INFO] [com.natamus.beautifiedchatserver_common_forge.data.Chat/]: 06:30 | caslu: zzz
[05Jan2026 06:30:59.953] [ForkJoinPool.commonPool-worker-6/INFO] [com.natamus.beautifiedchatserver_common_forge.data.Chat/]: 06:30 | caslu: zzz
[05Jan2026 06:30:59.953] [Server thread/INFO] [com.natamus.beautifiedchatserver_common_forge.data.Chat/]: 06:30 | caslu: zzz
[05Jan2026 06:31:04.845] [ForkJoinPool.commonPool-worker-6/INFO] [com.natamus.beautifiedchatserver_common_forge.data.Chat/]: 06:31 | caslu: zzz o kickeo
[05Jan2026 06:31:04.845] [Server thread/INFO] [com.natamus.beautifiedchatserver_common_forge.data.Chat/]: 06:31 | caslu: zzz o kickeo
[05Jan2026 06:31:08.612] [ForkJoinPool.commonPool-worker-6/INFO] [com.natamus.beautifiedchatserver_common_forge.data.Chat/]: 06:31 | caslu: zzz o kickeo
[05Jan2026 06:31:08.613] [Server thread/INFO] [com.natamus.beautifiedchatserver_common_forge.data.Chat/]: 06:31 | caslu: zzz o kickeo
[05Jan2026 06:31:10.869] [ForkJoinPool.commonPool-worker-6/INFO] [com.natamus.beautifiedchatserver_common_forge.data.Chat/]: 06:31 | caslu: kickeo en 5
[05Jan2026 06:31:10.869] [Server thread/INFO] [com.natamus.beautifiedchatserver_common_forge.data.Chat/]: 06:31 | caslu: kickeo en 5
[05Jan2026 06:31:12.205] [ForkJoinPool.commonPool-worker-6/INFO] [com.natamus.beautifiedchatserver_common_forge.data.Chat/]: 06:31 | caslu: 4
[05Jan2026 06:31:12.205] [Server thread/INFO] [com.natamus.beautifiedchatserver_common_forge.data.Chat/]: 06:31 | caslu: 4
[05Jan2026 06:31:13.398] [ForkJoinPool.commonPool-worker-6/INFO] [com.natamus.beautifiedchatserver_common_forge.data.Chat/]: 06:31 | caslu: 3
[05Jan2026 06:31:13.399] [Server thread/INFO] [com.natamus.beautifiedchatserver_common_forge.data.Chat/]: 06:31 | caslu: 3
[05Jan2026 06:31:14.369] [ForkJoinPool.commonPool-worker-6/INFO] [com.natamus.beautifiedchatserver_common_forge.data.Chat/]: 06:31 | caslu: 2
[05Jan2026 06:31:14.370] [Server thread/INFO] [com.natamus.beautifiedchatserver_common_forge.data.Chat/]: 06:31 | caslu: 2
[05Jan2026 06:31:15.168] [ForkJoinPool.commonPool-worker-6/INFO] [com.natamus.beautifiedchatserver_common_forge.data.Chat/]: 06:31 | caslu: 1
[05Jan2026 06:31:15.168] [Server thread/INFO] [com.natamus.beautifiedchatserver_common_forge.data.Chat/]: 06:31 | caslu: 1
[05Jan2026 06:31:24.809] [Server thread/INFO] [net.minecraft.server.MinecraftServer/]: Kicked bpaganin: Kicked by an operator
[05Jan2026 06:31:24.848] [Server thread/INFO] [net.minecraft.server.network.ServerGamePacketListenerImpl/]: bpaganin lost connection: Kicked by an operator
[05Jan2026 06:31:24.848] [Server thread/INFO] [net.minecraft.server.MinecraftServer/]: bpaganin left the game
[05Jan2026 06:31:37.104] [Server thread/INFO] [net.minecraft.server.MinecraftServer/]: Kicked AlbertoFdez: Kicked by an operator
[05Jan2026 06:31:37.150] [Server thread/INFO] [net.minecraft.server.network.ServerGamePacketListenerImpl/]: AlbertoFdez lost connection: Kicked by an operator
[05Jan2026 06:31:37.151] [Server thread/INFO] [net.minecraft.server.MinecraftServer/]: AlbertoFdez left the game
[05Jan2026 06:31:46.556] [Server thread/INFO] [net.minecraft.server.players.PlayerList/]: AlbertoFdez[/127.139.175.70:39381] logged in with entity id 21124 at (-254.11916716316512, -32.0, 17.095058306710627)
[05Jan2026 06:31:46.577] [Server thread/INFO] [net.minecraft.server.MinecraftServer/]: AlbertoFdez joined the game
[05Jan2026 06:31:46.591] [Server thread/INFO] [Jade/]: Syncing config to AlbertoFdez (a8946ccc-c2e8-3f15-b66c-525c8149dd30)
[05Jan2026 06:31:50.486] [Server thread/INFO] [net.minecraft.server.players.PlayerList/]: bpaganin[/127.110.109.244:54751] logged in with entity id 21303 at (-82.05785186365787, 104.0, -445.27571260074365)
[05Jan2026 06:31:50.531] [Server thread/INFO] [net.minecraft.server.MinecraftServer/]: bpaganin joined the game
[05Jan2026 06:31:50.600] [Server thread/INFO] [Jade/]: Syncing config to bpaganin (088bcda0-d310-3c70-b3c8-d8cb5cf68b7e)
[05Jan2026 06:31:58.447] [Server thread/INFO] [net.minecraft.server.MinecraftServer/]: Kicked AlbertoFdez: Kicked by an operator
[05Jan2026 06:31:58.493] [Server thread/INFO] [net.minecraft.server.network.ServerGamePacketListenerImpl/]: AlbertoFdez lost connection: Kicked by an operator
[05Jan2026 06:31:58.493] [Server thread/INFO] [net.minecraft.server.MinecraftServer/]: AlbertoFdez left the game
[05Jan2026 06:32:01.896] [Server thread/INFO] [net.minecraft.server.MinecraftServer/]: Kicked bpaganin: Kicked by an operator
[05Jan2026 06:32:01.944] [Server thread/INFO] [net.minecraft.server.network.ServerGamePacketListenerImpl/]: bpaganin lost connection: Kicked by an operator
[05Jan2026 06:32:01.944] [Server thread/INFO] [net.minecraft.server.MinecraftServer/]: bpaganin left the game
[05Jan2026 06:32:10.702] [Server thread/INFO] [net.minecraft.server.players.PlayerList/]: bpaganin[/127.110.109.244:53735] logged in with entity id 21427 at (-82.05785186365787, 104.0, -445.27571260074365)
[05Jan2026 06:32:10.719] [Server thread/INFO] [net.minecraft.server.MinecraftServer/]: bpaganin joined the game
[05Jan2026 06:32:10.766] [Server thread/INFO] [Jade/]: Syncing config to bpaganin (088bcda0-d310-3c70-b3c8-d8cb5cf68b7e)
[05Jan2026 06:32:10.862] [Server thread/INFO] [net.minecraft.server.players.PlayerList/]: AlbertoFdez[/127.139.175.70:58875] logged in with entity id 21444 at (-250.234039206163, -32.0, 21.991343079633687)
[05Jan2026 06:32:10.881] [Server thread/INFO] [net.minecraft.server.MinecraftServer/]: AlbertoFdez joined the game
[05Jan2026 06:32:10.899] [Server thread/INFO] [Jade/]: Syncing config to AlbertoFdez (a8946ccc-c2e8-3f15-b66c-525c8149dd30)
[05Jan2026 06:35:45.998] [Server thread/INFO] [net.minecraft.server.network.ServerGamePacketListenerImpl/]: UnderErre lost connection: Timed out
[05Jan2026 06:35:45.998] [Server thread/INFO] [net.minecraft.server.MinecraftServer/]: UnderErre left the game
[05Jan2026 06:36:39.123] [Server thread/WARN] [net.minecraft.server.MinecraftServer/]: Can't keep up! Is the server overloaded? Running 2003ms or 40 ticks behind
[05Jan2026 06:40:24.972] [Netty Epoll Server IO #7/ERROR] [net.minecraftforge.network.NetworkRegistry/NETREGISTRY]: Channels [mantle:network,citadel:main_channel,securitycraft:securitycraft,moblassos:1,born_in_chaos_v1:born_in_chaos_v1,curios:main,minecraft:treechop-channel,tconstruct:network,morehitboxes:main,forge:tier_sorting,alexsmobs:main_channel,tombstone:tombstone_channel,playerrevive:main,creativecore:main,crafttweaker:main,twilightforest:channel,geckolib:main,graveyard:spawn_entity,waystones:network] rejected vanilla connections
[05Jan2026 06:40:24.972] [Netty Epoll Server IO #7/INFO] [net.minecraftforge.server.ServerLifecycleHooks/SERVERHOOKS]: [/127.197.40.60:53057] Disconnecting VANILLA connection attempt: This server has mods that require Forge to be installed on the client. Contact your server admin for more details.
[05Jan2026 06:41:19.463] [Server thread/INFO] [net.minecraft.server.players.PlayerList/]: UnderErre[/127.183.202.213:38785] logged in with entity id 29360 at (2.7581157082260637, 96.0, -238.4733110603722)
[05Jan2026 06:41:19.478] [Server thread/INFO] [net.minecraft.server.MinecraftServer/]: UnderErre joined the game
[05Jan2026 06:41:19.537] [Server thread/INFO] [Jade/]: Syncing config to UnderErre (8613e5a6-868e-34e8-865a-4c8c12e51f78)
[05Jan2026 06:41:51.552] [Server thread/INFO] [net.minecraft.server.network.ServerGamePacketListenerImpl/]: laquematoanisman lost connection: Disconnected
[05Jan2026 06:41:51.553] [Server thread/INFO] [net.minecraft.server.MinecraftServer/]: laquematoanisman left the game
[05Jan2026 06:42:54.153] [Server thread/INFO] [net.minecraft.server.network.ServerLoginPacketListenerImpl/]: com.mojang.authlib.GameProfile@20ae82ae[id=<null>,name=laquematoanisman,properties={},legacy=false] (/127.11.182.4:49655) lost connection: Disconnected
[05Jan2026 06:42:57.869] [Server thread/INFO] [net.minecraft.server.players.PlayerList/]: laquematoanisman[/127.11.182.4:50537] logged in with entity id 31628 at (-158.5232112429369, 79.0, -189.66895158368447)
[05Jan2026 06:42:57.884] [Server thread/INFO] [net.minecraft.server.MinecraftServer/]: laquematoanisman joined the game
[05Jan2026 06:42:57.933] [Server thread/INFO] [Jade/]: Syncing config to laquematoanisman (3a7c024c-4674-3925-923b-62f6b28b1ca3)
[05Jan2026 06:44:47.651] [Server thread/INFO] [net.minecraft.server.network.ServerLoginPacketListenerImpl/]: com.mojang.authlib.GameProfile@5242afdc[id=<null>,name=SVBVKPO,properties={},legacy=false] (/127.197.40.60:39965) lost connection: Disconnected
[05Jan2026 06:44:56.904] [Server thread/INFO] [net.minecraft.server.network.ServerLoginPacketListenerImpl/]: com.mojang.authlib.GameProfile@4f440488[id=<null>,name=SVBVKPO,properties={},legacy=false] (/127.197.40.60:43101) lost connection: Disconnected
[05Jan2026 06:45:18.663] [Server thread/WARN] [net.minecraft.server.level.ServerPlayerGameMode/]: Mismatch in destroy block pos: BlockPos{x=-333, y=-34, z=-7} BlockPos{x=-333, y=-33, z=-11}
[05Jan2026 06:45:18.747] [Server thread/WARN] [net.minecraft.server.level.ServerPlayerGameMode/]: Mismatch in destroy block pos: BlockPos{x=-333, y=-34, z=-7} BlockPos{x=-333, y=-33, z=-11}
[05Jan2026 06:45:18.751] [Server thread/WARN] [net.minecraft.server.level.ServerPlayerGameMode/]: Mismatch in destroy block pos: BlockPos{x=-333, y=-34, z=-7} BlockPos{x=-333, y=-33, z=-11}
[05Jan2026 06:46:15.652] [Server thread/INFO] [net.minecraft.server.network.ServerLoginPacketListenerImpl/]: Disconnecting com.mojang.authlib.GameProfile@2381879d[id=<null>,name=SVBVKPO,properties={},legacy=false] (/127.197.40.60:56483): Took too long to log in
[05Jan2026 06:46:15.653] [Server thread/INFO] [net.minecraft.server.network.ServerLoginPacketListenerImpl/]: com.mojang.authlib.GameProfile@2381879d[id=<null>,name=SVBVKPO,properties={},legacy=false] (/127.197.40.60:56483) lost connection: Took too long to log in
[05Jan2026 06:46:15.705] [Server thread/WARN] [net.minecraft.network.Connection/]: handleDisconnection() called twice
[05Jan2026 06:46:26.485] [Server thread/INFO] [net.minecraft.server.network.ServerLoginPacketListenerImpl/]: com.mojang.authlib.GameProfile@160082dc[id=<null>,name=SVBVKPO,properties={},legacy=false] (/127.197.40.60:47111) lost connection: Disconnected
[05Jan2026 06:47:38.816] [Server thread/WARN] [net.minecraft.server.MinecraftServer/]: Can't keep up! Is the server overloaded? Running 2045ms or 40 ticks behind
[05Jan2026 06:47:43.496] [Server thread/INFO] [net.minecraft.server.network.ServerLoginPacketListenerImpl/]: com.mojang.authlib.GameProfile@306af710[id=<null>,name=SVBVKPO,properties={},legacy=false] (/127.197.40.60:58571) lost connection: Disconnected
[05Jan2026 06:48:00.549] [spark-async-sampler-worker-thread/WARN] [spark/]: Timed out waiting for world statistics
[05Jan2026 06:48:01.519] [Server thread/WARN] [net.minecraft.server.level.ServerPlayerGameMode/]: Mismatch in destroy block pos: BlockPos{x=-337, y=-26, z=-9} BlockPos{x=-338, y=-25, z=-9}
[05Jan2026 06:48:01.527] [Server thread/WARN] [net.minecraft.server.level.ServerPlayerGameMode/]: Mismatch in destroy block pos: BlockPos{x=-339, y=-26, z=-10} BlockPos{x=-338, y=-25, z=-9}
[05Jan2026 06:48:01.529] [Server thread/WARN] [net.minecraft.server.level.ServerPlayerGameMode/]: Mismatch in destroy block pos: BlockPos{x=-338, y=-26, z=-11} BlockPos{x=-338, y=-25, z=-9}
[05Jan2026 06:48:01.577] [Server thread/WARN] [net.minecraft.server.level.ServerPlayerGameMode/]: Mismatch in destroy block pos: BlockPos{x=-338, y=-26, z=-12} BlockPos{x=-338, y=-25, z=-11}
[05Jan2026 06:48:01.581] [Server thread/WARN] [net.minecraft.server.level.ServerPlayerGameMode/]: Mismatch in destroy block pos: BlockPos{x=-339, y=-26, z=-12} BlockPos{x=-338, y=-25, z=-11}
[05Jan2026 06:48:01.582] [Server thread/WARN] [net.minecraft.server.level.ServerPlayerGameMode/]: Mismatch in destroy block pos: BlockPos{x=-340, y=-26, z=-12} BlockPos{x=-338, y=-25, z=-11}
[05Jan2026 06:48:01.583] [Server thread/WARN] [net.minecraft.server.level.ServerPlayerGameMode/]: Mismatch in destroy block pos: BlockPos{x=-339, y=-26, z=-11} BlockPos{x=-338, y=-25, z=-11}
[05Jan2026 06:48:01.583] [Server thread/WARN] [net.minecraft.server.level.ServerPlayerGameMode/]: Mismatch in destroy block pos: BlockPos{x=-340, y=-26, z=-11} BlockPos{x=-338, y=-25, z=-11}
[05Jan2026 06:48:01.588] [Server thread/WARN] [net.minecraft.server.level.ServerPlayerGameMode/]: Mismatch in destroy block pos: BlockPos{x=-340, y=-26, z=-10} BlockPos{x=-338, y=-25, z=-11}
[05Jan2026 06:48:01.734] [Server thread/WARN] [net.minecraft.server.network.ServerGamePacketListenerImpl/]: laquematoanisman moved too quickly! 1.6159960924739778,-1.0800000131130219,10.064097346951627
[05Jan2026 06:48:11.196] [Server thread/WARN] [net.minecraft.server.MinecraftServer/]: Can't keep up! Is the server overloaded? Running 17426ms or 348 ticks behind
[05Jan2026 06:48:33.354] [Server thread/INFO] [net.minecraft.server.network.ServerLoginPacketListenerImpl/]: Disconnecting com.mojang.authlib.GameProfile@73081405[id=<null>,name=SVBVKPO,properties={},legacy=false] (/127.197.40.60:35733): Took too long to log in
[05Jan2026 06:48:33.355] [Server thread/INFO] [net.minecraft.server.network.ServerLoginPacketListenerImpl/]: com.mojang.authlib.GameProfile@73081405[id=<null>,name=SVBVKPO,properties={},legacy=false] (/127.197.40.60:35733) lost connection: Took too long to log in
[05Jan2026 06:48:33.403] [Server thread/WARN] [net.minecraft.network.Connection/]: handleDisconnection() called twice
[05Jan2026 06:48:57.473] [Server thread/INFO] [net.minecraft.server.network.ServerLoginPacketListenerImpl/]: com.mojang.authlib.GameProfile@2ddb3809[id=<null>,name=SVBVKPO,properties={},legacy=false] (/127.197.40.60:48477) lost connection: Disconnected
[05Jan2026 06:51:05.570] [Server thread/INFO] [net.minecraft.server.MinecraftServer/]: aguchitoo has made the advancement [Gold Tier Upgrade]
[05Jan2026 06:51:13.096] [Server thread/INFO] [net.minecraft.server.network.ServerLoginPacketListenerImpl/]: com.mojang.authlib.GameProfile@7fa04fe2[id=<null>,name=SVBVKPO,properties={},legacy=false] (/127.197.40.60:38517) lost connection: Disconnected
[05Jan2026 06:51:13.963] [Server thread/WARN] [net.minecraft.server.network.ServerGamePacketListenerImpl/]: Boat (vehicle of aguchitoo) moved wrongly! 0.26793192519266995
[05Jan2026 06:51:14.011] [Server thread/WARN] [net.minecraft.server.network.ServerGamePacketListenerImpl/]: Boat (vehicle of aguchitoo) moved wrongly! 0.2646101111763528
[05Jan2026 06:51:38.096] [Server thread/INFO] [net.minecraft.server.MinecraftServer/]: AlbertoFdez has made the advancement [Who turned the lights off?]
[05Jan2026 06:52:15.349] [Server thread/WARN] [net.minecraft.server.level.ServerPlayerGameMode/]: Mismatch in destroy block pos: BlockPos{x=1333, y=49, z=881} BlockPos{x=1333, y=50, z=881}
[05Jan2026 06:53:54.397] [Server thread/INFO] [net.minecraft.server.network.ServerLoginPacketListenerImpl/]: com.mojang.authlib.GameProfile@575a8b42[id=<null>,name=SVBVKPO,properties={},legacy=false] (/127.197.40.60:50327) lost connection: Disconnected
[05Jan2026 06:55:46.667] [ForkJoinPool.commonPool-worker-7/INFO] [com.natamus.beautifiedchatserver_common_forge.data.Chat/]: 06:55 | caslu: zzz
[05Jan2026 06:55:46.667] [Server thread/INFO] [com.natamus.beautifiedchatserver_common_forge.data.Chat/]: 06:55 | caslu: zzz
[05Jan2026 06:55:47.220] [ForkJoinPool.commonPool-worker-7/INFO] [com.natamus.beautifiedchatserver_common_forge.data.Chat/]: 06:55 | caslu: zzz
[05Jan2026 06:55:47.254] [Server thread/INFO] [com.natamus.beautifiedchatserver_common_forge.data.Chat/]: 06:55 | caslu: zzz
[05Jan2026 06:55:47.702] [ForkJoinPool.commonPool-worker-7/INFO] [com.natamus.beautifiedchatserver_common_forge.data.Chat/]: 06:55 | caslu: zzz
[05Jan2026 06:55:47.702] [Server thread/INFO] [com.natamus.beautifiedchatserver_common_forge.data.Chat/]: 06:55 | caslu: zzz
[05Jan2026 06:55:48.162] [ForkJoinPool.commonPool-worker-7/INFO] [com.natamus.beautifiedchatserver_common_forge.data.Chat/]: 06:55 | caslu: zz
[05Jan2026 06:55:48.162] [Server thread/INFO] [com.natamus.beautifiedchatserver_common_forge.data.Chat/]: 06:55 | caslu: zz
[05Jan2026 06:55:48.605] [ForkJoinPool.commonPool-worker-7/INFO] [com.natamus.beautifiedchatserver_common_forge.data.Chat/]: 06:55 | caslu: zz
[05Jan2026 06:55:48.605] [Server thread/INFO] [com.natamus.beautifiedchatserver_common_forge.data.Chat/]: 06:55 | caslu: zz
[05Jan2026 06:55:49.099] [ForkJoinPool.commonPool-worker-7/INFO] [com.natamus.beautifiedchatserver_common_forge.data.Chat/]: 06:55 | caslu: zz
[05Jan2026 06:55:49.099] [Server thread/INFO] [com.natamus.beautifiedchatserver_common_forge.data.Chat/]: 06:55 | caslu: zz
[05Jan2026 06:55:49.512] [ForkJoinPool.commonPool-worker-7/INFO] [com.natamus.beautifiedchatserver_common_forge.data.Chat/]: 06:55 | caslu: zz
[05Jan2026 06:55:49.513] [Server thread/INFO] [com.natamus.beautifiedchatserver_common_forge.data.Chat/]: 06:55 | caslu: zz
[05Jan2026 06:55:49.950] [ForkJoinPool.commonPool-worker-7/INFO] [com.natamus.beautifiedchatserver_common_forge.data.Chat/]: 06:55 | caslu: zz
[05Jan2026 06:55:49.951] [Server thread/INFO] [com.natamus.beautifiedchatserver_common_forge.data.Chat/]: 06:55 | caslu: zz
[05Jan2026 06:55:50.454] [ForkJoinPool.commonPool-worker-7/INFO] [com.natamus.beautifiedchatserver_common_forge.data.Chat/]: 06:55 | caslu: zz
[05Jan2026 06:55:50.454] [Server thread/INFO] [com.natamus.beautifiedchatserver_common_forge.data.Chat/]: 06:55 | caslu: zz
[05Jan2026 06:55:50.851] [ForkJoinPool.commonPool-worker-7/INFO] [com.natamus.beautifiedchatserver_common_forge.data.Chat/]: 06:55 | caslu: zz
[05Jan2026 06:55:50.852] [Server thread/INFO] [com.natamus.beautifiedchatserver_common_forge.data.Chat/]: 06:55 | caslu: zz
[05Jan2026 06:55:51.297] [ForkJoinPool.commonPool-worker-7/INFO] [com.natamus.beautifiedchatserver_common_forge.data.Chat/]: 06:55 | caslu: zz
[05Jan2026 06:55:51.297] [Server thread/INFO] [com.natamus.beautifiedchatserver_common_forge.data.Chat/]: 06:55 | caslu: zz
[05Jan2026 06:55:51.749] [ForkJoinPool.commonPool-worker-7/INFO] [com.natamus.beautifiedchatserver_common_forge.data.Chat/]: 06:55 | caslu: zz
[05Jan2026 06:55:51.749] [Server thread/INFO] [com.natamus.beautifiedchatserver_common_forge.data.Chat/]: 06:55 | caslu: zz
[05Jan2026 06:56:43.207] [ForkJoinPool.commonPool-worker-7/INFO] [com.natamus.beautifiedchatserver_common_forge.data.Chat/]: 06:56 | caslu: Chapeau
[05Jan2026 06:56:43.208] [Server thread/INFO] [com.natamus.beautifiedchatserver_common_forge.data.Chat/]: 06:56 | caslu: Chapeau
[05Jan2026 06:57:04.609] [Server thread/WARN] [tombstone/]: The death event of the player laquematoanisman was canceled by another mod
[05Jan2026 06:57:04.611] [Server thread/INFO] [tombstone/]: The player laquematoanisman has successfully been saved
[05Jan2026 06:57:39.299] [Server thread/INFO] [net.minecraft.server.network.ServerLoginPacketListenerImpl/]: com.mojang.authlib.GameProfile@6b9f87a3[id=<null>,name=SVBVKPO,properties={},legacy=false] (/127.197.40.60:47959) lost connection: Disconnected
[05Jan2026 06:58:03.605] [Server thread/WARN] [net.minecraft.server.network.ServerGamePacketListenerImpl/]: Boat (vehicle of caslu) moved wrongly! 0.5297114026463243
[05Jan2026 06:58:03.650] [Server thread/WARN] [net.minecraft.server.network.ServerGamePacketListenerImpl/]: Boat (vehicle of caslu) moved wrongly! 0.5297114026463243
[05Jan2026 06:58:03.701] [Server thread/WARN] [net.minecraft.server.network.ServerGamePacketListenerImpl/]: Boat (vehicle of caslu) moved wrongly! 0.5297114026463243
[05Jan2026 06:58:03.757] [Server thread/WARN] [net.minecraft.server.network.ServerGamePacketListenerImpl/]: Boat (vehicle of caslu) moved wrongly! 0.5297114026463243
[05Jan2026 06:59:07.205] [Server thread/WARN] [net.minecraft.server.level.ServerPlayerGameMode/]: Mismatch in destroy block pos: BlockPos{x=-13, y=99, z=-240} BlockPos{x=-13, y=98, z=-240}
[05Jan2026 06:59:07.270] [Server thread/WARN] [net.minecraft.server.level.ServerPlayerGameMode/]: Mismatch in destroy block pos: BlockPos{x=-13, y=99, z=-240} BlockPos{x=-13, y=98, z=-240}
[05Jan2026 06:59:07.350] [Server thread/WARN] [net.minecraft.server.level.ServerPlayerGameMode/]: Mismatch in destroy block pos: BlockPos{x=-13, y=99, z=-240} BlockPos{x=-13, y=98, z=-240}
[05Jan2026 06:59:07.509] [Server thread/WARN] [net.minecraft.server.level.ServerPlayerGameMode/]: Mismatch in destroy block pos: BlockPos{x=-13, y=100, z=-240} BlockPos{x=-13, y=99, z=-240}
[05Jan2026 06:59:07.555] [Server thread/WARN] [net.minecraft.server.level.ServerPlayerGameMode/]: Mismatch in destroy block pos: BlockPos{x=-13, y=100, z=-240} BlockPos{x=-13, y=99, z=-240}
[05Jan2026 06:59:07.605] [Server thread/WARN] [net.minecraft.server.level.ServerPlayerGameMode/]: Mismatch in destroy block pos: BlockPos{x=-13, y=100, z=-240} BlockPos{x=-13, y=99, z=-240}
[05Jan2026 06:59:14.924] [Server thread/WARN] [net.minecraft.server.level.ServerPlayerGameMode/]: Mismatch in destroy block pos: BlockPos{x=-13, y=98, z=-241} BlockPos{x=-13, y=97, z=-241}
[05Jan2026 06:59:14.972] [Server thread/WARN] [net.minecraft.server.level.ServerPlayerGameMode/]: Mismatch in destroy block pos: BlockPos{x=-13, y=98, z=-241} BlockPos{x=-13, y=97, z=-241}
[05Jan2026 06:59:14.975] [Server thread/WARN] [net.minecraft.server.level.ServerPlayerGameMode/]: Mismatch in destroy block pos: BlockPos{x=-13, y=98, z=-241} BlockPos{x=-13, y=97, z=-241}
[05Jan2026 06:59:15.315] [Server thread/WARN] [net.minecraft.server.level.ServerPlayerGameMode/]: Mismatch in destroy block pos: BlockPos{x=-13, y=99, z=-241} BlockPos{x=-13, y=98, z=-241}
[05Jan2026 06:59:15.366] [Server thread/WARN] [net.minecraft.server.level.ServerPlayerGameMode/]: Mismatch in destroy block pos: BlockPos{x=-13, y=99, z=-241} BlockPos{x=-13, y=98, z=-241}
[05Jan2026 06:59:15.409] [Server thread/WARN] [net.minecraft.server.level.ServerPlayerGameMode/]: Mismatch in destroy block pos: BlockPos{x=-13, y=99, z=-241} BlockPos{x=-13, y=98, z=-241}
[05Jan2026 06:59:15.462] [Server thread/WARN] [net.minecraft.server.level.ServerPlayerGameMode/]: Mismatch in destroy block pos: BlockPos{x=-13, y=99, z=-241} BlockPos{x=-13, y=98, z=-241}
[05Jan2026 06:59:15.712] [Server thread/WARN] [net.minecraft.server.level.ServerPlayerGameMode/]: Mismatch in destroy block pos: BlockPos{x=-13, y=100, z=-241} BlockPos{x=-13, y=99, z=-241}
[05Jan2026 06:59:15.765] [Server thread/WARN] [net.minecraft.server.level.ServerPlayerGameMode/]: Mismatch in destroy block pos: BlockPos{x=-13, y=100, z=-241} BlockPos{x=-13, y=99, z=-241}
[05Jan2026 06:59:15.812] [Server thread/WARN] [net.minecraft.server.level.ServerPlayerGameMode/]: Mismatch in destroy block pos: BlockPos{x=-13, y=100, z=-241} BlockPos{x=-13, y=99, z=-241}
[05Jan2026 07:02:32.298] [Server thread/WARN] [net.minecraft.server.level.ServerPlayerGameMode/]: Mismatch in destroy block pos: BlockPos{x=-12, y=99, z=-235} BlockPos{x=-12, y=100, z=-235}
[05Jan2026 07:02:32.313] [Server thread/WARN] [net.minecraft.server.level.ServerPlayerGameMode/]: Mismatch in destroy block pos: BlockPos{x=-12, y=99, z=-235} BlockPos{x=-12, y=100, z=-235}
[05Jan2026 07:02:32.402] [Server thread/WARN] [net.minecraft.server.level.ServerPlayerGameMode/]: Mismatch in destroy block pos: BlockPos{x=-12, y=99, z=-235} BlockPos{x=-12, y=100, z=-235}
[05Jan2026 07:02:32.567] [Server thread/WARN] [net.minecraft.server.level.ServerPlayerGameMode/]: Mismatch in destroy block pos: BlockPos{x=-12, y=98, z=-235} BlockPos{x=-12, y=99, z=-235}
[05Jan2026 07:02:32.650] [Server thread/WARN] [net.minecraft.server.level.ServerPlayerGameMode/]: Mismatch in destroy block pos: BlockPos{x=-12, y=98, z=-235} BlockPos{x=-12, y=99, z=-235}
[05Jan2026 07:02:32.701] [Server thread/WARN] [net.minecraft.server.level.ServerPlayerGameMode/]: Mismatch in destroy block pos: BlockPos{x=-12, y=98, z=-235} BlockPos{x=-12, y=99, z=-235}
[05Jan2026 07:02:32.714] [Server thread/WARN] [net.minecraft.server.level.ServerPlayerGameMode/]: Mismatch in destroy block pos: BlockPos{x=-12, y=98, z=-235} BlockPos{x=-12, y=99, z=-235}
[05Jan2026 07:02:32.951] [Server thread/WARN] [net.minecraft.server.level.ServerPlayerGameMode/]: Mismatch in destroy block pos: BlockPos{x=-12, y=97, z=-235} BlockPos{x=-12, y=98, z=-235}
[05Jan2026 07:02:32.998] [Server thread/WARN] [net.minecraft.server.level.ServerPlayerGameMode/]: Mismatch in destroy block pos: BlockPos{x=-12, y=97, z=-235} BlockPos{x=-12, y=98, z=-235}
[05Jan2026 07:02:33.047] [Server thread/WARN] [net.minecraft.server.level.ServerPlayerGameMode/]: Mismatch in destroy block pos: BlockPos{x=-12, y=97, z=-235} BlockPos{x=-12, y=98, z=-235}
[05Jan2026 07:02:33.103] [Server thread/WARN] [net.minecraft.server.level.ServerPlayerGameMode/]: Mismatch in destroy block pos: BlockPos{x=-12, y=97, z=-235} BlockPos{x=-12, y=98, z=-235}
[05Jan2026 07:02:33.119] [Server thread/WARN] [net.minecraft.server.level.ServerPlayerGameMode/]: Mismatch in destroy block pos: BlockPos{x=-12, y=97, z=-235} BlockPos{x=-12, y=98, z=-235}
[05Jan2026 07:02:33.167] [Server thread/WARN] [net.minecraft.server.level.ServerPlayerGameMode/]: Mismatch in destroy block pos: BlockPos{x=-12, y=96, z=-235} BlockPos{x=-12, y=98, z=-235}
[05Jan2026 07:02:33.253] [Server thread/WARN] [net.minecraft.server.level.ServerPlayerGameMode/]: Mismatch in destroy block pos: BlockPos{x=-12, y=96, z=-235} BlockPos{x=-12, y=98, z=-235}
[05Jan2026 07:02:33.304] [Server thread/WARN] [net.minecraft.server.level.ServerPlayerGameMode/]: Mismatch in destroy block pos: BlockPos{x=-12, y=96, z=-235} BlockPos{x=-12, y=98, z=-235}
[05Jan2026 07:04:48.101] [Server thread/INFO] [net.minecraft.server.network.ServerLoginPacketListenerImpl/]: com.mojang.authlib.GameProfile@219dcec7[id=<null>,name=SVBVKPO,properties={},legacy=false] (/127.197.40.60:41753) lost connection: Disconnected
[05Jan2026 07:06:11.504] [Server thread/INFO] [net.minecraft.server.network.ServerLoginPacketListenerImpl/]: com.mojang.authlib.GameProfile@537f18fe[id=<null>,name=SVBVKPO,properties={},legacy=false] (/127.197.40.60:46883) lost connection: Disconnected
[05Jan2026 07:06:20.452] [Server thread/WARN] [net.minecraft.server.level.ServerPlayerGameMode/]: Mismatch in destroy block pos: BlockPos{x=-12, y=99, z=-233} BlockPos{x=-12, y=98, z=-233}
[05Jan2026 07:06:20.499] [Server thread/WARN] [net.minecraft.server.level.ServerPlayerGameMode/]: Mismatch in destroy block pos: BlockPos{x=-12, y=99, z=-233} BlockPos{x=-12, y=98, z=-233}
[05Jan2026 07:06:21.753] [Server thread/WARN] [net.minecraft.server.level.ServerPlayerGameMode/]: Mismatch in destroy block pos: BlockPos{x=-12, y=96, z=-232} BlockPos{x=-12, y=97, z=-232}
[05Jan2026 07:06:21.800] [Server thread/WARN] [net.minecraft.server.level.ServerPlayerGameMode/]: Mismatch in destroy block pos: BlockPos{x=-12, y=96, z=-232} BlockPos{x=-12, y=97, z=-232}
[05Jan2026 07:06:21.852] [Server thread/WARN] [net.minecraft.server.level.ServerPlayerGameMode/]: Mismatch in destroy block pos: BlockPos{x=-12, y=96, z=-232} BlockPos{x=-12, y=97, z=-232}
[05Jan2026 07:06:21.898] [Server thread/WARN] [net.minecraft.server.level.ServerPlayerGameMode/]: Mismatch in destroy block pos: BlockPos{x=-12, y=96, z=-232} BlockPos{x=-12, y=97, z=-232}
[05Jan2026 07:06:22.900] [Server thread/WARN] [net.minecraft.server.level.ServerPlayerGameMode/]: Mismatch in destroy block pos: BlockPos{x=-12, y=98, z=-231} BlockPos{x=-12, y=97, z=-231}
[05Jan2026 07:06:22.948] [Server thread/WARN] [net.minecraft.server.level.ServerPlayerGameMode/]: Mismatch in destroy block pos: BlockPos{x=-12, y=98, z=-231} BlockPos{x=-12, y=97, z=-231}
[05Jan2026 07:06:23.001] [Server thread/WARN] [net.minecraft.server.level.ServerPlayerGameMode/]: Mismatch in destroy block pos: BlockPos{x=-12, y=98, z=-231} BlockPos{x=-12, y=97, z=-231}
[05Jan2026 07:06:23.055] [Server thread/WARN] [net.minecraft.server.level.ServerPlayerGameMode/]: Mismatch in destroy block pos: BlockPos{x=-12, y=98, z=-231} BlockPos{x=-12, y=97, z=-231}
[05Jan2026 07:06:23.108] [Server thread/WARN] [net.minecraft.server.level.ServerPlayerGameMode/]: Mismatch in destroy block pos: BlockPos{x=-12, y=98, z=-231} BlockPos{x=-12, y=97, z=-231}
[05Jan2026 07:06:23.157] [Server thread/WARN] [net.minecraft.server.level.ServerPlayerGameMode/]: Mismatch in destroy block pos: BlockPos{x=-12, y=98, z=-231} BlockPos{x=-12, y=97, z=-231}
[05Jan2026 07:06:23.205] [Server thread/WARN] [net.minecraft.server.level.ServerPlayerGameMode/]: Mismatch in destroy block pos: BlockPos{x=-12, y=99, z=-231} BlockPos{x=-12, y=97, z=-231}
[05Jan2026 07:06:23.253] [Server thread/WARN] [net.minecraft.server.level.ServerPlayerGameMode/]: Mismatch in destroy block pos: BlockPos{x=-12, y=99, z=-231} BlockPos{x=-12, y=97, z=-231}
[05Jan2026 07:06:25.800] [Server thread/INFO] [net.minecraft.server.MinecraftServer/]: bpaganin has reached the goal [Powder Snow Walk]
[05Jan2026 07:06:27.502] [Server thread/WARN] [net.minecraft.server.level.ServerPlayerGameMode/]: Mismatch in destroy block pos: BlockPos{x=-9, y=96, z=-233} BlockPos{x=-9, y=97, z=-233}
[05Jan2026 07:06:27.554] [Server thread/WARN] [net.minecraft.server.level.ServerPlayerGameMode/]: Mismatch in destroy block pos: BlockPos{x=-9, y=96, z=-233} BlockPos{x=-9, y=97, z=-233}
[05Jan2026 07:06:27.603] [Server thread/WARN] [net.minecraft.server.level.ServerPlayerGameMode/]: Mismatch in destroy block pos: BlockPos{x=-9, y=96, z=-233} BlockPos{x=-9, y=97, z=-233}
[05Jan2026 07:06:27.653] [Server thread/WARN] [net.minecraft.server.level.ServerPlayerGameMode/]: Mismatch in destroy block pos: BlockPos{x=-9, y=96, z=-233} BlockPos{x=-9, y=97, z=-233}
[05Jan2026 07:06:31.507] [Server thread/WARN] [net.minecraft.server.level.ServerPlayerGameMode/]: Mismatch in destroy block pos: BlockPos{x=-9, y=96, z=-231} BlockPos{x=-9, y=97, z=-231}
[05Jan2026 07:06:31.555] [Server thread/WARN] [net.minecraft.server.level.ServerPlayerGameMode/]: Mismatch in destroy block pos: BlockPos{x=-9, y=96, z=-231} BlockPos{x=-9, y=97, z=-231}
[05Jan2026 07:06:31.601] [Server thread/WARN] [net.minecraft.server.level.ServerPlayerGameMode/]: Mismatch in destroy block pos: BlockPos{x=-9, y=96, z=-231} BlockPos{x=-9, y=97, z=-231}
[05Jan2026 07:06:31.649] [Server thread/WARN] [net.minecraft.server.level.ServerPlayerGameMode/]: Mismatch in destroy block pos: BlockPos{x=-9, y=96, z=-231} BlockPos{x=-9, y=97, z=-231}
[05Jan2026 07:06:40.601] [Server thread/WARN] [net.minecraft.server.level.ServerPlayerGameMode/]: Mismatch in destroy block pos: BlockPos{x=-12, y=98, z=-229} BlockPos{x=-12, y=99, z=-229}
[05Jan2026 07:06:40.652] [Server thread/WARN] [net.minecraft.server.level.ServerPlayerGameMode/]: Mismatch in destroy block pos: BlockPos{x=-12, y=98, z=-229} BlockPos{x=-12, y=99, z=-229}
[05Jan2026 07:06:40.707] [Server thread/WARN] [net.minecraft.server.level.ServerPlayerGameMode/]: Mismatch in destroy block pos: BlockPos{x=-12, y=98, z=-229} BlockPos{x=-12, y=99, z=-229}
[05Jan2026 07:06:40.902] [Server thread/WARN] [net.minecraft.server.level.ServerPlayerGameMode/]: Mismatch in destroy block pos: BlockPos{x=-12, y=97, z=-229} BlockPos{x=-12, y=98, z=-229}
[05Jan2026 07:06:40.951] [Server thread/WARN] [net.minecraft.server.level.ServerPlayerGameMode/]: Mismatch in destroy block pos: BlockPos{x=-12, y=97, z=-229} BlockPos{x=-12, y=98, z=-229}
[05Jan2026 07:06:41.005] [Server thread/WARN] [net.minecraft.server.level.ServerPlayerGameMode/]: Mismatch in destroy block pos: BlockPos{x=-12, y=97, z=-229} BlockPos{x=-12, y=98, z=-229}
[05Jan2026 07:06:41.051] [Server thread/WARN] [net.minecraft.server.level.ServerPlayerGameMode/]: Mismatch in destroy block pos: BlockPos{x=-12, y=97, z=-229} BlockPos{x=-12, y=98, z=-229}
[05Jan2026 07:06:41.105] [Server thread/INFO] [net.minecraft.server.MinecraftServer/]: bpaganin has made the advancement [Knowledge raises the soul]
[05Jan2026 07:06:41.253] [Server thread/WARN] [net.minecraft.server.level.ServerPlayerGameMode/]: Mismatch in destroy block pos: BlockPos{x=-12, y=96, z=-229} BlockPos{x=-12, y=97, z=-229}
[05Jan2026 07:06:41.306] [Server thread/WARN] [net.minecraft.server.level.ServerPlayerGameMode/]: Mismatch in destroy block pos: BlockPos{x=-12, y=96, z=-229} BlockPos{x=-12, y=97, z=-229}
[05Jan2026 07:06:41.351] [Server thread/WARN] [net.minecraft.server.level.ServerPlayerGameMode/]: Mismatch in destroy block pos: BlockPos{x=-12, y=96, z=-229} BlockPos{x=-12, y=97, z=-229}
[05Jan2026 07:06:41.406] [Server thread/WARN] [net.minecraft.server.level.ServerPlayerGameMode/]: Mismatch in destroy block pos: BlockPos{x=-12, y=96, z=-229} BlockPos{x=-12, y=97, z=-229}
[05Jan2026 07:06:42.252] [Server thread/WARN] [net.minecraft.server.level.ServerPlayerGameMode/]: Mismatch in destroy block pos: BlockPos{x=-12, y=97, z=-228} BlockPos{x=-12, y=96, z=-228}
[05Jan2026 07:06:42.311] [Server thread/WARN] [net.minecraft.server.level.ServerPlayerGameMode/]: Mismatch in destroy block pos: BlockPos{x=-12, y=97, z=-228} BlockPos{x=-12, y=96, z=-228}
[05Jan2026 07:06:42.349] [Server thread/WARN] [net.minecraft.server.level.ServerPlayerGameMode/]: Mismatch in destroy block pos: BlockPos{x=-12, y=97, z=-228} BlockPos{x=-12, y=96, z=-228}
[05Jan2026 07:06:42.416] [Server thread/WARN] [net.minecraft.server.level.ServerPlayerGameMode/]: Mismatch in destroy block pos: BlockPos{x=-12, y=97, z=-228} BlockPos{x=-12, y=96, z=-228}
[05Jan2026 07:06:42.560] [Server thread/WARN] [net.minecraft.server.level.ServerPlayerGameMode/]: Mismatch in destroy block pos: BlockPos{x=-12, y=98, z=-228} BlockPos{x=-12, y=97, z=-228}
[05Jan2026 07:06:42.615] [Server thread/WARN] [net.minecraft.server.level.ServerPlayerGameMode/]: Mismatch in destroy block pos: BlockPos{x=-12, y=98, z=-228} BlockPos{x=-12, y=97, z=-228}
[05Jan2026 07:06:42.653] [Server thread/WARN] [net.minecraft.server.level.ServerPlayerGameMode/]: Mismatch in destroy block pos: BlockPos{x=-12, y=98, z=-228} BlockPos{x=-12, y=97, z=-228}
[05Jan2026 07:06:42.709] [Server thread/WARN] [net.minecraft.server.level.ServerPlayerGameMode/]: Mismatch in destroy block pos: BlockPos{x=-12, y=98, z=-228} BlockPos{x=-12, y=97, z=-228}
[05Jan2026 07:06:42.755] [Server thread/WARN] [net.minecraft.server.level.ServerPlayerGameMode/]: Mismatch in destroy block pos: BlockPos{x=-12, y=98, z=-228} BlockPos{x=-12, y=97, z=-228}
[05Jan2026 07:06:42.805] [Server thread/WARN] [net.minecraft.server.level.ServerPlayerGameMode/]: Mismatch in destroy block pos: BlockPos{x=-12, y=99, z=-228} BlockPos{x=-12, y=97, z=-228}
[05Jan2026 07:06:42.849] [Server thread/WARN] [net.minecraft.server.level.ServerPlayerGameMode/]: Mismatch in destroy block pos: BlockPos{x=-12, y=99, z=-228} BlockPos{x=-12, y=97, z=-228}
[05Jan2026 07:06:42.907] [Server thread/WARN] [net.minecraft.server.level.ServerPlayerGameMode/]: Mismatch in destroy block pos: BlockPos{x=-12, y=99, z=-228} BlockPos{x=-12, y=97, z=-228}
[05Jan2026 07:06:52.407] [Server thread/WARN] [net.minecraft.server.level.ServerPlayerGameMode/]: Mismatch in destroy block pos: BlockPos{x=-8, y=97, z=-223} BlockPos{x=-8, y=96, z=-223}
[05Jan2026 07:06:52.460] [Server thread/WARN] [net.minecraft.server.level.ServerPlayerGameMode/]: Mismatch in destroy block pos: BlockPos{x=-8, y=97, z=-223} BlockPos{x=-8, y=96, z=-223}
[05Jan2026 07:06:52.511] [Server thread/WARN] [net.minecraft.server.level.ServerPlayerGameMode/]: Mismatch in destroy block pos: BlockPos{x=-8, y=97, z=-223} BlockPos{x=-8, y=96, z=-223}
[05Jan2026 07:06:52.551] [Server thread/WARN] [net.minecraft.server.level.ServerPlayerGameMode/]: Mismatch in destroy block pos: BlockPos{x=-8, y=98, z=-223} BlockPos{x=-8, y=96, z=-223}
[05Jan2026 07:06:52.610] [Server thread/WARN] [net.minecraft.server.level.ServerPlayerGameMode/]: Mismatch in destroy block pos: BlockPos{x=-8, y=98, z=-223} BlockPos{x=-8, y=96, z=-223}
[05Jan2026 07:06:52.663] [Server thread/WARN] [net.minecraft.server.level.ServerPlayerGameMode/]: Mismatch in destroy block pos: BlockPos{x=-8, y=98, z=-223} BlockPos{x=-8, y=96, z=-223}
[05Jan2026 07:06:52.720] [Server thread/WARN] [net.minecraft.server.level.ServerPlayerGameMode/]: Mismatch in destroy block pos: BlockPos{x=-8, y=98, z=-223} BlockPos{x=-8, y=96, z=-223}
[05Jan2026 07:06:52.760] [Server thread/WARN] [net.minecraft.server.level.ServerPlayerGameMode/]: Mismatch in destroy block pos: BlockPos{x=-8, y=99, z=-223} BlockPos{x=-8, y=96, z=-223}
[05Jan2026 07:06:52.809] [Server thread/WARN] [net.minecraft.server.level.ServerPlayerGameMode/]: Mismatch in destroy block pos: BlockPos{x=-8, y=99, z=-223} BlockPos{x=-8, y=96, z=-223}
[05Jan2026 07:06:52.866] [Server thread/WARN] [net.minecraft.server.level.ServerPlayerGameMode/]: Mismatch in destroy block pos: BlockPos{x=-8, y=99, z=-223} BlockPos{x=-8, y=96, z=-223}
[05Jan2026 07:06:58.353] [Server thread/WARN] [net.minecraft.server.level.ServerPlayerGameMode/]: Mismatch in destroy block pos: BlockPos{x=-4, y=99, z=-223} BlockPos{x=-4, y=98, z=-223}
[05Jan2026 07:06:58.405] [Server thread/WARN] [net.minecraft.server.level.ServerPlayerGameMode/]: Mismatch in destroy block pos: BlockPos{x=-4, y=99, z=-223} BlockPos{x=-4, y=98, z=-223}
[05Jan2026 07:06:58.453] [Server thread/WARN] [net.minecraft.server.level.ServerPlayerGameMode/]: Mismatch in destroy block pos: BlockPos{x=-4, y=99, z=-223} BlockPos{x=-4, y=98, z=-223}
[05Jan2026 07:07:23.467] [ForkJoinPool.commonPool-worker-8/INFO] [com.natamus.beautifiedchatserver_common_forge.data.Chat/]: 07:07 | caslu: zzzz
[05Jan2026 07:07:23.467] [Server thread/INFO] [com.natamus.beautifiedchatserver_common_forge.data.Chat/]: 07:07 | caslu: zzzz
[05Jan2026 07:07:27.012] [Server thread/WARN] [net.minecraft.server.level.ServerPlayerGameMode/]: Mismatch in destroy block pos: BlockPos{x=-1, y=99, z=-223} BlockPos{x=-1, y=98, z=-223}
[05Jan2026 07:07:27.049] [Server thread/WARN] [net.minecraft.server.level.ServerPlayerGameMode/]: Mismatch in destroy block pos: BlockPos{x=-1, y=99, z=-223} BlockPos{x=-1, y=98, z=-223}
[05Jan2026 07:07:27.101] [Server thread/WARN] [net.minecraft.server.level.ServerPlayerGameMode/]: Mismatch in destroy block pos: BlockPos{x=-1, y=99, z=-223} BlockPos{x=-1, y=98, z=-223}
[05Jan2026 07:07:33.956] [Server thread/WARN] [net.minecraft.server.level.ServerPlayerGameMode/]: Mismatch in destroy block pos: BlockPos{x=2, y=96, z=-223} BlockPos{x=1, y=96, z=-223}
[05Jan2026 07:07:34.020] [Server thread/WARN] [net.minecraft.server.level.ServerPlayerGameMode/]: Mismatch in destroy block pos: BlockPos{x=2, y=96, z=-223} BlockPos{x=1, y=96, z=-223}
[05Jan2026 07:07:34.051] [Server thread/WARN] [net.minecraft.server.level.ServerPlayerGameMode/]: Mismatch in destroy block pos: BlockPos{x=2, y=96, z=-223} BlockPos{x=1, y=96, z=-223}
[05Jan2026 07:07:34.103] [Server thread/WARN] [net.minecraft.server.level.ServerPlayerGameMode/]: Mismatch in destroy block pos: BlockPos{x=2, y=96, z=-223} BlockPos{x=1, y=96, z=-223}
[05Jan2026 07:07:34.159] [Server thread/WARN] [net.minecraft.server.level.ServerPlayerGameMode/]: Mismatch in destroy block pos: BlockPos{x=3, y=96, z=-223} BlockPos{x=1, y=96, z=-223}
[05Jan2026 07:07:34.256] [Server thread/WARN] [net.minecraft.server.level.ServerPlayerGameMode/]: Mismatch in destroy block pos: BlockPos{x=3, y=96, z=-223} BlockPos{x=1, y=96, z=-223}
[05Jan2026 07:07:34.257] [Server thread/WARN] [net.minecraft.server.level.ServerPlayerGameMode/]: Mismatch in destroy block pos: BlockPos{x=3, y=96, z=-223} BlockPos{x=1, y=96, z=-223}
[05Jan2026 07:07:34.305] [Server thread/WARN] [net.minecraft.server.level.ServerPlayerGameMode/]: Mismatch in destroy block pos: BlockPos{x=3, y=96, z=-223} BlockPos{x=1, y=96, z=-223}
[05Jan2026 07:07:34.355] [Server thread/WARN] [net.minecraft.server.level.ServerPlayerGameMode/]: Mismatch in destroy block pos: BlockPos{x=3, y=96, z=-223} BlockPos{x=1, y=96, z=-223}
[05Jan2026 07:07:34.411] [Server thread/WARN] [net.minecraft.server.level.ServerPlayerGameMode/]: Mismatch in destroy block pos: BlockPos{x=4, y=96, z=-223} BlockPos{x=1, y=96, z=-223}
[05Jan2026 07:07:34.452] [Server thread/WARN] [net.minecraft.server.level.ServerPlayerGameMode/]: Mismatch in destroy block pos: BlockPos{x=4, y=96, z=-223} BlockPos{x=1, y=96, z=-223}
[05Jan2026 07:07:34.512] [Server thread/WARN] [net.minecraft.server.level.ServerPlayerGameMode/]: Mismatch in destroy block pos: BlockPos{x=4, y=96, z=-223} BlockPos{x=1, y=96, z=-223}
[05Jan2026 07:07:34.552] [Server thread/WARN] [net.minecraft.server.level.ServerPlayerGameMode/]: Mismatch in destroy block pos: BlockPos{x=4, y=96, z=-223} BlockPos{x=1, y=96, z=-223}
[05Jan2026 07:07:34.607] [Server thread/WARN] [net.minecraft.server.level.ServerPlayerGameMode/]: Mismatch in destroy block pos: BlockPos{x=5, y=96, z=-223} BlockPos{x=1, y=96, z=-223}
[05Jan2026 07:07:34.654] [Server thread/WARN] [net.minecraft.server.level.ServerPlayerGameMode/]: Mismatch in destroy block pos: BlockPos{x=5, y=96, z=-223} BlockPos{x=1, y=96, z=-223}
[05Jan2026 07:07:34.706] [Server thread/WARN] [net.minecraft.server.level.ServerPlayerGameMode/]: Mismatch in destroy block pos: BlockPos{x=5, y=96, z=-223} BlockPos{x=1, y=96, z=-223}
[05Jan2026 07:07:34.752] [Server thread/WARN] [net.minecraft.server.level.ServerPlayerGameMode/]: Mismatch in destroy block pos: BlockPos{x=5, y=96, z=-223} BlockPos{x=1, y=96, z=-223}
[05Jan2026 07:07:37.151] [ForkJoinPool.commonPool-worker-8/INFO] [com.natamus.beautifiedchatserver_common_forge.data.Chat/]: 07:07 | caslu: zzzzzzzz
[05Jan2026 07:07:37.151] [Server thread/INFO] [com.natamus.beautifiedchatserver_common_forge.data.Chat/]: 07:07 | caslu: zzzzzzzz
[05Jan2026 07:07:41.698] [Server thread/WARN] [net.minecraft.server.level.ServerPlayerGameMode/]: Mismatch in destroy block pos: BlockPos{x=6, y=97, z=-223} BlockPos{x=6, y=98, z=-223}
[05Jan2026 07:07:41.749] [Server thread/WARN] [net.minecraft.server.level.ServerPlayerGameMode/]: Mismatch in destroy block pos: BlockPos{x=6, y=97, z=-223} BlockPos{x=6, y=98, z=-223}
[05Jan2026 07:07:41.811] [Server thread/WARN] [net.minecraft.server.level.ServerPlayerGameMode/]: Mismatch in destroy block pos: BlockPos{x=6, y=97, z=-223} BlockPos{x=6, y=98, z=-223}
[05Jan2026 07:07:42.008] [Server thread/WARN] [net.minecraft.server.level.ServerPlayerGameMode/]: Mismatch in destroy block pos: BlockPos{x=6, y=96, z=-223} BlockPos{x=6, y=97, z=-223}
[05Jan2026 07:07:42.053] [Server thread/WARN] [net.minecraft.server.level.ServerPlayerGameMode/]: Mismatch in destroy block pos: BlockPos{x=6, y=96, z=-223} BlockPos{x=6, y=97, z=-223}
[05Jan2026 07:07:42.101] [Server thread/WARN] [net.minecraft.server.level.ServerPlayerGameMode/]: Mismatch in destroy block pos: BlockPos{x=6, y=96, z=-223} BlockPos{x=6, y=97, z=-223}
[05Jan2026 07:07:44.599] [ForkJoinPool.commonPool-worker-8/INFO] [com.natamus.beautifiedchatserver_common_forge.data.Chat/]: 07:07 | caslu: zz
[05Jan2026 07:07:44.599] [Server thread/INFO] [com.natamus.beautifiedchatserver_common_forge.data.Chat/]: 07:07 | caslu: zz
[05Jan2026 07:07:45.109] [ForkJoinPool.commonPool-worker-8/INFO] [com.natamus.beautifiedchatserver_common_forge.data.Chat/]: 07:07 | caslu: zz
[05Jan2026 07:07:45.109] [Server thread/INFO] [com.natamus.beautifiedchatserver_common_forge.data.Chat/]: 07:07 | caslu: zz
[05Jan2026 07:07:49.390] [Server thread/WARN] [tombstone/]: The death event of the player AlbertoFdez was canceled by another mod
[05Jan2026 07:07:49.411] [Server thread/INFO] [tombstone/]: The player AlbertoFdez has successfully been saved
[05Jan2026 07:07:59.418] [Server thread/INFO] [net.minecraft.server.MinecraftServer/]: AlbertoFdez was blown up by Creeper
[05Jan2026 07:08:25.651] [Server thread/INFO] [net.minecraft.server.network.ServerLoginPacketListenerImpl/]: com.mojang.authlib.GameProfile@78dffe61[id=<null>,name=SVBVKPO,properties={},legacy=false] (/127.197.40.60:54201) lost connection: Disconnected
[05Jan2026 07:08:38.803] [Server thread/INFO] [net.minecraft.server.network.ServerLoginPacketListenerImpl/]: com.mojang.authlib.GameProfile@48ed949b[id=<null>,name=SVBVKPO,properties={},legacy=false] (/127.197.40.60:39931) lost connection: Disconnected
[05Jan2026 07:08:49.902] [Server thread/INFO] [net.minecraft.server.network.ServerLoginPacketListenerImpl/]: com.mojang.authlib.GameProfile@3d9c1e82[id=<null>,name=SVBVKPO,properties={},legacy=false] (/127.197.40.60:49669) lost connection: Disconnected
[05Jan2026 07:11:28.702] [Server thread/INFO] [net.minecraft.server.network.ServerLoginPacketListenerImpl/]: com.mojang.authlib.GameProfile@2a03875d[id=<null>,name=SVBVKPO,properties={},legacy=false] (/127.197.40.60:36565) lost connection: Disconnected
[05Jan2026 07:11:30.593] [Server thread/INFO] [net.minecraft.server.network.ServerLoginPacketListenerImpl/]: com.mojang.authlib.GameProfile@4fa11031[id=<null>,name=SVBVKPO,properties={},legacy=false] (/127.197.40.60:51687) lost connection: Disconnected
[05Jan2026 07:11:32.003] [Server thread/INFO] [net.minecraft.server.MinecraftServer/]: AlbertoFdez has made the advancement [Cover Me with Diamonds]
[05Jan2026 07:12:45.150] [Server thread/INFO] [net.minecraft.server.MinecraftServer/]: AlbertoFdez has made the advancement [The Most Useful Key]
[05Jan2026 07:12:52.646] [Server thread/INFO] [net.minecraft.server.MinecraftServer/]: AlbertoFdez has reached the goal [A Fast Comeback]
[05Jan2026 07:13:47.863] [Server thread/INFO] [net.minecraft.server.MinecraftServer/]: aguchitoo has made the advancement [Into Fire]
[05Jan2026 07:16:16.501] [Server thread/INFO] [net.minecraft.server.MinecraftServer/]: aguchitoo has made the advancement [Invitation to the Tea Party]
[05Jan2026 07:18:12.696] [Server thread/INFO] [net.minecraft.server.network.ServerGamePacketListenerImpl/]: caslu lost connection: Disconnected
[05Jan2026 07:18:12.697] [Server thread/INFO] [net.minecraft.server.MinecraftServer/]: caslu left the game
[05Jan2026 07:18:28.401] [Server thread/WARN] [net.minecraft.server.network.ServerGamePacketListenerImpl/]: AlbertoFdez was kicked for floating too long!
[05Jan2026 07:18:28.456] [Server thread/INFO] [net.minecraft.server.network.ServerGamePacketListenerImpl/]: AlbertoFdez lost connection: Flying is not enabled on this server
[05Jan2026 07:18:28.457] [Server thread/INFO] [net.minecraft.server.MinecraftServer/]: AlbertoFdez left the game
[05Jan2026 07:18:40.052] [Server thread/INFO] [net.minecraft.server.players.PlayerList/]: AlbertoFdez[/127.139.175.70:36175] logged in with entity id 63082 at (-109.44180297717162, 78.24918707874468, -4.7053541571349236)
[05Jan2026 07:18:40.069] [Server thread/INFO] [net.minecraft.server.MinecraftServer/]: AlbertoFdez joined the game
[05Jan2026 07:18:40.104] [Server thread/INFO] [Jade/]: Syncing config to AlbertoFdez (a8946ccc-c2e8-3f15-b66c-525c8149dd30)
[05Jan2026 07:19:04.961] [Server thread/INFO] [net.minecraft.server.players.PlayerList/]: caslu[/127.73.223.127:43497] logged in with entity id 63468 at (-108.30306102909479, 72.0, -319.36481839019643)
[05Jan2026 07:19:04.976] [Server thread/INFO] [net.minecraft.server.MinecraftServer/]: caslu joined the game
[05Jan2026 07:19:05.050] [Server thread/INFO] [Jade/]: Syncing config to caslu (d68c8e9e-394d-37c6-9710-a218d4ba9113)
[05Jan2026 07:19:20.297] [Server thread/INFO] [net.minecraft.server.MinecraftServer/]: aguchitoo has made the advancement [Source of Evil]
[05Jan2026 07:20:15.904] [Server thread/INFO] [net.minecraft.server.players.PlayerList/]: SVBVKPO[/127.197.40.60:48123] logged in with entity id 64075 at (-76.5, 71.0, -215.5)
[05Jan2026 07:20:15.917] [Server thread/INFO] [net.minecraft.server.MinecraftServer/]: SVBVKPO joined the game
[05Jan2026 07:20:15.960] [Server thread/INFO] [Jade/]: Syncing config to SVBVKPO (ad0c8304-f9c9-325e-a7d1-88239880ad6a)
[05Jan2026 07:20:35.501] [Server thread/INFO] [net.minecraft.server.network.ServerGamePacketListenerImpl/]: caslu lost connection: Disconnected
[05Jan2026 07:20:35.501] [Server thread/INFO] [net.minecraft.server.MinecraftServer/]: caslu left the game
[05Jan2026 07:21:16.098] [Server thread/INFO] [net.minecraft.server.network.ServerLoginPacketListenerImpl/]: com.mojang.authlib.GameProfile@1c9a0d2d[id=<null>,name=caslu,properties={},legacy=false] (/127.73.223.127:56675) lost connection: Disconnected
[05Jan2026 07:21:19.603] [Server thread/INFO] [net.minecraft.server.players.PlayerList/]: caslu[/127.73.223.127:49487] logged in with entity id 64625 at (-108.29918021275634, 71.0, -315.71893966729215)
[05Jan2026 07:21:19.618] [Server thread/INFO] [net.minecraft.server.MinecraftServer/]: caslu joined the game
[05Jan2026 07:21:19.671] [Server thread/INFO] [Jade/]: Syncing config to caslu (d68c8e9e-394d-37c6-9710-a218d4ba9113)
[05Jan2026 07:23:01.994] [Server thread/WARN] [net.minecraft.server.level.ServerPlayerGameMode/]: Mismatch in destroy block pos: BlockPos{x=-151, y=83, z=-190} BlockPos{x=-151, y=83, z=-191}
[05Jan2026 07:23:02.009] [Server thread/WARN] [net.minecraft.server.level.ServerPlayerGameMode/]: Mismatch in destroy block pos: BlockPos{x=-151, y=83, z=-190} BlockPos{x=-151, y=83, z=-191}
[05Jan2026 07:23:02.096] [Server thread/WARN] [net.minecraft.server.level.ServerPlayerGameMode/]: Mismatch in destroy block pos: BlockPos{x=-151, y=83, z=-190} BlockPos{x=-151, y=83, z=-191}
[05Jan2026 07:23:02.109] [Server thread/WARN] [net.minecraft.server.level.ServerPlayerGameMode/]: Mismatch in destroy block pos: BlockPos{x=-151, y=83, z=-190} BlockPos{x=-151, y=83, z=-191}
[05Jan2026 07:24:00.150] [Server thread/WARN] [net.minecraft.server.level.ServerPlayerGameMode/]: Mismatch in destroy block pos: BlockPos{x=-155, y=83, z=-190} BlockPos{x=-154, y=83, z=-190}
[05Jan2026 07:24:00.159] [Server thread/WARN] [net.minecraft.server.level.ServerPlayerGameMode/]: Mismatch in destroy block pos: BlockPos{x=-155, y=83, z=-190} BlockPos{x=-154, y=83, z=-190}
[05Jan2026 07:24:00.245] [Server thread/WARN] [net.minecraft.server.level.ServerPlayerGameMode/]: Mismatch in destroy block pos: BlockPos{x=-155, y=83, z=-190} BlockPos{x=-154, y=83, z=-190}
[05Jan2026 07:24:00.261] [Server thread/WARN] [net.minecraft.server.level.ServerPlayerGameMode/]: Mismatch in destroy block pos: BlockPos{x=-155, y=83, z=-190} BlockPos{x=-154, y=83, z=-190}
[05Jan2026 07:24:00.945] [Server thread/WARN] [net.minecraft.server.level.ServerPlayerGameMode/]: Mismatch in destroy block pos: BlockPos{x=-156, y=83, z=-190} BlockPos{x=-155, y=83, z=-190}
[05Jan2026 07:24:00.963] [Server thread/WARN] [net.minecraft.server.level.ServerPlayerGameMode/]: Mismatch in destroy block pos: BlockPos{x=-156, y=83, z=-190} BlockPos{x=-155, y=83, z=-190}
[05Jan2026 07:24:01.045] [Server thread/WARN] [net.minecraft.server.level.ServerPlayerGameMode/]: Mismatch in destroy block pos: BlockPos{x=-156, y=83, z=-190} BlockPos{x=-155, y=83, z=-190}
[05Jan2026 07:24:01.063] [Server thread/WARN] [net.minecraft.server.level.ServerPlayerGameMode/]: Mismatch in destroy block pos: BlockPos{x=-156, y=83, z=-190} BlockPos{x=-155, y=83, z=-190}
[05Jan2026 07:24:01.797] [Server thread/WARN] [net.minecraft.server.level.ServerPlayerGameMode/]: Mismatch in destroy block pos: BlockPos{x=-157, y=83, z=-190} BlockPos{x=-156, y=83, z=-190}
[05Jan2026 07:24:01.806] [Server thread/WARN] [net.minecraft.server.level.ServerPlayerGameMode/]: Mismatch in destroy block pos: BlockPos{x=-157, y=83, z=-190} BlockPos{x=-156, y=83, z=-190}
[05Jan2026 07:24:01.892] [Server thread/WARN] [net.minecraft.server.level.ServerPlayerGameMode/]: Mismatch in destroy block pos: BlockPos{x=-157, y=83, z=-190} BlockPos{x=-156, y=83, z=-190}
[05Jan2026 07:24:02.409] [Server thread/WARN] [net.minecraft.server.level.ServerPlayerGameMode/]: Mismatch in destroy block pos: BlockPos{x=-157, y=83, z=-189} BlockPos{x=-157, y=83, z=-190}
[05Jan2026 07:24:02.495] [Server thread/WARN] [net.minecraft.server.level.ServerPlayerGameMode/]: Mismatch in destroy block pos: BlockPos{x=-157, y=83, z=-189} BlockPos{x=-157, y=83, z=-190}
[05Jan2026 07:24:02.509] [Server thread/WARN] [net.minecraft.server.level.ServerPlayerGameMode/]: Mismatch in destroy block pos: BlockPos{x=-157, y=83, z=-189} BlockPos{x=-157, y=83, z=-190}
[05Jan2026 07:24:03.198] [Server thread/WARN] [net.minecraft.server.level.ServerPlayerGameMode/]: Mismatch in destroy block pos: BlockPos{x=-157, y=83, z=-188} BlockPos{x=-157, y=83, z=-189}
[05Jan2026 07:24:03.210] [Server thread/WARN] [net.minecraft.server.level.ServerPlayerGameMode/]: Mismatch in destroy block pos: BlockPos{x=-157, y=83, z=-188} BlockPos{x=-157, y=83, z=-189}
[05Jan2026 07:24:03.296] [Server thread/WARN] [net.minecraft.server.level.ServerPlayerGameMode/]: Mismatch in destroy block pos: BlockPos{x=-157, y=83, z=-188} BlockPos{x=-157, y=83, z=-189}
[05Jan2026 07:24:03.310] [Server thread/WARN] [net.minecraft.server.level.ServerPlayerGameMode/]: Mismatch in destroy block pos: BlockPos{x=-157, y=83, z=-188} BlockPos{x=-157, y=83, z=-189}
[05Jan2026 07:24:06.219] [Server thread/WARN] [net.minecraft.server.level.ServerPlayerGameMode/]: Mismatch in destroy block pos: BlockPos{x=-159, y=83, z=-188} BlockPos{x=-158, y=83, z=-188}
[05Jan2026 07:24:06.253] [Server thread/WARN] [net.minecraft.server.level.ServerPlayerGameMode/]: Mismatch in destroy block pos: BlockPos{x=-159, y=83, z=-188} BlockPos{x=-158, y=83, z=-188}
[05Jan2026 07:24:06.319] [Server thread/WARN] [net.minecraft.server.level.ServerPlayerGameMode/]: Mismatch in destroy block pos: BlockPos{x=-159, y=83, z=-188} BlockPos{x=-158, y=83, z=-188}
[05Jan2026 07:24:06.548] [Server thread/WARN] [net.minecraft.server.level.ServerPlayerGameMode/]: Mismatch in destroy block pos: BlockPos{x=-160, y=83, z=-188} BlockPos{x=-159, y=83, z=-188}
[05Jan2026 07:24:06.599] [Server thread/WARN] [net.minecraft.server.level.ServerPlayerGameMode/]: Mismatch in destroy block pos: BlockPos{x=-160, y=83, z=-188} BlockPos{x=-159, y=83, z=-188}
[05Jan2026 07:24:06.648] [Server thread/WARN] [net.minecraft.server.level.ServerPlayerGameMode/]: Mismatch in destroy block pos: BlockPos{x=-160, y=83, z=-188} BlockPos{x=-159, y=83, z=-188}
[05Jan2026 07:24:08.660] [Server thread/WARN] [net.minecraft.server.level.ServerPlayerGameMode/]: Mismatch in destroy block pos: BlockPos{x=-161, y=83, z=-188} BlockPos{x=-160, y=83, z=-188}
[05Jan2026 07:24:08.800] [Server thread/WARN] [net.minecraft.server.level.ServerPlayerGameMode/]: Mismatch in destroy block pos: BlockPos{x=-161, y=83, z=-188} BlockPos{x=-160, y=83, z=-188}
[05Jan2026 07:24:08.803] [Server thread/WARN] [net.minecraft.server.level.ServerPlayerGameMode/]: Mismatch in destroy block pos: BlockPos{x=-161, y=83, z=-188} BlockPos{x=-160, y=83, z=-188}
[05Jan2026 07:24:08.849] [Server thread/WARN] [net.minecraft.server.level.ServerPlayerGameMode/]: Mismatch in destroy block pos: BlockPos{x=-161, y=83, z=-188} BlockPos{x=-160, y=83, z=-188}
[05Jan2026 07:24:09.465] [Server thread/WARN] [net.minecraft.server.level.ServerPlayerGameMode/]: Mismatch in destroy block pos: BlockPos{x=-162, y=83, z=-188} BlockPos{x=-161, y=83, z=-188}
[05Jan2026 07:24:09.546] [Server thread/WARN] [net.minecraft.server.level.ServerPlayerGameMode/]: Mismatch in destroy block pos: BlockPos{x=-162, y=83, z=-188} BlockPos{x=-161, y=83, z=-188}
[05Jan2026 07:24:10.203] [Server thread/WARN] [net.minecraft.server.level.ServerPlayerGameMode/]: Mismatch in destroy block pos: BlockPos{x=-163, y=83, z=-188} BlockPos{x=-162, y=83, z=-188}
[05Jan2026 07:24:10.300] [Server thread/WARN] [net.minecraft.server.level.ServerPlayerGameMode/]: Mismatch in destroy block pos: BlockPos{x=-163, y=83, z=-188} BlockPos{x=-162, y=83, z=-188}
[05Jan2026 07:24:10.303] [Server thread/WARN] [net.minecraft.server.level.ServerPlayerGameMode/]: Mismatch in destroy block pos: BlockPos{x=-163, y=83, z=-188} BlockPos{x=-162, y=83, z=-188}
[05Jan2026 07:24:11.099] [Server thread/WARN] [net.minecraft.server.level.ServerPlayerGameMode/]: Mismatch in destroy block pos: BlockPos{x=-164, y=83, z=-188} BlockPos{x=-163, y=83, z=-188}
[05Jan2026 07:24:11.107] [Server thread/WARN] [net.minecraft.server.level.ServerPlayerGameMode/]: Mismatch in destroy block pos: BlockPos{x=-164, y=83, z=-188} BlockPos{x=-163, y=83, z=-188}
[05Jan2026 07:24:11.201] [Server thread/WARN] [net.minecraft.server.level.ServerPlayerGameMode/]: Mismatch in destroy block pos: BlockPos{x=-164, y=83, z=-188} BlockPos{x=-163, y=83, z=-188}
[05Jan2026 07:24:11.208] [Server thread/WARN] [net.minecraft.server.level.ServerPlayerGameMode/]: Mismatch in destroy block pos: BlockPos{x=-164, y=83, z=-188} BlockPos{x=-163, y=83, z=-188}
[05Jan2026 07:24:11.710] [Server thread/WARN] [net.minecraft.server.level.ServerPlayerGameMode/]: Mismatch in destroy block pos: BlockPos{x=-165, y=83, z=-188} BlockPos{x=-164, y=83, z=-188}
[05Jan2026 07:24:11.797] [Server thread/WARN] [net.minecraft.server.level.ServerPlayerGameMode/]: Mismatch in destroy block pos: BlockPos{x=-165, y=83, z=-188} BlockPos{x=-164, y=83, z=-188}
[05Jan2026 07:24:11.813] [Server thread/WARN] [net.minecraft.server.level.ServerPlayerGameMode/]: Mismatch in destroy block pos: BlockPos{x=-165, y=83, z=-188} BlockPos{x=-164, y=83, z=-188}
[05Jan2026 07:24:11.896] [Server thread/WARN] [net.minecraft.server.level.ServerPlayerGameMode/]: Mismatch in destroy block pos: BlockPos{x=-165, y=83, z=-188} BlockPos{x=-164, y=83, z=-188}
[05Jan2026 07:24:17.659] [Server thread/WARN] [net.minecraft.server.level.ServerPlayerGameMode/]: Mismatch in destroy block pos: BlockPos{x=-171, y=83, z=-194} BlockPos{x=-171, y=83, z=-193}
[05Jan2026 07:24:17.744] [Server thread/WARN] [net.minecraft.server.level.ServerPlayerGameMode/]: Mismatch in destroy block pos: BlockPos{x=-171, y=83, z=-194} BlockPos{x=-171, y=83, z=-193}
[05Jan2026 07:24:17.759] [Server thread/WARN] [net.minecraft.server.level.ServerPlayerGameMode/]: Mismatch in destroy block pos: BlockPos{x=-171, y=83, z=-194} BlockPos{x=-171, y=83, z=-193}
[05Jan2026 07:24:18.560] [Server thread/WARN] [net.minecraft.server.level.ServerPlayerGameMode/]: Mismatch in destroy block pos: BlockPos{x=-171, y=83, z=-195} BlockPos{x=-171, y=83, z=-194}
[05Jan2026 07:24:18.648] [Server thread/WARN] [net.minecraft.server.level.ServerPlayerGameMode/]: Mismatch in destroy block pos: BlockPos{x=-171, y=83, z=-195} BlockPos{x=-171, y=83, z=-194}
[05Jan2026 07:24:18.662] [Server thread/WARN] [net.minecraft.server.level.ServerPlayerGameMode/]: Mismatch in destroy block pos: BlockPos{x=-171, y=83, z=-195} BlockPos{x=-171, y=83, z=-194}
[05Jan2026 07:24:19.462] [Server thread/WARN] [net.minecraft.server.level.ServerPlayerGameMode/]: Mismatch in destroy block pos: BlockPos{x=-171, y=83, z=-196} BlockPos{x=-171, y=83, z=-195}
[05Jan2026 07:24:19.552] [Server thread/WARN] [net.minecraft.server.level.ServerPlayerGameMode/]: Mismatch in destroy block pos: BlockPos{x=-171, y=83, z=-196} BlockPos{x=-171, y=83, z=-195}
[05Jan2026 07:24:19.562] [Server thread/WARN] [net.minecraft.server.level.ServerPlayerGameMode/]: Mismatch in destroy block pos: BlockPos{x=-171, y=83, z=-196} BlockPos{x=-171, y=83, z=-195}
[05Jan2026 07:24:20.266] [Server thread/WARN] [net.minecraft.server.level.ServerPlayerGameMode/]: Mismatch in destroy block pos: BlockPos{x=-171, y=83, z=-197} BlockPos{x=-171, y=83, z=-196}
[05Jan2026 07:24:20.346] [Server thread/WARN] [net.minecraft.server.level.ServerPlayerGameMode/]: Mismatch in destroy block pos: BlockPos{x=-171, y=83, z=-197} BlockPos{x=-171, y=83, z=-196}
[05Jan2026 07:24:20.365] [Server thread/WARN] [net.minecraft.server.level.ServerPlayerGameMode/]: Mismatch in destroy block pos: BlockPos{x=-171, y=83, z=-197} BlockPos{x=-171, y=83, z=-196}
[05Jan2026 07:24:21.067] [Server thread/WARN] [net.minecraft.server.level.ServerPlayerGameMode/]: Mismatch in destroy block pos: BlockPos{x=-171, y=83, z=-198} BlockPos{x=-171, y=83, z=-197}
[05Jan2026 07:24:21.145] [Server thread/WARN] [net.minecraft.server.level.ServerPlayerGameMode/]: Mismatch in destroy block pos: BlockPos{x=-171, y=83, z=-198} BlockPos{x=-171, y=83, z=-197}
[05Jan2026 07:24:21.774] [Server thread/WARN] [net.minecraft.server.level.ServerPlayerGameMode/]: Mismatch in destroy block pos: BlockPos{x=-171, y=83, z=-199} BlockPos{x=-171, y=83, z=-198}
[05Jan2026 07:24:21.803] [Server thread/WARN] [net.minecraft.server.level.ServerPlayerGameMode/]: Mismatch in destroy block pos: BlockPos{x=-171, y=83, z=-199} BlockPos{x=-171, y=83, z=-198}
[05Jan2026 07:24:21.897] [Server thread/WARN] [net.minecraft.server.level.ServerPlayerGameMode/]: Mismatch in destroy block pos: BlockPos{x=-171, y=83, z=-199} BlockPos{x=-171, y=83, z=-198}
[05Jan2026 07:24:22.517] [Server thread/WARN] [net.minecraft.server.level.ServerPlayerGameMode/]: Mismatch in destroy block pos: BlockPos{x=-171, y=83, z=-200} BlockPos{x=-171, y=83, z=-199}
[05Jan2026 07:24:22.596] [Server thread/WARN] [net.minecraft.server.level.ServerPlayerGameMode/]: Mismatch in destroy block pos: BlockPos{x=-171, y=83, z=-200} BlockPos{x=-171, y=83, z=-199}
[05Jan2026 07:24:22.608] [Server thread/WARN] [net.minecraft.server.level.ServerPlayerGameMode/]: Mismatch in destroy block pos: BlockPos{x=-171, y=83, z=-200} BlockPos{x=-171, y=83, z=-199}
[05Jan2026 07:24:23.297] [Server thread/WARN] [net.minecraft.server.level.ServerPlayerGameMode/]: Mismatch in destroy block pos: BlockPos{x=-171, y=83, z=-201} BlockPos{x=-171, y=83, z=-200}
[05Jan2026 07:24:23.314] [Server thread/WARN] [net.minecraft.server.level.ServerPlayerGameMode/]: Mismatch in destroy block pos: BlockPos{x=-171, y=83, z=-201} BlockPos{x=-171, y=83, z=-200}
[05Jan2026 07:24:23.394] [Server thread/WARN] [net.minecraft.server.level.ServerPlayerGameMode/]: Mismatch in destroy block pos: BlockPos{x=-171, y=83, z=-201} BlockPos{x=-171, y=83, z=-200}
[05Jan2026 07:24:23.414] [Server thread/WARN] [net.minecraft.server.level.ServerPlayerGameMode/]: Mismatch in destroy block pos: BlockPos{x=-171, y=83, z=-201} BlockPos{x=-171, y=83, z=-200}
[05Jan2026 07:24:24.003] [Server thread/WARN] [net.minecraft.server.level.ServerPlayerGameMode/]: Mismatch in destroy block pos: BlockPos{x=-171, y=83, z=-202} BlockPos{x=-171, y=83, z=-201}
[05Jan2026 07:24:24.019] [Server thread/WARN] [net.minecraft.server.level.ServerPlayerGameMode/]: Mismatch in destroy block pos: BlockPos{x=-171, y=83, z=-202} BlockPos{x=-171, y=83, z=-201}
[05Jan2026 07:24:24.097] [Server thread/WARN] [net.minecraft.server.level.ServerPlayerGameMode/]: Mismatch in destroy block pos: BlockPos{x=-171, y=83, z=-202} BlockPos{x=-171, y=83, z=-201}
[05Jan2026 07:24:24.848] [Server thread/WARN] [net.minecraft.server.level.ServerPlayerGameMode/]: Mismatch in destroy block pos: BlockPos{x=-170, y=83, z=-202} BlockPos{x=-171, y=83, z=-202}
[05Jan2026 07:24:24.854] [Server thread/WARN] [net.minecraft.server.level.ServerPlayerGameMode/]: Mismatch in destroy block pos: BlockPos{x=-170, y=83, z=-202} BlockPos{x=-171, y=83, z=-202}
[05Jan2026 07:24:24.944] [Server thread/WARN] [net.minecraft.server.level.ServerPlayerGameMode/]: Mismatch in destroy block pos: BlockPos{x=-170, y=83, z=-202} BlockPos{x=-171, y=83, z=-202}
[05Jan2026 07:24:24.954] [Server thread/WARN] [net.minecraft.server.level.ServerPlayerGameMode/]: Mismatch in destroy block pos: BlockPos{x=-170, y=83, z=-202} BlockPos{x=-171, y=83, z=-202}
[05Jan2026 07:24:25.648] [Server thread/WARN] [net.minecraft.server.level.ServerPlayerGameMode/]: Mismatch in destroy block pos: BlockPos{x=-169, y=83, z=-202} BlockPos{x=-170, y=83, z=-202}
[05Jan2026 07:24:25.656] [Server thread/WARN] [net.minecraft.server.level.ServerPlayerGameMode/]: Mismatch in destroy block pos: BlockPos{x=-169, y=83, z=-202} BlockPos{x=-170, y=83, z=-202}
[05Jan2026 07:24:25.747] [Server thread/WARN] [net.minecraft.server.level.ServerPlayerGameMode/]: Mismatch in destroy block pos: BlockPos{x=-169, y=83, z=-202} BlockPos{x=-170, y=83, z=-202}
[05Jan2026 07:24:25.758] [Server thread/WARN] [net.minecraft.server.level.ServerPlayerGameMode/]: Mismatch in destroy block pos: BlockPos{x=-169, y=83, z=-202} BlockPos{x=-170, y=83, z=-202}
[05Jan2026 07:24:26.349] [Server thread/WARN] [net.minecraft.server.level.ServerPlayerGameMode/]: Mismatch in destroy block pos: BlockPos{x=-169, y=83, z=-203} BlockPos{x=-169, y=83, z=-202}
[05Jan2026 07:24:26.358] [Server thread/WARN] [net.minecraft.server.level.ServerPlayerGameMode/]: Mismatch in destroy block pos: BlockPos{x=-169, y=83, z=-203} BlockPos{x=-169, y=83, z=-202}
[05Jan2026 07:24:26.445] [Server thread/WARN] [net.minecraft.server.level.ServerPlayerGameMode/]: Mismatch in destroy block pos: BlockPos{x=-169, y=83, z=-203} BlockPos{x=-169, y=83, z=-202}
[05Jan2026 07:24:26.459] [Server thread/WARN] [net.minecraft.server.level.ServerPlayerGameMode/]: Mismatch in destroy block pos: BlockPos{x=-169, y=83, z=-203} BlockPos{x=-169, y=83, z=-202}
[05Jan2026 07:24:29.267] [Server thread/WARN] [net.minecraft.server.level.ServerPlayerGameMode/]: Mismatch in destroy block pos: BlockPos{x=-169, y=83, z=-204} BlockPos{x=-169, y=83, z=-203}
[05Jan2026 07:24:29.344] [Server thread/WARN] [net.minecraft.server.level.ServerPlayerGameMode/]: Mismatch in destroy block pos: BlockPos{x=-169, y=83, z=-204} BlockPos{x=-169, y=83, z=-203}
[05Jan2026 07:24:30.068] [Server thread/WARN] [net.minecraft.server.level.ServerPlayerGameMode/]: Mismatch in destroy block pos: BlockPos{x=-169, y=83, z=-205} BlockPos{x=-169, y=83, z=-204}
[05Jan2026 07:24:30.143] [Server thread/WARN] [net.minecraft.server.level.ServerPlayerGameMode/]: Mismatch in destroy block pos: BlockPos{x=-169, y=83, z=-205} BlockPos{x=-169, y=83, z=-204}
[05Jan2026 07:24:30.770] [Server thread/WARN] [net.minecraft.server.level.ServerPlayerGameMode/]: Mismatch in destroy block pos: BlockPos{x=-169, y=83, z=-206} BlockPos{x=-169, y=83, z=-205}
[05Jan2026 07:24:30.803] [Server thread/WARN] [net.minecraft.server.level.ServerPlayerGameMode/]: Mismatch in destroy block pos: BlockPos{x=-169, y=83, z=-206} BlockPos{x=-169, y=83, z=-205}
[05Jan2026 07:24:30.899] [Server thread/WARN] [net.minecraft.server.level.ServerPlayerGameMode/]: Mismatch in destroy block pos: BlockPos{x=-169, y=83, z=-206} BlockPos{x=-169, y=83, z=-205}
[05Jan2026 07:24:31.907] [Server thread/WARN] [net.minecraft.server.level.ServerPlayerGameMode/]: Mismatch in destroy block pos: BlockPos{x=-169, y=83, z=-207} BlockPos{x=-169, y=83, z=-206}
[05Jan2026 07:24:31.909] [Server thread/WARN] [net.minecraft.server.level.ServerPlayerGameMode/]: Mismatch in destroy block pos: BlockPos{x=-169, y=83, z=-207} BlockPos{x=-169, y=83, z=-206}
[05Jan2026 07:24:31.997] [Server thread/WARN] [net.minecraft.server.level.ServerPlayerGameMode/]: Mismatch in destroy block pos: BlockPos{x=-169, y=83, z=-207} BlockPos{x=-169, y=83, z=-206}
[05Jan2026 07:24:32.008] [Server thread/WARN] [net.minecraft.server.level.ServerPlayerGameMode/]: Mismatch in destroy block pos: BlockPos{x=-169, y=83, z=-207} BlockPos{x=-169, y=83, z=-206}
[05Jan2026 07:24:32.794] [Server thread/WARN] [net.minecraft.server.level.ServerPlayerGameMode/]: Mismatch in destroy block pos: BlockPos{x=-167, y=83, z=-208} BlockPos{x=-169, y=83, z=-207}
[05Jan2026 07:24:32.807] [Server thread/WARN] [net.minecraft.server.level.ServerPlayerGameMode/]: Mismatch in destroy block pos: BlockPos{x=-167, y=83, z=-208} BlockPos{x=-169, y=83, z=-207}
[05Jan2026 07:24:32.893] [Server thread/WARN] [net.minecraft.server.level.ServerPlayerGameMode/]: Mismatch in destroy block pos: BlockPos{x=-167, y=83, z=-208} BlockPos{x=-169, y=83, z=-207}
[05Jan2026 07:24:32.908] [Server thread/WARN] [net.minecraft.server.level.ServerPlayerGameMode/]: Mismatch in destroy block pos: BlockPos{x=-167, y=83, z=-208} BlockPos{x=-169, y=83, z=-207}
[05Jan2026 07:26:46.888] [Server thread/INFO] [net.minecraft.server.MinecraftServer/]: SVBVKPO has made the advancement [Suit Up]
[05Jan2026 07:26:49.770] [Worker-Main-3/WARN] [net.minecraft.server.level.WorldGenRegion/]: Tried to access a block entity before it was created. BlockPos{x=1286, y=55, z=1631}
[05Jan2026 07:26:51.537] [Worker-Main-3/WARN] [net.minecraft.server.level.WorldGenRegion/]: Tried to access a block entity before it was created. BlockPos{x=1286, y=55, z=1642}
[05Jan2026 07:26:51.537] [Worker-Main-3/WARN] [net.minecraft.server.level.WorldGenRegion/]: Tried to access a block entity before it was created. BlockPos{x=1285, y=55, z=1639}
[05Jan2026 07:26:55.288] [Worker-Main-1/WARN] [net.minecraft.server.level.WorldGenRegion/]: Tried to access a block entity before it was created. BlockPos{x=1279, y=57, z=1639}
[05Jan2026 07:27:25.864] [Server thread/WARN] [net.minecraft.server.level.ServerPlayerGameMode/]: Mismatch in destroy block pos: BlockPos{x=-107, y=79, z=-12} BlockPos{x=-107, y=78, z=-12}
[05Jan2026 07:27:25.913] [Server thread/WARN] [net.minecraft.server.level.ServerPlayerGameMode/]: Mismatch in destroy block pos: BlockPos{x=-107, y=79, z=-12} BlockPos{x=-107, y=78, z=-12}
[05Jan2026 07:27:25.982] [Server thread/WARN] [net.minecraft.server.level.ServerPlayerGameMode/]: Mismatch in destroy block pos: BlockPos{x=-107, y=79, z=-12} BlockPos{x=-107, y=78, z=-12}
[05Jan2026 07:27:26.260] [Server thread/WARN] [net.minecraft.server.level.ServerPlayerGameMode/]: Mismatch in destroy block pos: BlockPos{x=-107, y=80, z=-12} BlockPos{x=-107, y=79, z=-12}
[05Jan2026 07:27:26.311] [Server thread/WARN] [net.minecraft.server.level.ServerPlayerGameMode/]: Mismatch in destroy block pos: BlockPos{x=-107, y=80, z=-12} BlockPos{x=-107, y=79, z=-12}
[05Jan2026 07:27:26.409] [Server thread/WARN] [net.minecraft.server.level.ServerPlayerGameMode/]: Mismatch in destroy block pos: BlockPos{x=-107, y=80, z=-12} BlockPos{x=-107, y=79, z=-12}
[05Jan2026 07:27:26.417] [Server thread/WARN] [net.minecraft.server.level.ServerPlayerGameMode/]: Mismatch in destroy block pos: BlockPos{x=-107, y=80, z=-12} BlockPos{x=-107, y=79, z=-12}
[05Jan2026 07:27:26.459] [Server thread/WARN] [net.minecraft.server.level.ServerPlayerGameMode/]: Mismatch in destroy block pos: BlockPos{x=-107, y=80, z=-11} BlockPos{x=-107, y=79, z=-12}
[05Jan2026 07:27:26.515] [Server thread/WARN] [net.minecraft.server.level.ServerPlayerGameMode/]: Mismatch in destroy block pos: BlockPos{x=-107, y=80, z=-11} BlockPos{x=-107, y=79, z=-12}
[05Jan2026 07:27:26.602] [Server thread/WARN] [net.minecraft.server.level.ServerPlayerGameMode/]: Mismatch in destroy block pos: BlockPos{x=-107, y=80, z=-11} BlockPos{x=-107, y=79, z=-12}
[05Jan2026 07:27:26.607] [Server thread/WARN] [net.minecraft.server.level.ServerPlayerGameMode/]: Mismatch in destroy block pos: BlockPos{x=-107, y=80, z=-11} BlockPos{x=-107, y=79, z=-12}
[05Jan2026 07:27:26.902] [Server thread/WARN] [net.minecraft.server.level.ServerPlayerGameMode/]: Mismatch in destroy block pos: BlockPos{x=-107, y=79, z=-11} BlockPos{x=-107, y=80, z=-11}
[05Jan2026 07:27:26.955] [Server thread/WARN] [net.minecraft.server.level.ServerPlayerGameMode/]: Mismatch in destroy block pos: BlockPos{x=-107, y=79, z=-11} BlockPos{x=-107, y=80, z=-11}
[05Jan2026 07:27:27.009] [Server thread/WARN] [net.minecraft.server.level.ServerPlayerGameMode/]: Mismatch in destroy block pos: BlockPos{x=-107, y=79, z=-11} BlockPos{x=-107, y=80, z=-11}
[05Jan2026 07:27:27.262] [Server thread/WARN] [net.minecraft.server.level.ServerPlayerGameMode/]: Mismatch in destroy block pos: BlockPos{x=-107, y=78, z=-11} BlockPos{x=-107, y=79, z=-11}
[05Jan2026 07:27:27.305] [Server thread/WARN] [net.minecraft.server.level.ServerPlayerGameMode/]: Mismatch in destroy block pos: BlockPos{x=-107, y=78, z=-11} BlockPos{x=-107, y=79, z=-11}
[05Jan2026 07:27:27.355] [Server thread/WARN] [net.minecraft.server.level.ServerPlayerGameMode/]: Mismatch in destroy block pos: BlockPos{x=-107, y=78, z=-11} BlockPos{x=-107, y=79, z=-11}
[05Jan2026 07:27:27.409] [Server thread/WARN] [net.minecraft.server.level.ServerPlayerGameMode/]: Mismatch in destroy block pos: BlockPos{x=-107, y=78, z=-11} BlockPos{x=-107, y=79, z=-11}
[05Jan2026 07:27:27.755] [Server thread/WARN] [net.minecraft.server.level.ServerPlayerGameMode/]: Mismatch in destroy block pos: BlockPos{x=-107, y=78, z=-10} BlockPos{x=-107, y=78, z=-11}
[05Jan2026 07:27:27.809] [Server thread/WARN] [net.minecraft.server.level.ServerPlayerGameMode/]: Mismatch in destroy block pos: BlockPos{x=-107, y=78, z=-10} BlockPos{x=-107, y=78, z=-11}
[05Jan2026 07:27:27.857] [Server thread/WARN] [net.minecraft.server.level.ServerPlayerGameMode/]: Mismatch in destroy block pos: BlockPos{x=-107, y=78, z=-10} BlockPos{x=-107, y=78, z=-11}
[05Jan2026 07:27:27.905] [Server thread/WARN] [net.minecraft.server.level.ServerPlayerGameMode/]: Mismatch in destroy block pos: BlockPos{x=-107, y=78, z=-10} BlockPos{x=-107, y=78, z=-11}
[05Jan2026 07:27:28.360] [Server thread/WARN] [net.minecraft.server.level.ServerPlayerGameMode/]: Mismatch in destroy block pos: BlockPos{x=-107, y=79, z=-10} BlockPos{x=-107, y=78, z=-10}
[05Jan2026 07:27:28.406] [Server thread/WARN] [net.minecraft.server.level.ServerPlayerGameMode/]: Mismatch in destroy block pos: BlockPos{x=-107, y=79, z=-10} BlockPos{x=-107, y=78, z=-10}
[05Jan2026 07:27:28.457] [Server thread/WARN] [net.minecraft.server.level.ServerPlayerGameMode/]: Mismatch in destroy block pos: BlockPos{x=-107, y=79, z=-10} BlockPos{x=-107, y=78, z=-10}
[05Jan2026 07:27:28.807] [Server thread/WARN] [net.minecraft.server.level.ServerPlayerGameMode/]: Mismatch in destroy block pos: BlockPos{x=-107, y=80, z=-10} BlockPos{x=-107, y=79, z=-10}
[05Jan2026 07:27:28.860] [Server thread/WARN] [net.minecraft.server.level.ServerPlayerGameMode/]: Mismatch in destroy block pos: BlockPos{x=-107, y=80, z=-10} BlockPos{x=-107, y=79, z=-10}
[05Jan2026 07:27:28.909] [Server thread/WARN] [net.minecraft.server.level.ServerPlayerGameMode/]: Mismatch in destroy block pos: BlockPos{x=-107, y=80, z=-10} BlockPos{x=-107, y=79, z=-10}
[05Jan2026 07:27:28.955] [Server thread/WARN] [net.minecraft.server.level.ServerPlayerGameMode/]: Mismatch in destroy block pos: BlockPos{x=-107, y=80, z=-9} BlockPos{x=-107, y=79, z=-10}
[05Jan2026 07:27:29.005] [Server thread/WARN] [net.minecraft.server.level.ServerPlayerGameMode/]: Mismatch in destroy block pos: BlockPos{x=-107, y=80, z=-9} BlockPos{x=-107, y=79, z=-10}
[05Jan2026 07:27:29.056] [Server thread/WARN] [net.minecraft.server.level.ServerPlayerGameMode/]: Mismatch in destroy block pos: BlockPos{x=-107, y=80, z=-9} BlockPos{x=-107, y=79, z=-10}
[05Jan2026 07:27:29.256] [Server thread/WARN] [net.minecraft.server.level.ServerPlayerGameMode/]: Mismatch in destroy block pos: BlockPos{x=-107, y=79, z=-9} BlockPos{x=-107, y=80, z=-9}
[05Jan2026 07:27:29.306] [Server thread/WARN] [net.minecraft.server.level.ServerPlayerGameMode/]: Mismatch in destroy block pos: BlockPos{x=-107, y=79, z=-9} BlockPos{x=-107, y=80, z=-9}
[05Jan2026 07:27:29.358] [Server thread/WARN] [net.minecraft.server.level.ServerPlayerGameMode/]: Mismatch in destroy block pos: BlockPos{x=-107, y=79, z=-9} BlockPos{x=-107, y=80, z=-9}
[05Jan2026 07:27:29.711] [Server thread/WARN] [net.minecraft.server.level.ServerPlayerGameMode/]: Mismatch in destroy block pos: BlockPos{x=-107, y=78, z=-8} BlockPos{x=-107, y=78, z=-9}
[05Jan2026 07:27:29.761] [Server thread/WARN] [net.minecraft.server.level.ServerPlayerGameMode/]: Mismatch in destroy block pos: BlockPos{x=-107, y=78, z=-8} BlockPos{x=-107, y=78, z=-9}
[05Jan2026 07:27:29.806] [Server thread/WARN] [net.minecraft.server.level.ServerPlayerGameMode/]: Mismatch in destroy block pos: BlockPos{x=-107, y=78, z=-8} BlockPos{x=-107, y=78, z=-9}
[05Jan2026 07:27:30.155] [Server thread/WARN] [net.minecraft.server.level.ServerPlayerGameMode/]: Mismatch in destroy block pos: BlockPos{x=-107, y=78, z=-7} BlockPos{x=-107, y=78, z=-8}
[05Jan2026 07:27:30.205] [Server thread/WARN] [net.minecraft.server.level.ServerPlayerGameMode/]: Mismatch in destroy block pos: BlockPos{x=-107, y=78, z=-7} BlockPos{x=-107, y=78, z=-8}
[05Jan2026 07:27:30.253] [Server thread/WARN] [net.minecraft.server.level.ServerPlayerGameMode/]: Mismatch in destroy block pos: BlockPos{x=-107, y=78, z=-7} BlockPos{x=-107, y=78, z=-8}
[05Jan2026 07:27:30.605] [Server thread/WARN] [net.minecraft.server.level.ServerPlayerGameMode/]: Mismatch in destroy block pos: BlockPos{x=-107, y=78, z=-6} BlockPos{x=-107, y=78, z=-7}
[05Jan2026 07:27:30.655] [Server thread/WARN] [net.minecraft.server.level.ServerPlayerGameMode/]: Mismatch in destroy block pos: BlockPos{x=-107, y=78, z=-6} BlockPos{x=-107, y=78, z=-7}
[05Jan2026 07:27:30.706] [Server thread/WARN] [net.minecraft.server.level.ServerPlayerGameMode/]: Mismatch in destroy block pos: BlockPos{x=-107, y=78, z=-6} BlockPos{x=-107, y=78, z=-7}
[05Jan2026 07:27:31.052] [Server thread/WARN] [net.minecraft.server.level.ServerPlayerGameMode/]: Mismatch in destroy block pos: BlockPos{x=-107, y=78, z=-5} BlockPos{x=-107, y=78, z=-6}
[05Jan2026 07:27:31.107] [Server thread/WARN] [net.minecraft.server.level.ServerPlayerGameMode/]: Mismatch in destroy block pos: BlockPos{x=-107, y=78, z=-5} BlockPos{x=-107, y=78, z=-6}
[05Jan2026 07:27:31.156] [Server thread/WARN] [net.minecraft.server.level.ServerPlayerGameMode/]: Mismatch in destroy block pos: BlockPos{x=-107, y=78, z=-5} BlockPos{x=-107, y=78, z=-6}
[05Jan2026 07:27:31.311] [Server thread/WARN] [net.minecraft.server.level.ServerPlayerGameMode/]: Mismatch in destroy block pos: BlockPos{x=-107, y=78, z=-4} BlockPos{x=-107, y=78, z=-5}
[05Jan2026 07:27:31.360] [Server thread/WARN] [net.minecraft.server.level.ServerPlayerGameMode/]: Mismatch in destroy block pos: BlockPos{x=-107, y=78, z=-4} BlockPos{x=-107, y=78, z=-5}
[05Jan2026 07:27:31.411] [Server thread/WARN] [net.minecraft.server.level.ServerPlayerGameMode/]: Mismatch in destroy block pos: BlockPos{x=-107, y=78, z=-4} BlockPos{x=-107, y=78, z=-5}
[05Jan2026 07:27:31.459] [Server thread/WARN] [net.minecraft.server.level.ServerPlayerGameMode/]: Mismatch in destroy block pos: BlockPos{x=-107, y=78, z=-4} BlockPos{x=-107, y=78, z=-5}
[05Jan2026 07:27:31.512] [Server thread/WARN] [net.minecraft.server.level.ServerPlayerGameMode/]: Mismatch in destroy block pos: BlockPos{x=-107, y=78, z=-3} BlockPos{x=-107, y=78, z=-5}
[05Jan2026 07:27:31.560] [Server thread/WARN] [net.minecraft.server.level.ServerPlayerGameMode/]: Mismatch in destroy block pos: BlockPos{x=-107, y=78, z=-3} BlockPos{x=-107, y=78, z=-5}
[05Jan2026 07:27:31.612] [Server thread/WARN] [net.minecraft.server.level.ServerPlayerGameMode/]: Mismatch in destroy block pos: BlockPos{x=-107, y=78, z=-3} BlockPos{x=-107, y=78, z=-5}
[05Jan2026 07:27:31.758] [Server thread/WARN] [net.minecraft.server.level.ServerPlayerGameMode/]: Mismatch in destroy block pos: BlockPos{x=-107, y=78, z=-2} BlockPos{x=-107, y=78, z=-3}
[05Jan2026 07:27:31.805] [Server thread/WARN] [net.minecraft.server.level.ServerPlayerGameMode/]: Mismatch in destroy block pos: BlockPos{x=-107, y=78, z=-2} BlockPos{x=-107, y=78, z=-3}
[05Jan2026 07:27:31.857] [Server thread/WARN] [net.minecraft.server.level.ServerPlayerGameMode/]: Mismatch in destroy block pos: BlockPos{x=-107, y=78, z=-2} BlockPos{x=-107, y=78, z=-3}
[05Jan2026 07:27:32.005] [Server thread/WARN] [net.minecraft.server.level.ServerPlayerGameMode/]: Mismatch in destroy block pos: BlockPos{x=-107, y=78, z=-1} BlockPos{x=-107, y=78, z=-2}
[05Jan2026 07:27:32.063] [Server thread/WARN] [net.minecraft.server.level.ServerPlayerGameMode/]: Mismatch in destroy block pos: BlockPos{x=-107, y=78, z=-1} BlockPos{x=-107, y=78, z=-2}
[05Jan2026 07:27:32.105] [Server thread/WARN] [net.minecraft.server.level.ServerPlayerGameMode/]: Mismatch in destroy block pos: BlockPos{x=-107, y=78, z=-1} BlockPos{x=-107, y=78, z=-2}
[05Jan2026 07:27:32.156] [Server thread/WARN] [net.minecraft.server.level.ServerPlayerGameMode/]: Mismatch in destroy block pos: BlockPos{x=-107, y=78, z=-1} BlockPos{x=-107, y=78, z=-2}
[05Jan2026 07:27:32.207] [Server thread/WARN] [net.minecraft.server.level.ServerPlayerGameMode/]: Mismatch in destroy block pos: BlockPos{x=-107, y=78, z=0} BlockPos{x=-107, y=78, z=-2}
[05Jan2026 07:27:32.258] [Server thread/WARN] [net.minecraft.server.level.ServerPlayerGameMode/]: Mismatch in destroy block pos: BlockPos{x=-107, y=78, z=0} BlockPos{x=-107, y=78, z=-2}
[05Jan2026 07:27:32.303] [Server thread/WARN] [net.minecraft.server.level.ServerPlayerGameMode/]: Mismatch in destroy block pos: BlockPos{x=-107, y=78, z=0} BlockPos{x=-107, y=78, z=-2}
[05Jan2026 07:27:32.463] [Server thread/WARN] [net.minecraft.server.level.ServerPlayerGameMode/]: Mismatch in destroy block pos: BlockPos{x=-107, y=78, z=1} BlockPos{x=-107, y=78, z=0}
[05Jan2026 07:27:32.550] [Server thread/WARN] [net.minecraft.server.level.ServerPlayerGameMode/]: Mismatch in destroy block pos: BlockPos{x=-107, y=78, z=1} BlockPos{x=-107, y=78, z=0}
[05Jan2026 07:27:32.581] [Server thread/WARN] [net.minecraft.server.level.ServerPlayerGameMode/]: Mismatch in destroy block pos: BlockPos{x=-107, y=78, z=1} BlockPos{x=-107, y=78, z=0}
[05Jan2026 07:27:32.708] [Server thread/WARN] [net.minecraft.server.level.ServerPlayerGameMode/]: Mismatch in destroy block pos: BlockPos{x=-107, y=78, z=2} BlockPos{x=-107, y=78, z=1}
[05Jan2026 07:27:32.760] [Server thread/WARN] [net.minecraft.server.level.ServerPlayerGameMode/]: Mismatch in destroy block pos: BlockPos{x=-107, y=78, z=2} BlockPos{x=-107, y=78, z=1}
[05Jan2026 07:27:32.806] [Server thread/WARN] [net.minecraft.server.level.ServerPlayerGameMode/]: Mismatch in destroy block pos: BlockPos{x=-107, y=78, z=2} BlockPos{x=-107, y=78, z=1}
[05Jan2026 07:27:32.959] [Server thread/WARN] [net.minecraft.server.level.ServerPlayerGameMode/]: Mismatch in destroy block pos: BlockPos{x=-107, y=78, z=3} BlockPos{x=-107, y=78, z=2}
[05Jan2026 07:27:33.005] [Server thread/WARN] [net.minecraft.server.level.ServerPlayerGameMode/]: Mismatch in destroy block pos: BlockPos{x=-107, y=78, z=3} BlockPos{x=-107, y=78, z=2}
[05Jan2026 07:27:33.152] [Server thread/WARN] [net.minecraft.server.level.ServerPlayerGameMode/]: Mismatch in destroy block pos: BlockPos{x=-107, y=78, z=3} BlockPos{x=-107, y=78, z=2}
[05Jan2026 07:27:33.152] [Server thread/WARN] [net.minecraft.server.level.ServerPlayerGameMode/]: Mismatch in destroy block pos: BlockPos{x=-107, y=78, z=3} BlockPos{x=-107, y=78, z=2}
[05Jan2026 07:27:33.152] [Server thread/WARN] [net.minecraft.server.level.ServerPlayerGameMode/]: Mismatch in destroy block pos: BlockPos{x=-107, y=78, z=4} BlockPos{x=-107, y=78, z=2}
[05Jan2026 07:27:33.207] [Server thread/WARN] [net.minecraft.server.level.ServerPlayerGameMode/]: Mismatch in destroy block pos: BlockPos{x=-107, y=78, z=4} BlockPos{x=-107, y=78, z=2}
[05Jan2026 07:27:33.261] [Server thread/WARN] [net.minecraft.server.level.ServerPlayerGameMode/]: Mismatch in destroy block pos: BlockPos{x=-107, y=78, z=4} BlockPos{x=-107, y=78, z=2}
[05Jan2026 07:27:33.355] [Server thread/WARN] [net.minecraft.server.level.ServerPlayerGameMode/]: Mismatch in destroy block pos: BlockPos{x=-107, y=78, z=4} BlockPos{x=-107, y=78, z=2}
[05Jan2026 07:27:33.360] [Server thread/WARN] [net.minecraft.server.level.ServerPlayerGameMode/]: Mismatch in destroy block pos: BlockPos{x=-107, y=78, z=5} BlockPos{x=-107, y=78, z=2}
[05Jan2026 07:27:33.454] [Server thread/WARN] [net.minecraft.server.level.ServerPlayerGameMode/]: Mismatch in destroy block pos: BlockPos{x=-107, y=78, z=5} BlockPos{x=-107, y=78, z=2}
[05Jan2026 07:27:33.469] [Server thread/WARN] [net.minecraft.server.level.ServerPlayerGameMode/]: Mismatch in destroy block pos: BlockPos{x=-107, y=78, z=5} BlockPos{x=-107, y=78, z=2}
[05Jan2026 07:27:33.713] [Server thread/WARN] [net.minecraft.server.level.ServerPlayerGameMode/]: Mismatch in destroy block pos: BlockPos{x=-107, y=79, z=5} BlockPos{x=-107, y=78, z=5}
[05Jan2026 07:27:33.758] [Server thread/WARN] [net.minecraft.server.level.ServerPlayerGameMode/]: Mismatch in destroy block pos: BlockPos{x=-107, y=79, z=5} BlockPos{x=-107, y=78, z=5}
[05Jan2026 07:27:33.810] [Server thread/WARN] [net.minecraft.server.level.ServerPlayerGameMode/]: Mismatch in destroy block pos: BlockPos{x=-107, y=79, z=5} BlockPos{x=-107, y=78, z=5}
[05Jan2026 07:27:34.307] [Server thread/WARN] [net.minecraft.server.level.ServerPlayerGameMode/]: Mismatch in destroy block pos: BlockPos{x=-107, y=80, z=5} BlockPos{x=-107, y=79, z=5}
[05Jan2026 07:27:34.359] [Server thread/WARN] [net.minecraft.server.level.ServerPlayerGameMode/]: Mismatch in destroy block pos: BlockPos{x=-107, y=80, z=5} BlockPos{x=-107, y=79, z=5}
[05Jan2026 07:27:34.417] [Server thread/WARN] [net.minecraft.server.level.ServerPlayerGameMode/]: Mismatch in destroy block pos: BlockPos{x=-107, y=80, z=5} BlockPos{x=-107, y=79, z=5}
[05Jan2026 07:27:34.765] [Server thread/WARN] [net.minecraft.server.level.ServerPlayerGameMode/]: Mismatch in destroy block pos: BlockPos{x=-107, y=79, z=6} BlockPos{x=-107, y=80, z=5}
[05Jan2026 07:27:34.808] [Server thread/WARN] [net.minecraft.server.level.ServerPlayerGameMode/]: Mismatch in destroy block pos: BlockPos{x=-107, y=79, z=6} BlockPos{x=-107, y=80, z=5}
[05Jan2026 07:27:34.865] [Server thread/WARN] [net.minecraft.server.level.ServerPlayerGameMode/]: Mismatch in destroy block pos: BlockPos{x=-107, y=79, z=6} BlockPos{x=-107, y=80, z=5}
[05Jan2026 07:27:35.963] [Server thread/WARN] [net.minecraft.server.level.ServerPlayerGameMode/]: Mismatch in destroy block pos: BlockPos{x=-107, y=78, z=6} BlockPos{x=-107, y=79, z=6}
[05Jan2026 07:27:36.007] [Server thread/WARN] [net.minecraft.server.level.ServerPlayerGameMode/]: Mismatch in destroy block pos: BlockPos{x=-107, y=78, z=6} BlockPos{x=-107, y=79, z=6}
[05Jan2026 07:27:36.079] [Server thread/WARN] [net.minecraft.server.level.ServerPlayerGameMode/]: Mismatch in destroy block pos: BlockPos{x=-107, y=78, z=6} BlockPos{x=-107, y=79, z=6}
[05Jan2026 07:27:36.557] [Server thread/WARN] [net.minecraft.server.level.ServerPlayerGameMode/]: Mismatch in destroy block pos: BlockPos{x=-108, y=78, z=6} BlockPos{x=-107, y=78, z=6}
[05Jan2026 07:27:36.614] [Server thread/WARN] [net.minecraft.server.level.ServerPlayerGameMode/]: Mismatch in destroy block pos: BlockPos{x=-108, y=78, z=6} BlockPos{x=-107, y=78, z=6}
[05Jan2026 07:27:36.669] [Server thread/WARN] [net.minecraft.server.level.ServerPlayerGameMode/]: Mismatch in destroy block pos: BlockPos{x=-108, y=78, z=6} BlockPos{x=-107, y=78, z=6}
[05Jan2026 07:27:37.059] [Server thread/WARN] [net.minecraft.server.level.ServerPlayerGameMode/]: Mismatch in destroy block pos: BlockPos{x=-108, y=79, z=6} BlockPos{x=-108, y=78, z=6}
[05Jan2026 07:27:37.109] [Server thread/WARN] [net.minecraft.server.level.ServerPlayerGameMode/]: Mismatch in destroy block pos: BlockPos{x=-108, y=79, z=6} BlockPos{x=-108, y=78, z=6}
[05Jan2026 07:27:37.157] [Server thread/WARN] [net.minecraft.server.level.ServerPlayerGameMode/]: Mismatch in destroy block pos: BlockPos{x=-108, y=79, z=6} BlockPos{x=-108, y=78, z=6}
[05Jan2026 07:27:37.407] [Server thread/WARN] [net.minecraft.server.level.ServerPlayerGameMode/]: Mismatch in destroy block pos: BlockPos{x=-108, y=80, z=6} BlockPos{x=-108, y=79, z=6}
[05Jan2026 07:27:37.456] [Server thread/WARN] [net.minecraft.server.level.ServerPlayerGameMode/]: Mismatch in destroy block pos: BlockPos{x=-108, y=80, z=6} BlockPos{x=-108, y=79, z=6}
[05Jan2026 07:27:37.510] [Server thread/WARN] [net.minecraft.server.level.ServerPlayerGameMode/]: Mismatch in destroy block pos: BlockPos{x=-108, y=80, z=6} BlockPos{x=-108, y=79, z=6}
[05Jan2026 07:27:37.658] [Server thread/WARN] [net.minecraft.server.level.ServerPlayerGameMode/]: Mismatch in destroy block pos: BlockPos{x=-109, y=80, z=6} BlockPos{x=-108, y=80, z=6}
[05Jan2026 07:27:37.708] [Server thread/WARN] [net.minecraft.server.level.ServerPlayerGameMode/]: Mismatch in destroy block pos: BlockPos{x=-109, y=80, z=6} BlockPos{x=-108, y=80, z=6}
[05Jan2026 07:27:37.765] [Server thread/WARN] [net.minecraft.server.level.ServerPlayerGameMode/]: Mismatch in destroy block pos: BlockPos{x=-109, y=80, z=6} BlockPos{x=-108, y=80, z=6}
[05Jan2026 07:27:38.132] [Server thread/WARN] [net.minecraft.server.level.ServerPlayerGameMode/]: Mismatch in destroy block pos: BlockPos{x=-109, y=79, z=6} BlockPos{x=-109, y=80, z=6}
[05Jan2026 07:27:38.168] [Server thread/WARN] [net.minecraft.server.level.ServerPlayerGameMode/]: Mismatch in destroy block pos: BlockPos{x=-109, y=79, z=6} BlockPos{x=-109, y=80, z=6}
[05Jan2026 07:27:38.210] [Server thread/WARN] [net.minecraft.server.level.ServerPlayerGameMode/]: Mismatch in destroy block pos: BlockPos{x=-109, y=79, z=6} BlockPos{x=-109, y=80, z=6}
[05Jan2026 07:27:38.261] [Server thread/WARN] [net.minecraft.server.level.ServerPlayerGameMode/]: Mismatch in destroy block pos: BlockPos{x=-109, y=79, z=6} BlockPos{x=-109, y=80, z=6}
[05Jan2026 07:27:38.313] [Server thread/WARN] [net.minecraft.server.level.ServerPlayerGameMode/]: Mismatch in destroy block pos: BlockPos{x=-109, y=78, z=6} BlockPos{x=-109, y=80, z=6}
[05Jan2026 07:27:38.420] [Server thread/WARN] [net.minecraft.server.level.ServerPlayerGameMode/]: Mismatch in destroy block pos: BlockPos{x=-109, y=78, z=6} BlockPos{x=-109, y=80, z=6}
[05Jan2026 07:27:38.422] [Server thread/WARN] [net.minecraft.server.level.ServerPlayerGameMode/]: Mismatch in destroy block pos: BlockPos{x=-109, y=78, z=6} BlockPos{x=-109, y=80, z=6}
[05Jan2026 07:27:39.159] [Server thread/WARN] [net.minecraft.server.level.ServerPlayerGameMode/]: Mismatch in destroy block pos: BlockPos{x=-107, y=80, z=4} BlockPos{x=-107, y=80, z=5}
[05Jan2026 07:27:39.232] [Server thread/WARN] [net.minecraft.server.level.ServerPlayerGameMode/]: Mismatch in destroy block pos: BlockPos{x=-107, y=80, z=4} BlockPos{x=-107, y=80, z=5}
[05Jan2026 07:27:39.291] [Server thread/WARN] [net.minecraft.server.level.ServerPlayerGameMode/]: Mismatch in destroy block pos: BlockPos{x=-107, y=80, z=4} BlockPos{x=-107, y=80, z=5}
[05Jan2026 07:27:39.335] [Server thread/WARN] [net.minecraft.server.level.ServerPlayerGameMode/]: Mismatch in destroy block pos: BlockPos{x=-107, y=80, z=4} BlockPos{x=-107, y=80, z=5}
[05Jan2026 07:27:39.364] [Server thread/WARN] [net.minecraft.server.level.ServerPlayerGameMode/]: Mismatch in destroy block pos: BlockPos{x=-107, y=80, z=4} BlockPos{x=-107, y=80, z=5}
[05Jan2026 07:27:39.440] [Server thread/WARN] [net.minecraft.server.level.ServerPlayerGameMode/]: Mismatch in destroy block pos: BlockPos{x=-107, y=80, z=3} BlockPos{x=-107, y=80, z=5}
[05Jan2026 07:27:39.479] [Server thread/WARN] [net.minecraft.server.level.ServerPlayerGameMode/]: Mismatch in destroy block pos: BlockPos{x=-107, y=80, z=3} BlockPos{x=-107, y=80, z=5}
[05Jan2026 07:27:39.516] [Server thread/WARN] [net.minecraft.server.level.ServerPlayerGameMode/]: Mismatch in destroy block pos: BlockPos{x=-107, y=80, z=3} BlockPos{x=-107, y=80, z=5}
[05Jan2026 07:27:39.558] [Server thread/WARN] [net.minecraft.server.level.ServerPlayerGameMode/]: Mismatch in destroy block pos: BlockPos{x=-107, y=80, z=3} BlockPos{x=-107, y=80, z=5}
[05Jan2026 07:27:39.607] [Server thread/WARN] [net.minecraft.server.level.ServerPlayerGameMode/]: Mismatch in destroy block pos: BlockPos{x=-107, y=80, z=3} BlockPos{x=-107, y=80, z=5}
[05Jan2026 07:27:39.664] [Server thread/WARN] [net.minecraft.server.level.ServerPlayerGameMode/]: Mismatch in destroy block pos: BlockPos{x=-107, y=80, z=2} BlockPos{x=-107, y=80, z=5}
[05Jan2026 07:27:39.713] [Server thread/WARN] [net.minecraft.server.level.ServerPlayerGameMode/]: Mismatch in destroy block pos: BlockPos{x=-107, y=80, z=2} BlockPos{x=-107, y=80, z=5}
[05Jan2026 07:27:39.760] [Server thread/WARN] [net.minecraft.server.level.ServerPlayerGameMode/]: Mismatch in destroy block pos: BlockPos{x=-107, y=80, z=2} BlockPos{x=-107, y=80, z=5}
[05Jan2026 07:27:40.157] [Server thread/WARN] [net.minecraft.server.level.ServerPlayerGameMode/]: Mismatch in destroy block pos: BlockPos{x=-107, y=80, z=1} BlockPos{x=-107, y=80, z=2}
[05Jan2026 07:27:40.210] [Server thread/WARN] [net.minecraft.server.level.ServerPlayerGameMode/]: Mismatch in destroy block pos: BlockPos{x=-107, y=80, z=1} BlockPos{x=-107, y=80, z=2}
[05Jan2026 07:27:40.260] [Server thread/WARN] [net.minecraft.server.level.ServerPlayerGameMode/]: Mismatch in destroy block pos: BlockPos{x=-107, y=80, z=1} BlockPos{x=-107, y=80, z=2}
[05Jan2026 07:27:40.307] [Server thread/WARN] [net.minecraft.server.level.ServerPlayerGameMode/]: Mismatch in destroy block pos: BlockPos{x=-107, y=80, z=1} BlockPos{x=-107, y=80, z=2}
[05Jan2026 07:27:40.357] [Server thread/WARN] [net.minecraft.server.level.ServerPlayerGameMode/]: Mismatch in destroy block pos: BlockPos{x=-107, y=80, z=0} BlockPos{x=-107, y=80, z=2}
[05Jan2026 07:27:40.412] [Server thread/WARN] [net.minecraft.server.level.ServerPlayerGameMode/]: Mismatch in destroy block pos: BlockPos{x=-107, y=80, z=0} BlockPos{x=-107, y=80, z=2}
[05Jan2026 07:27:40.456] [Server thread/WARN] [net.minecraft.server.level.ServerPlayerGameMode/]: Mismatch in destroy block pos: BlockPos{x=-107, y=80, z=0} BlockPos{x=-107, y=80, z=2}
[05Jan2026 07:27:40.509] [Server thread/WARN] [net.minecraft.server.level.ServerPlayerGameMode/]: Mismatch in destroy block pos: BlockPos{x=-107, y=80, z=0} BlockPos{x=-107, y=80, z=2}
[05Jan2026 07:27:40.562] [Server thread/WARN] [net.minecraft.server.level.ServerPlayerGameMode/]: Mismatch in destroy block pos: BlockPos{x=-107, y=80, z=-1} BlockPos{x=-107, y=80, z=2}
[05Jan2026 07:27:40.608] [Server thread/WARN] [net.minecraft.server.level.ServerPlayerGameMode/]: Mismatch in destroy block pos: BlockPos{x=-107, y=80, z=-1} BlockPos{x=-107, y=80, z=2}
[05Jan2026 07:27:40.657] [Server thread/WARN] [net.minecraft.server.level.ServerPlayerGameMode/]: Mismatch in destroy block pos: BlockPos{x=-107, y=80, z=-1} BlockPos{x=-107, y=80, z=2}
[05Jan2026 07:27:40.807] [Server thread/WARN] [net.minecraft.server.level.ServerPlayerGameMode/]: Mismatch in destroy block pos: BlockPos{x=-107, y=80, z=-2} BlockPos{x=-107, y=80, z=-1}
[05Jan2026 07:27:40.859] [Server thread/WARN] [net.minecraft.server.level.ServerPlayerGameMode/]: Mismatch in destroy block pos: BlockPos{x=-107, y=80, z=-2} BlockPos{x=-107, y=80, z=-1}
[05Jan2026 07:27:40.909] [Server thread/WARN] [net.minecraft.server.level.ServerPlayerGameMode/]: Mismatch in destroy block pos: BlockPos{x=-107, y=80, z=-2} BlockPos{x=-107, y=80, z=-1}
[05Jan2026 07:27:40.960] [Server thread/WARN] [net.minecraft.server.level.ServerPlayerGameMode/]: Mismatch in destroy block pos: BlockPos{x=-107, y=80, z=-2} BlockPos{x=-107, y=80, z=-1}
[05Jan2026 07:27:41.014] [Server thread/WARN] [net.minecraft.server.level.ServerPlayerGameMode/]: Mismatch in destroy block pos: BlockPos{x=-107, y=80, z=-3} BlockPos{x=-107, y=80, z=-1}
[05Jan2026 07:27:41.064] [Server thread/WARN] [net.minecraft.server.level.ServerPlayerGameMode/]: Mismatch in destroy block pos: BlockPos{x=-107, y=80, z=-3} BlockPos{x=-107, y=80, z=-1}
[05Jan2026 07:27:41.109] [Server thread/WARN] [net.minecraft.server.level.ServerPlayerGameMode/]: Mismatch in destroy block pos: BlockPos{x=-107, y=80, z=-3} BlockPos{x=-107, y=80, z=-1}
[05Jan2026 07:27:41.260] [Server thread/WARN] [net.minecraft.server.level.ServerPlayerGameMode/]: Mismatch in destroy block pos: BlockPos{x=-107, y=80, z=-4} BlockPos{x=-107, y=80, z=-3}
[05Jan2026 07:27:41.307] [Server thread/WARN] [net.minecraft.server.level.ServerPlayerGameMode/]: Mismatch in destroy block pos: BlockPos{x=-107, y=80, z=-4} BlockPos{x=-107, y=80, z=-3}
[05Jan2026 07:27:41.355] [Server thread/WARN] [net.minecraft.server.level.ServerPlayerGameMode/]: Mismatch in destroy block pos: BlockPos{x=-107, y=80, z=-4} BlockPos{x=-107, y=80, z=-3}
[05Jan2026 07:27:41.508] [Server thread/WARN] [net.minecraft.server.level.ServerPlayerGameMode/]: Mismatch in destroy block pos: BlockPos{x=-107, y=80, z=-5} BlockPos{x=-107, y=80, z=-4}
[05Jan2026 07:27:41.557] [Server thread/WARN] [net.minecraft.server.level.ServerPlayerGameMode/]: Mismatch in destroy block pos: BlockPos{x=-107, y=80, z=-5} BlockPos{x=-107, y=80, z=-4}
[05Jan2026 07:27:41.608] [Server thread/WARN] [net.minecraft.server.level.ServerPlayerGameMode/]: Mismatch in destroy block pos: BlockPos{x=-107, y=80, z=-5} BlockPos{x=-107, y=80, z=-4}
[05Jan2026 07:27:41.658] [Server thread/WARN] [net.minecraft.server.level.ServerPlayerGameMode/]: Mismatch in destroy block pos: BlockPos{x=-107, y=80, z=-5} BlockPos{x=-107, y=80, z=-4}
[05Jan2026 07:27:41.711] [Server thread/WARN] [net.minecraft.server.level.ServerPlayerGameMode/]: Mismatch in destroy block pos: BlockPos{x=-107, y=80, z=-6} BlockPos{x=-107, y=80, z=-4}
[05Jan2026 07:27:41.756] [Server thread/WARN] [net.minecraft.server.level.ServerPlayerGameMode/]: Mismatch in destroy block pos: BlockPos{x=-107, y=80, z=-6} BlockPos{x=-107, y=80, z=-4}
[05Jan2026 07:27:41.807] [Server thread/WARN] [net.minecraft.server.level.ServerPlayerGameMode/]: Mismatch in destroy block pos: BlockPos{x=-107, y=80, z=-6} BlockPos{x=-107, y=80, z=-4}
[05Jan2026 07:27:41.957] [Server thread/WARN] [net.minecraft.server.level.ServerPlayerGameMode/]: Mismatch in destroy block pos: BlockPos{x=-107, y=80, z=-7} BlockPos{x=-107, y=80, z=-6}
[05Jan2026 07:27:42.017] [Server thread/WARN] [net.minecraft.server.level.ServerPlayerGameMode/]: Mismatch in destroy block pos: BlockPos{x=-107, y=80, z=-7} BlockPos{x=-107, y=80, z=-6}
[05Jan2026 07:27:42.059] [Server thread/WARN] [net.minecraft.server.level.ServerPlayerGameMode/]: Mismatch in destroy block pos: BlockPos{x=-107, y=80, z=-7} BlockPos{x=-107, y=80, z=-6}
[05Jan2026 07:27:42.108] [Server thread/WARN] [net.minecraft.server.level.ServerPlayerGameMode/]: Mismatch in destroy block pos: BlockPos{x=-107, y=80, z=-7} BlockPos{x=-107, y=80, z=-6}
[05Jan2026 07:27:42.156] [Server thread/WARN] [net.minecraft.server.level.ServerPlayerGameMode/]: Mismatch in destroy block pos: BlockPos{x=-107, y=80, z=-8} BlockPos{x=-107, y=80, z=-6}
[05Jan2026 07:27:42.213] [Server thread/WARN] [net.minecraft.server.level.ServerPlayerGameMode/]: Mismatch in destroy block pos: BlockPos{x=-107, y=80, z=-8} BlockPos{x=-107, y=80, z=-6}
[05Jan2026 07:27:42.262] [Server thread/WARN] [net.minecraft.server.level.ServerPlayerGameMode/]: Mismatch in destroy block pos: BlockPos{x=-107, y=80, z=-8} BlockPos{x=-107, y=80, z=-6}
[05Jan2026 07:27:42.303] [Server thread/WARN] [net.minecraft.server.level.ServerPlayerGameMode/]: Mismatch in destroy block pos: BlockPos{x=-107, y=80, z=-8} BlockPos{x=-107, y=80, z=-6}
[05Jan2026 07:27:42.364] [Server thread/WARN] [net.minecraft.server.level.ServerPlayerGameMode/]: Mismatch in destroy block pos: BlockPos{x=-107, y=79, z=-8} BlockPos{x=-107, y=80, z=-6}
[05Jan2026 07:27:42.408] [Server thread/WARN] [net.minecraft.server.level.ServerPlayerGameMode/]: Mismatch in destroy block pos: BlockPos{x=-107, y=79, z=-8} BlockPos{x=-107, y=80, z=-6}
[05Jan2026 07:27:42.467] [Server thread/WARN] [net.minecraft.server.level.ServerPlayerGameMode/]: Mismatch in destroy block pos: BlockPos{x=-107, y=79, z=-8} BlockPos{x=-107, y=80, z=-6}
[05Jan2026 07:27:42.918] [Server thread/WARN] [net.minecraft.server.level.ServerPlayerGameMode/]: Mismatch in destroy block pos: BlockPos{x=-107, y=79, z=-7} BlockPos{x=-107, y=79, z=-8}
[05Jan2026 07:27:42.960] [Server thread/WARN] [net.minecraft.server.level.ServerPlayerGameMode/]: Mismatch in destroy block pos: BlockPos{x=-107, y=79, z=-7} BlockPos{x=-107, y=79, z=-8}
[05Jan2026 07:27:43.025] [Server thread/WARN] [net.minecraft.server.level.ServerPlayerGameMode/]: Mismatch in destroy block pos: BlockPos{x=-107, y=79, z=-7} BlockPos{x=-107, y=79, z=-8}
[05Jan2026 07:27:43.163] [Server thread/WARN] [net.minecraft.server.level.ServerPlayerGameMode/]: Mismatch in destroy block pos: BlockPos{x=-107, y=79, z=-6} BlockPos{x=-107, y=79, z=-7}
[05Jan2026 07:27:43.230] [Server thread/WARN] [net.minecraft.server.level.ServerPlayerGameMode/]: Mismatch in destroy block pos: BlockPos{x=-107, y=79, z=-6} BlockPos{x=-107, y=79, z=-7}
[05Jan2026 07:27:43.279] [Server thread/WARN] [net.minecraft.server.level.ServerPlayerGameMode/]: Mismatch in destroy block pos: BlockPos{x=-107, y=79, z=-6} BlockPos{x=-107, y=79, z=-7}
[05Jan2026 07:27:43.417] [Server thread/WARN] [net.minecraft.server.level.ServerPlayerGameMode/]: Mismatch in destroy block pos: BlockPos{x=-107, y=79, z=-5} BlockPos{x=-107, y=79, z=-6}
[05Jan2026 07:27:43.457] [Server thread/WARN] [net.minecraft.server.level.ServerPlayerGameMode/]: Mismatch in destroy block pos: BlockPos{x=-107, y=79, z=-5} BlockPos{x=-107, y=79, z=-6}
[05Jan2026 07:27:43.506] [Server thread/WARN] [net.minecraft.server.level.ServerPlayerGameMode/]: Mismatch in destroy block pos: BlockPos{x=-107, y=79, z=-5} BlockPos{x=-107, y=79, z=-6}
[05Jan2026 07:27:43.561] [Server thread/WARN] [net.minecraft.server.level.ServerPlayerGameMode/]: Mismatch in destroy block pos: BlockPos{x=-107, y=79, z=-5} BlockPos{x=-107, y=79, z=-6}
[05Jan2026 07:27:43.625] [Server thread/WARN] [net.minecraft.server.level.ServerPlayerGameMode/]: Mismatch in destroy block pos: BlockPos{x=-107, y=79, z=-4} BlockPos{x=-107, y=79, z=-6}
[05Jan2026 07:27:43.663] [Server thread/WARN] [net.minecraft.server.level.ServerPlayerGameMode/]: Mismatch in destroy block pos: BlockPos{x=-107, y=79, z=-4} BlockPos{x=-107, y=79, z=-6}
[05Jan2026 07:27:43.710] [Server thread/WARN] [net.minecraft.server.level.ServerPlayerGameMode/]: Mismatch in destroy block pos: BlockPos{x=-107, y=79, z=-4} BlockPos{x=-107, y=79, z=-6}
[05Jan2026 07:27:43.760] [Server thread/WARN] [net.minecraft.server.level.ServerPlayerGameMode/]: Mismatch in destroy block pos: BlockPos{x=-107, y=79, z=-4} BlockPos{x=-107, y=79, z=-6}
[05Jan2026 07:27:43.821] [Server thread/WARN] [net.minecraft.server.level.ServerPlayerGameMode/]: Mismatch in destroy block pos: BlockPos{x=-107, y=79, z=-3} BlockPos{x=-107, y=79, z=-6}
[05Jan2026 07:27:43.872] [Server thread/WARN] [net.minecraft.server.level.ServerPlayerGameMode/]: Mismatch in destroy block pos: BlockPos{x=-107, y=79, z=-3} BlockPos{x=-107, y=79, z=-6}
[05Jan2026 07:27:43.916] [Server thread/WARN] [net.minecraft.server.level.ServerPlayerGameMode/]: Mismatch in destroy block pos: BlockPos{x=-107, y=79, z=-3} BlockPos{x=-107, y=79, z=-6}
[05Jan2026 07:27:44.082] [Server thread/WARN] [net.minecraft.server.level.ServerPlayerGameMode/]: Mismatch in destroy block pos: BlockPos{x=-107, y=79, z=-2} BlockPos{x=-107, y=79, z=-3}
[05Jan2026 07:27:44.121] [Server thread/WARN] [net.minecraft.server.level.ServerPlayerGameMode/]: Mismatch in destroy block pos: BlockPos{x=-107, y=79, z=-2} BlockPos{x=-107, y=79, z=-3}
[05Jan2026 07:27:44.170] [Server thread/WARN] [net.minecraft.server.level.ServerPlayerGameMode/]: Mismatch in destroy block pos: BlockPos{x=-107, y=79, z=-2} BlockPos{x=-107, y=79, z=-3}
[05Jan2026 07:27:44.232] [Server thread/WARN] [net.minecraft.server.level.ServerPlayerGameMode/]: Mismatch in destroy block pos: BlockPos{x=-107, y=79, z=-2} BlockPos{x=-107, y=79, z=-3}
[05Jan2026 07:27:44.267] [Server thread/WARN] [net.minecraft.server.level.ServerPlayerGameMode/]: Mismatch in destroy block pos: BlockPos{x=-107, y=79, z=-2} BlockPos{x=-107, y=79, z=-3}
[05Jan2026 07:27:44.304] [Server thread/WARN] [net.minecraft.server.level.ServerPlayerGameMode/]: Mismatch in destroy block pos: BlockPos{x=-107, y=79, z=-1} BlockPos{x=-107, y=79, z=-3}
[05Jan2026 07:27:44.357] [Server thread/WARN] [net.minecraft.server.level.ServerPlayerGameMode/]: Mismatch in destroy block pos: BlockPos{x=-107, y=79, z=-1} BlockPos{x=-107, y=79, z=-3}
[05Jan2026 07:27:44.412] [Server thread/WARN] [net.minecraft.server.level.ServerPlayerGameMode/]: Mismatch in destroy block pos: BlockPos{x=-107, y=79, z=-1} BlockPos{x=-107, y=79, z=-3}
[05Jan2026 07:27:44.570] [Server thread/WARN] [net.minecraft.server.level.ServerPlayerGameMode/]: Mismatch in destroy block pos: BlockPos{x=-107, y=79, z=0} BlockPos{x=-107, y=79, z=-1}
[05Jan2026 07:27:44.622] [Server thread/WARN] [net.minecraft.server.level.ServerPlayerGameMode/]: Mismatch in destroy block pos: BlockPos{x=-107, y=79, z=0} BlockPos{x=-107, y=79, z=-1}
[05Jan2026 07:27:44.668] [Server thread/WARN] [net.minecraft.server.level.ServerPlayerGameMode/]: Mismatch in destroy block pos: BlockPos{x=-107, y=79, z=0} BlockPos{x=-107, y=79, z=-1}
[05Jan2026 07:27:44.759] [Server thread/WARN] [net.minecraft.server.level.ServerPlayerGameMode/]: Mismatch in destroy block pos: BlockPos{x=-107, y=79, z=0} BlockPos{x=-107, y=79, z=-1}
[05Jan2026 07:27:44.761] [Server thread/WARN] [net.minecraft.server.level.ServerPlayerGameMode/]: Mismatch in destroy block pos: BlockPos{x=-107, y=79, z=1} BlockPos{x=-107, y=79, z=-1}
[05Jan2026 07:27:44.802] [Server thread/WARN] [net.minecraft.server.level.ServerPlayerGameMode/]: Mismatch in destroy block pos: BlockPos{x=-107, y=79, z=1} BlockPos{x=-107, y=79, z=-1}
[05Jan2026 07:27:44.866] [Server thread/WARN] [net.minecraft.server.level.ServerPlayerGameMode/]: Mismatch in destroy block pos: BlockPos{x=-107, y=79, z=1} BlockPos{x=-107, y=79, z=-1}
[05Jan2026 07:27:44.931] [Server thread/WARN] [net.minecraft.server.level.ServerPlayerGameMode/]: Mismatch in destroy block pos: BlockPos{x=-107, y=79, z=1} BlockPos{x=-107, y=79, z=-1}
[05Jan2026 07:27:44.969] [Server thread/WARN] [net.minecraft.server.level.ServerPlayerGameMode/]: Mismatch in destroy block pos: BlockPos{x=-107, y=79, z=2} BlockPos{x=-107, y=79, z=-1}
[05Jan2026 07:27:45.040] [Server thread/WARN] [net.minecraft.server.level.ServerPlayerGameMode/]: Mismatch in destroy block pos: BlockPos{x=-107, y=79, z=2} BlockPos{x=-107, y=79, z=-1}
[05Jan2026 07:27:45.078] [Server thread/WARN] [net.minecraft.server.level.ServerPlayerGameMode/]: Mismatch in destroy block pos: BlockPos{x=-107, y=79, z=2} BlockPos{x=-107, y=79, z=-1}
[05Jan2026 07:27:45.111] [Server thread/WARN] [net.minecraft.server.level.ServerPlayerGameMode/]: Mismatch in destroy block pos: BlockPos{x=-107, y=79, z=2} BlockPos{x=-107, y=79, z=-1}
[05Jan2026 07:27:45.166] [Server thread/WARN] [net.minecraft.server.level.ServerPlayerGameMode/]: Mismatch in destroy block pos: BlockPos{x=-107, y=79, z=3} BlockPos{x=-107, y=79, z=-1}
[05Jan2026 07:27:45.257] [Server thread/WARN] [net.minecraft.server.level.ServerPlayerGameMode/]: Mismatch in destroy block pos: BlockPos{x=-107, y=79, z=3} BlockPos{x=-107, y=79, z=-1}
[05Jan2026 07:27:45.300] [Server thread/WARN] [net.minecraft.server.level.ServerPlayerGameMode/]: Mismatch in destroy block pos: BlockPos{x=-107, y=79, z=3} BlockPos{x=-107, y=79, z=-1}
[05Jan2026 07:27:46.310] [Server thread/WARN] [net.minecraft.server.level.ServerPlayerGameMode/]: Mismatch in destroy block pos: BlockPos{x=-110, y=78, z=6} BlockPos{x=-109, y=78, z=6}
[05Jan2026 07:27:46.356] [Server thread/WARN] [net.minecraft.server.level.ServerPlayerGameMode/]: Mismatch in destroy block pos: BlockPos{x=-110, y=78, z=6} BlockPos{x=-109, y=78, z=6}
[05Jan2026 07:27:46.402] [Server thread/WARN] [net.minecraft.server.level.ServerPlayerGameMode/]: Mismatch in destroy block pos: BlockPos{x=-110, y=78, z=6} BlockPos{x=-109, y=78, z=6}
[05Jan2026 07:27:46.656] [Server thread/WARN] [net.minecraft.server.level.ServerPlayerGameMode/]: Mismatch in destroy block pos: BlockPos{x=-111, y=78, z=6} BlockPos{x=-110, y=78, z=6}
[05Jan2026 07:27:46.710] [Server thread/WARN] [net.minecraft.server.level.ServerPlayerGameMode/]: Mismatch in destroy block pos: BlockPos{x=-111, y=78, z=6} BlockPos{x=-110, y=78, z=6}
[05Jan2026 07:27:46.758] [Server thread/WARN] [net.minecraft.server.level.ServerPlayerGameMode/]: Mismatch in destroy block pos: BlockPos{x=-111, y=78, z=6} BlockPos{x=-110, y=78, z=6}
[05Jan2026 07:27:46.811] [Server thread/WARN] [net.minecraft.server.level.ServerPlayerGameMode/]: Mismatch in destroy block pos: BlockPos{x=-112, y=78, z=6} BlockPos{x=-110, y=78, z=6}
[05Jan2026 07:27:46.858] [Server thread/WARN] [net.minecraft.server.level.ServerPlayerGameMode/]: Mismatch in destroy block pos: BlockPos{x=-112, y=78, z=6} BlockPos{x=-110, y=78, z=6}
[05Jan2026 07:27:46.912] [Server thread/WARN] [net.minecraft.server.level.ServerPlayerGameMode/]: Mismatch in destroy block pos: BlockPos{x=-112, y=78, z=6} BlockPos{x=-110, y=78, z=6}
[05Jan2026 07:27:47.062] [Server thread/WARN] [net.minecraft.server.level.ServerPlayerGameMode/]: Mismatch in destroy block pos: BlockPos{x=-113, y=78, z=6} BlockPos{x=-112, y=78, z=6}
[05Jan2026 07:27:47.102] [Server thread/WARN] [net.minecraft.server.level.ServerPlayerGameMode/]: Mismatch in destroy block pos: BlockPos{x=-113, y=78, z=6} BlockPos{x=-112, y=78, z=6}
[05Jan2026 07:27:47.156] [Server thread/WARN] [net.minecraft.server.level.ServerPlayerGameMode/]: Mismatch in destroy block pos: BlockPos{x=-113, y=78, z=6} BlockPos{x=-112, y=78, z=6}
[05Jan2026 07:27:47.310] [Server thread/WARN] [net.minecraft.server.level.ServerPlayerGameMode/]: Mismatch in destroy block pos: BlockPos{x=-114, y=78, z=6} BlockPos{x=-113, y=78, z=6}
[05Jan2026 07:27:47.358] [Server thread/WARN] [net.minecraft.server.level.ServerPlayerGameMode/]: Mismatch in destroy block pos: BlockPos{x=-114, y=78, z=6} BlockPos{x=-113, y=78, z=6}
[05Jan2026 07:27:47.405] [Server thread/WARN] [net.minecraft.server.level.ServerPlayerGameMode/]: Mismatch in destroy block pos: BlockPos{x=-114, y=78, z=6} BlockPos{x=-113, y=78, z=6}
[05Jan2026 07:27:47.458] [Server thread/WARN] [net.minecraft.server.level.ServerPlayerGameMode/]: Mismatch in destroy block pos: BlockPos{x=-114, y=78, z=6} BlockPos{x=-113, y=78, z=6}
[05Jan2026 07:27:47.507] [Server thread/WARN] [net.minecraft.server.level.ServerPlayerGameMode/]: Mismatch in destroy block pos: BlockPos{x=-115, y=78, z=6} BlockPos{x=-113, y=78, z=6}
[05Jan2026 07:27:47.553] [Server thread/WARN] [net.minecraft.server.level.ServerPlayerGameMode/]: Mismatch in destroy block pos: BlockPos{x=-115, y=78, z=6} BlockPos{x=-113, y=78, z=6}
[05Jan2026 07:27:47.607] [Server thread/WARN] [net.minecraft.server.level.ServerPlayerGameMode/]: Mismatch in destroy block pos: BlockPos{x=-115, y=78, z=6} BlockPos{x=-113, y=78, z=6}
[05Jan2026 07:27:47.764] [Server thread/WARN] [net.minecraft.server.level.ServerPlayerGameMode/]: Mismatch in destroy block pos: BlockPos{x=-116, y=78, z=6} BlockPos{x=-115, y=78, z=6}
[05Jan2026 07:27:47.810] [Server thread/WARN] [net.minecraft.server.level.ServerPlayerGameMode/]: Mismatch in destroy block pos: BlockPos{x=-116, y=78, z=6} BlockPos{x=-115, y=78, z=6}
[05Jan2026 07:27:47.858] [Server thread/WARN] [net.minecraft.server.level.ServerPlayerGameMode/]: Mismatch in destroy block pos: BlockPos{x=-116, y=78, z=6} BlockPos{x=-115, y=78, z=6}
[05Jan2026 07:27:47.905] [Server thread/WARN] [net.minecraft.server.level.ServerPlayerGameMode/]: Mismatch in destroy block pos: BlockPos{x=-116, y=78, z=6} BlockPos{x=-115, y=78, z=6}
[05Jan2026 07:27:47.954] [Server thread/WARN] [net.minecraft.server.level.ServerPlayerGameMode/]: Mismatch in destroy block pos: BlockPos{x=-117, y=78, z=6} BlockPos{x=-115, y=78, z=6}
[05Jan2026 07:27:48.007] [Server thread/WARN] [net.minecraft.server.level.ServerPlayerGameMode/]: Mismatch in destroy block pos: BlockPos{x=-117, y=78, z=6} BlockPos{x=-115, y=78, z=6}
[05Jan2026 07:27:48.056] [Server thread/WARN] [net.minecraft.server.level.ServerPlayerGameMode/]: Mismatch in destroy block pos: BlockPos{x=-117, y=78, z=6} BlockPos{x=-115, y=78, z=6}
[05Jan2026 07:27:48.906] [Server thread/WARN] [net.minecraft.server.level.ServerPlayerGameMode/]: Mismatch in destroy block pos: BlockPos{x=-118, y=78, z=6} BlockPos{x=-117, y=78, z=6}
[05Jan2026 07:27:49.055] [Server thread/WARN] [net.minecraft.server.level.ServerPlayerGameMode/]: Mismatch in destroy block pos: BlockPos{x=-118, y=78, z=6} BlockPos{x=-117, y=78, z=6}
[05Jan2026 07:27:49.267] [Server thread/WARN] [net.minecraft.server.level.ServerPlayerGameMode/]: Mismatch in destroy block pos: BlockPos{x=-118, y=79, z=6} BlockPos{x=-118, y=78, z=6}
[05Jan2026 07:27:49.304] [Server thread/WARN] [net.minecraft.server.level.ServerPlayerGameMode/]: Mismatch in destroy block pos: BlockPos{x=-118, y=79, z=6} BlockPos{x=-118, y=78, z=6}
[05Jan2026 07:27:49.356] [Server thread/WARN] [net.minecraft.server.level.ServerPlayerGameMode/]: Mismatch in destroy block pos: BlockPos{x=-118, y=79, z=6} BlockPos{x=-118, y=78, z=6}
[05Jan2026 07:27:49.698] [Server thread/WARN] [net.minecraft.server.level.ServerPlayerGameMode/]: Mismatch in destroy block pos: BlockPos{x=-119, y=78, z=6} BlockPos{x=-118, y=78, z=6}
[05Jan2026 07:27:49.762] [Server thread/WARN] [net.minecraft.server.level.ServerPlayerGameMode/]: Mismatch in destroy block pos: BlockPos{x=-119, y=78, z=6} BlockPos{x=-118, y=78, z=6}
[05Jan2026 07:27:49.797] [Server thread/WARN] [net.minecraft.server.level.ServerPlayerGameMode/]: Mismatch in destroy block pos: BlockPos{x=-119, y=78, z=6} BlockPos{x=-118, y=78, z=6}
[05Jan2026 07:27:49.958] [Server thread/WARN] [net.minecraft.server.level.ServerPlayerGameMode/]: Mismatch in destroy block pos: BlockPos{x=-120, y=78, z=6} BlockPos{x=-119, y=78, z=6}
[05Jan2026 07:27:50.001] [Server thread/WARN] [net.minecraft.server.level.ServerPlayerGameMode/]: Mismatch in destroy block pos: BlockPos{x=-120, y=78, z=6} BlockPos{x=-119, y=78, z=6}
[05Jan2026 07:27:50.062] [Server thread/WARN] [net.minecraft.server.level.ServerPlayerGameMode/]: Mismatch in destroy block pos: BlockPos{x=-120, y=78, z=6} BlockPos{x=-119, y=78, z=6}
[05Jan2026 07:27:50.205] [Server thread/WARN] [net.minecraft.server.level.ServerPlayerGameMode/]: Mismatch in destroy block pos: BlockPos{x=-121, y=78, z=6} BlockPos{x=-120, y=78, z=6}
[05Jan2026 07:27:50.256] [Server thread/WARN] [net.minecraft.server.level.ServerPlayerGameMode/]: Mismatch in destroy block pos: BlockPos{x=-121, y=78, z=6} BlockPos{x=-120, y=78, z=6}
[05Jan2026 07:27:50.302] [Server thread/WARN] [net.minecraft.server.level.ServerPlayerGameMode/]: Mismatch in destroy block pos: BlockPos{x=-121, y=78, z=6} BlockPos{x=-120, y=78, z=6}
[05Jan2026 07:27:51.454] [Server thread/WARN] [net.minecraft.server.level.ServerPlayerGameMode/]: Mismatch in destroy block pos: BlockPos{x=-121, y=80, z=6} BlockPos{x=-122, y=79, z=6}
[05Jan2026 07:27:51.455] [Server thread/WARN] [net.minecraft.server.level.ServerPlayerGameMode/]: Mismatch in destroy block pos: BlockPos{x=-121, y=80, z=6} BlockPos{x=-122, y=79, z=6}
[05Jan2026 07:27:51.522] [Server thread/WARN] [net.minecraft.server.level.ServerPlayerGameMode/]: Mismatch in destroy block pos: BlockPos{x=-121, y=80, z=6} BlockPos{x=-122, y=79, z=6}
[05Jan2026 07:27:51.799] [Server thread/WARN] [net.minecraft.server.level.ServerPlayerGameMode/]: Mismatch in destroy block pos: BlockPos{x=-120, y=80, z=6} BlockPos{x=-121, y=80, z=6}
[05Jan2026 07:27:51.852] [Server thread/WARN] [net.minecraft.server.level.ServerPlayerGameMode/]: Mismatch in destroy block pos: BlockPos{x=-120, y=80, z=6} BlockPos{x=-121, y=80, z=6}
[05Jan2026 07:27:51.902] [Server thread/WARN] [net.minecraft.server.level.ServerPlayerGameMode/]: Mismatch in destroy block pos: BlockPos{x=-120, y=80, z=6} BlockPos{x=-121, y=80, z=6}
[05Jan2026 07:27:51.952] [Server thread/WARN] [net.minecraft.server.level.ServerPlayerGameMode/]: Mismatch in destroy block pos: BlockPos{x=-120, y=80, z=6} BlockPos{x=-121, y=80, z=6}
[05Jan2026 07:27:51.999] [Server thread/WARN] [net.minecraft.server.level.ServerPlayerGameMode/]: Mismatch in destroy block pos: BlockPos{x=-119, y=80, z=6} BlockPos{x=-121, y=80, z=6}
[05Jan2026 07:27:52.050] [Server thread/WARN] [net.minecraft.server.level.ServerPlayerGameMode/]: Mismatch in destroy block pos: BlockPos{x=-119, y=80, z=6} BlockPos{x=-121, y=80, z=6}
[05Jan2026 07:27:52.102] [Server thread/WARN] [net.minecraft.server.level.ServerPlayerGameMode/]: Mismatch in destroy block pos: BlockPos{x=-119, y=80, z=6} BlockPos{x=-121, y=80, z=6}
[05Jan2026 07:27:52.152] [Server thread/WARN] [net.minecraft.server.level.ServerPlayerGameMode/]: Mismatch in destroy block pos: BlockPos{x=-119, y=80, z=6} BlockPos{x=-121, y=80, z=6}
[05Jan2026 07:27:52.200] [Server thread/WARN] [net.minecraft.server.level.ServerPlayerGameMode/]: Mismatch in destroy block pos: BlockPos{x=-118, y=80, z=6} BlockPos{x=-121, y=80, z=6}
[05Jan2026 07:27:52.254] [Server thread/WARN] [net.minecraft.server.level.ServerPlayerGameMode/]: Mismatch in destroy block pos: BlockPos{x=-118, y=80, z=6} BlockPos{x=-121, y=80, z=6}
[05Jan2026 07:27:52.300] [Server thread/WARN] [net.minecraft.server.level.ServerPlayerGameMode/]: Mismatch in destroy block pos: BlockPos{x=-118, y=80, z=6} BlockPos{x=-121, y=80, z=6}
[05Jan2026 07:27:52.357] [Server thread/WARN] [net.minecraft.server.level.ServerPlayerGameMode/]: Mismatch in destroy block pos: BlockPos{x=-118, y=80, z=6} BlockPos{x=-121, y=80, z=6}
[05Jan2026 07:27:52.401] [Server thread/WARN] [net.minecraft.server.level.ServerPlayerGameMode/]: Mismatch in destroy block pos: BlockPos{x=-117, y=80, z=6} BlockPos{x=-121, y=80, z=6}
[05Jan2026 07:27:52.450] [Server thread/WARN] [net.minecraft.server.level.ServerPlayerGameMode/]: Mismatch in destroy block pos: BlockPos{x=-117, y=80, z=6} BlockPos{x=-121, y=80, z=6}
[05Jan2026 07:27:52.510] [Server thread/WARN] [net.minecraft.server.level.ServerPlayerGameMode/]: Mismatch in destroy block pos: BlockPos{x=-117, y=80, z=6} BlockPos{x=-121, y=80, z=6}
[05Jan2026 07:27:52.651] [Server thread/WARN] [net.minecraft.server.level.ServerPlayerGameMode/]: Mismatch in destroy block pos: BlockPos{x=-116, y=80, z=6} BlockPos{x=-117, y=80, z=6}
[05Jan2026 07:27:52.704] [Server thread/WARN] [net.minecraft.server.level.ServerPlayerGameMode/]: Mismatch in destroy block pos: BlockPos{x=-116, y=80, z=6} BlockPos{x=-117, y=80, z=6}
[05Jan2026 07:27:52.752] [Server thread/WARN] [net.minecraft.server.level.ServerPlayerGameMode/]: Mismatch in destroy block pos: BlockPos{x=-116, y=80, z=6} BlockPos{x=-117, y=80, z=6}
[05Jan2026 07:27:52.904] [Server thread/WARN] [net.minecraft.server.level.ServerPlayerGameMode/]: Mismatch in destroy block pos: BlockPos{x=-115, y=80, z=6} BlockPos{x=-116, y=80, z=6}
[05Jan2026 07:27:53.000] [Server thread/WARN] [net.minecraft.server.level.ServerPlayerGameMode/]: Mismatch in destroy block pos: BlockPos{x=-115, y=80, z=6} BlockPos{x=-116, y=80, z=6}
[05Jan2026 07:27:53.047] [Server thread/WARN] [net.minecraft.server.level.ServerPlayerGameMode/]: Mismatch in destroy block pos: BlockPos{x=-115, y=80, z=6} BlockPos{x=-116, y=80, z=6}
[05Jan2026 07:27:53.103] [Server thread/WARN] [net.minecraft.server.level.ServerPlayerGameMode/]: Mismatch in destroy block pos: BlockPos{x=-115, y=80, z=6} BlockPos{x=-116, y=80, z=6}
[05Jan2026 07:27:53.148] [Server thread/WARN] [net.minecraft.server.level.ServerPlayerGameMode/]: Mismatch in destroy block pos: BlockPos{x=-114, y=80, z=6} BlockPos{x=-116, y=80, z=6}
[05Jan2026 07:27:53.199] [Server thread/WARN] [net.minecraft.server.level.ServerPlayerGameMode/]: Mismatch in destroy block pos: BlockPos{x=-114, y=80, z=6} BlockPos{x=-116, y=80, z=6}
[05Jan2026 07:27:53.218] [Server thread/WARN] [net.minecraft.server.level.ServerPlayerGameMode/]: Mismatch in destroy block pos: BlockPos{x=-114, y=80, z=6} BlockPos{x=-116, y=80, z=6}
[05Jan2026 07:27:53.268] [Server thread/WARN] [net.minecraft.server.level.ServerPlayerGameMode/]: Mismatch in destroy block pos: BlockPos{x=-114, y=80, z=6} BlockPos{x=-116, y=80, z=6}
[05Jan2026 07:27:53.349] [Server thread/WARN] [net.minecraft.server.level.ServerPlayerGameMode/]: Mismatch in destroy block pos: BlockPos{x=-114, y=80, z=6} BlockPos{x=-116, y=80, z=6}
[05Jan2026 07:27:53.356] [Server thread/WARN] [net.minecraft.server.level.ServerPlayerGameMode/]: Mismatch in destroy block pos: BlockPos{x=-113, y=80, z=6} BlockPos{x=-116, y=80, z=6}
[05Jan2026 07:27:53.415] [Server thread/WARN] [net.minecraft.server.level.ServerPlayerGameMode/]: Mismatch in destroy block pos: BlockPos{x=-113, y=80, z=6} BlockPos{x=-116, y=80, z=6}
[05Jan2026 07:27:53.469] [Server thread/WARN] [net.minecraft.server.level.ServerPlayerGameMode/]: Mismatch in destroy block pos: BlockPos{x=-113, y=80, z=6} BlockPos{x=-116, y=80, z=6}
[05Jan2026 07:27:53.700] [Server thread/WARN] [net.minecraft.server.level.ServerPlayerGameMode/]: Mismatch in destroy block pos: BlockPos{x=-112, y=80, z=6} BlockPos{x=-113, y=80, z=6}
[05Jan2026 07:27:53.700] [Server thread/WARN] [net.minecraft.server.level.ServerPlayerGameMode/]: Mismatch in destroy block pos: BlockPos{x=-112, y=80, z=6} BlockPos{x=-113, y=80, z=6}
[05Jan2026 07:27:53.759] [Server thread/WARN] [net.minecraft.server.level.ServerPlayerGameMode/]: Mismatch in destroy block pos: BlockPos{x=-112, y=80, z=6} BlockPos{x=-113, y=80, z=6}
[05Jan2026 07:27:53.760] [Server thread/WARN] [net.minecraft.server.level.ServerPlayerGameMode/]: Mismatch in destroy block pos: BlockPos{x=-111, y=80, z=6} BlockPos{x=-113, y=80, z=6}
[05Jan2026 07:27:53.816] [Server thread/WARN] [net.minecraft.server.level.ServerPlayerGameMode/]: Mismatch in destroy block pos: BlockPos{x=-111, y=80, z=6} BlockPos{x=-113, y=80, z=6}
[05Jan2026 07:27:53.869] [Server thread/WARN] [net.minecraft.server.level.ServerPlayerGameMode/]: Mismatch in destroy block pos: BlockPos{x=-111, y=80, z=6} BlockPos{x=-113, y=80, z=6}
[05Jan2026 07:27:53.903] [Server thread/WARN] [net.minecraft.server.level.ServerPlayerGameMode/]: Mismatch in destroy block pos: BlockPos{x=-111, y=80, z=6} BlockPos{x=-113, y=80, z=6}
[05Jan2026 07:27:53.964] [Server thread/WARN] [net.minecraft.server.level.ServerPlayerGameMode/]: Mismatch in destroy block pos: BlockPos{x=-110, y=80, z=6} BlockPos{x=-113, y=80, z=6}
[05Jan2026 07:27:54.008] [Server thread/WARN] [net.minecraft.server.level.ServerPlayerGameMode/]: Mismatch in destroy block pos: BlockPos{x=-110, y=80, z=6} BlockPos{x=-113, y=80, z=6}
[05Jan2026 07:27:54.061] [Server thread/WARN] [net.minecraft.server.level.ServerPlayerGameMode/]: Mismatch in destroy block pos: BlockPos{x=-110, y=80, z=6} BlockPos{x=-113, y=80, z=6}
[05Jan2026 07:27:54.256] [Server thread/WARN] [net.minecraft.server.level.ServerPlayerGameMode/]: Mismatch in destroy block pos: BlockPos{x=-110, y=79, z=6} BlockPos{x=-110, y=80, z=6}
[05Jan2026 07:27:54.300] [Server thread/WARN] [net.minecraft.server.level.ServerPlayerGameMode/]: Mismatch in destroy block pos: BlockPos{x=-110, y=79, z=6} BlockPos{x=-110, y=80, z=6}
[05Jan2026 07:27:54.358] [Server thread/WARN] [net.minecraft.server.level.ServerPlayerGameMode/]: Mismatch in destroy block pos: BlockPos{x=-110, y=79, z=6} BlockPos{x=-110, y=80, z=6}
[05Jan2026 07:27:54.609] [Server thread/WARN] [net.minecraft.server.level.ServerPlayerGameMode/]: Mismatch in destroy block pos: BlockPos{x=-111, y=79, z=6} BlockPos{x=-110, y=79, z=6}
[05Jan2026 07:27:54.666] [Server thread/WARN] [net.minecraft.server.level.ServerPlayerGameMode/]: Mismatch in destroy block pos: BlockPos{x=-111, y=79, z=6} BlockPos{x=-110, y=79, z=6}
[05Jan2026 07:27:54.715] [Server thread/WARN] [net.minecraft.server.level.ServerPlayerGameMode/]: Mismatch in destroy block pos: BlockPos{x=-111, y=79, z=6} BlockPos{x=-110, y=79, z=6}
[05Jan2026 07:27:54.758] [Server thread/WARN] [net.minecraft.server.level.ServerPlayerGameMode/]: Mismatch in destroy block pos: BlockPos{x=-111, y=79, z=6} BlockPos{x=-110, y=79, z=6}
[05Jan2026 07:27:54.854] [Server thread/WARN] [net.minecraft.server.level.ServerPlayerGameMode/]: Mismatch in destroy block pos: BlockPos{x=-112, y=79, z=6} BlockPos{x=-110, y=79, z=6}
[05Jan2026 07:27:54.858] [Server thread/WARN] [net.minecraft.server.level.ServerPlayerGameMode/]: Mismatch in destroy block pos: BlockPos{x=-112, y=79, z=6} BlockPos{x=-110, y=79, z=6}
[05Jan2026 07:27:54.911] [Server thread/WARN] [net.minecraft.server.level.ServerPlayerGameMode/]: Mismatch in destroy block pos: BlockPos{x=-112, y=79, z=6} BlockPos{x=-110, y=79, z=6}
[05Jan2026 07:27:55.060] [Server thread/WARN] [net.minecraft.server.level.ServerPlayerGameMode/]: Mismatch in destroy block pos: BlockPos{x=-113, y=79, z=6} BlockPos{x=-112, y=79, z=6}
[05Jan2026 07:27:55.157] [Server thread/WARN] [net.minecraft.server.level.ServerPlayerGameMode/]: Mismatch in destroy block pos: BlockPos{x=-113, y=79, z=6} BlockPos{x=-112, y=79, z=6}
[05Jan2026 07:27:55.158] [Server thread/WARN] [net.minecraft.server.level.ServerPlayerGameMode/]: Mismatch in destroy block pos: BlockPos{x=-113, y=79, z=6} BlockPos{x=-112, y=79, z=6}
[05Jan2026 07:27:55.213] [Server thread/WARN] [net.minecraft.server.level.ServerPlayerGameMode/]: Mismatch in destroy block pos: BlockPos{x=-113, y=79, z=6} BlockPos{x=-112, y=79, z=6}
[05Jan2026 07:27:55.262] [Server thread/WARN] [net.minecraft.server.level.ServerPlayerGameMode/]: Mismatch in destroy block pos: BlockPos{x=-114, y=79, z=6} BlockPos{x=-112, y=79, z=6}
[05Jan2026 07:27:55.311] [Server thread/WARN] [net.minecraft.server.level.ServerPlayerGameMode/]: Mismatch in destroy block pos: BlockPos{x=-114, y=79, z=6} BlockPos{x=-112, y=79, z=6}
[05Jan2026 07:27:55.353] [Server thread/WARN] [net.minecraft.server.level.ServerPlayerGameMode/]: Mismatch in destroy block pos: BlockPos{x=-114, y=79, z=6} BlockPos{x=-112, y=79, z=6}
[05Jan2026 07:27:55.557] [Server thread/WARN] [net.minecraft.server.level.ServerPlayerGameMode/]: Mismatch in destroy block pos: BlockPos{x=-115, y=79, z=6} BlockPos{x=-114, y=79, z=6}
[05Jan2026 07:27:55.620] [Server thread/WARN] [net.minecraft.server.level.ServerPlayerGameMode/]: Mismatch in destroy block pos: BlockPos{x=-115, y=79, z=6} BlockPos{x=-114, y=79, z=6}
[05Jan2026 07:27:55.683] [Server thread/WARN] [net.minecraft.server.level.ServerPlayerGameMode/]: Mismatch in destroy block pos: BlockPos{x=-115, y=79, z=6} BlockPos{x=-114, y=79, z=6}
[05Jan2026 07:27:55.985] [Server thread/WARN] [net.minecraft.server.level.ServerPlayerGameMode/]: Mismatch in destroy block pos: BlockPos{x=-116, y=79, z=6} BlockPos{x=-116, y=80, z=6}
[05Jan2026 07:27:56.017] [Server thread/WARN] [net.minecraft.server.level.ServerPlayerGameMode/]: Mismatch in destroy block pos: BlockPos{x=-116, y=79, z=6} BlockPos{x=-116, y=80, z=6}
[05Jan2026 07:27:56.062] [Server thread/WARN] [net.minecraft.server.level.ServerPlayerGameMode/]: Mismatch in destroy block pos: BlockPos{x=-116, y=79, z=6} BlockPos{x=-116, y=80, z=6}
[05Jan2026 07:27:56.553] [Server thread/WARN] [net.minecraft.server.level.ServerPlayerGameMode/]: Mismatch in destroy block pos: BlockPos{x=-117, y=79, z=6} BlockPos{x=-117, y=78, z=6}
[05Jan2026 07:27:56.610] [Server thread/WARN] [net.minecraft.server.level.ServerPlayerGameMode/]: Mismatch in destroy block pos: BlockPos{x=-117, y=79, z=6} BlockPos{x=-117, y=78, z=6}
[05Jan2026 07:27:56.652] [Server thread/WARN] [net.minecraft.server.level.ServerPlayerGameMode/]: Mismatch in destroy block pos: BlockPos{x=-117, y=79, z=6} BlockPos{x=-117, y=78, z=6}
[05Jan2026 07:27:57.108] [Server thread/WARN] [net.minecraft.server.level.ServerPlayerGameMode/]: Mismatch in destroy block pos: BlockPos{x=-119, y=79, z=6} BlockPos{x=-118, y=79, z=6}
[05Jan2026 07:27:57.158] [Server thread/WARN] [net.minecraft.server.level.ServerPlayerGameMode/]: Mismatch in destroy block pos: BlockPos{x=-119, y=79, z=6} BlockPos{x=-118, y=79, z=6}
[05Jan2026 07:27:57.208] [Server thread/WARN] [net.minecraft.server.level.ServerPlayerGameMode/]: Mismatch in destroy block pos: BlockPos{x=-119, y=79, z=6} BlockPos{x=-118, y=79, z=6}
[05Jan2026 07:27:57.358] [Server thread/WARN] [net.minecraft.server.level.ServerPlayerGameMode/]: Mismatch in destroy block pos: BlockPos{x=-120, y=79, z=6} BlockPos{x=-119, y=79, z=6}
[05Jan2026 07:27:57.407] [Server thread/WARN] [net.minecraft.server.level.ServerPlayerGameMode/]: Mismatch in destroy block pos: BlockPos{x=-120, y=79, z=6} BlockPos{x=-119, y=79, z=6}
[05Jan2026 07:27:57.497] [Server thread/WARN] [net.minecraft.server.level.ServerPlayerGameMode/]: Mismatch in destroy block pos: BlockPos{x=-120, y=79, z=6} BlockPos{x=-119, y=79, z=6}
[05Jan2026 07:27:57.516] [Server thread/WARN] [net.minecraft.server.level.ServerPlayerGameMode/]: Mismatch in destroy block pos: BlockPos{x=-120, y=79, z=6} BlockPos{x=-119, y=79, z=6}
[05Jan2026 07:27:57.560] [Server thread/WARN] [net.minecraft.server.level.ServerPlayerGameMode/]: Mismatch in destroy block pos: BlockPos{x=-121, y=79, z=6} BlockPos{x=-119, y=79, z=6}
[05Jan2026 07:27:57.604] [Server thread/WARN] [net.minecraft.server.level.ServerPlayerGameMode/]: Mismatch in destroy block pos: BlockPos{x=-121, y=79, z=6} BlockPos{x=-119, y=79, z=6}
[05Jan2026 07:27:57.651] [Server thread/WARN] [net.minecraft.server.level.ServerPlayerGameMode/]: Mismatch in destroy block pos: BlockPos{x=-121, y=79, z=6} BlockPos{x=-119, y=79, z=6}
[05Jan2026 07:27:57.706] [Server thread/WARN] [net.minecraft.server.level.ServerPlayerGameMode/]: Mismatch in destroy block pos: BlockPos{x=-121, y=79, z=6} BlockPos{x=-119, y=79, z=6}
[05Jan2026 07:27:59.752] [Server thread/WARN] [net.minecraft.server.level.ServerPlayerGameMode/]: Mismatch in destroy block pos: BlockPos{x=-121, y=77, z=6} BlockPos{x=-120, y=77, z=6}
[05Jan2026 07:27:59.805] [Server thread/WARN] [net.minecraft.server.level.ServerPlayerGameMode/]: Mismatch in destroy block pos: BlockPos{x=-121, y=77, z=6} BlockPos{x=-120, y=77, z=6}
[05Jan2026 07:27:59.857] [Server thread/WARN] [net.minecraft.server.level.ServerPlayerGameMode/]: Mismatch in destroy block pos: BlockPos{x=-121, y=77, z=6} BlockPos{x=-120, y=77, z=6}
[05Jan2026 07:28:00.459] [Server thread/WARN] [net.minecraft.server.level.ServerPlayerGameMode/]: Mismatch in destroy block pos: BlockPos{x=-122, y=77, z=6} BlockPos{x=-121, y=77, z=6}
[05Jan2026 07:28:00.503] [Server thread/WARN] [net.minecraft.server.level.ServerPlayerGameMode/]: Mismatch in destroy block pos: BlockPos{x=-122, y=77, z=6} BlockPos{x=-121, y=77, z=6}
[05Jan2026 07:28:00.573] [Server thread/WARN] [net.minecraft.server.level.ServerPlayerGameMode/]: Mismatch in destroy block pos: BlockPos{x=-122, y=77, z=6} BlockPos{x=-121, y=77, z=6}
[05Jan2026 07:28:10.510] [Server thread/WARN] [net.minecraft.server.level.ServerPlayerGameMode/]: Mismatch in destroy block pos: BlockPos{x=-119, y=81, z=6} BlockPos{x=-119, y=80, z=6}
[05Jan2026 07:28:10.552] [Server thread/WARN] [net.minecraft.server.level.ServerPlayerGameMode/]: Mismatch in destroy block pos: BlockPos{x=-119, y=81, z=6} BlockPos{x=-119, y=80, z=6}
[05Jan2026 07:28:10.602] [Server thread/WARN] [net.minecraft.server.level.ServerPlayerGameMode/]: Mismatch in destroy block pos: BlockPos{x=-119, y=81, z=6} BlockPos{x=-119, y=80, z=6}
[05Jan2026 07:28:11.649] [Server thread/WARN] [net.minecraft.server.level.ServerPlayerGameMode/]: Mismatch in destroy block pos: BlockPos{x=-118, y=81, z=5} BlockPos{x=-119, y=81, z=6}
[05Jan2026 07:28:11.698] [Server thread/WARN] [net.minecraft.server.level.ServerPlayerGameMode/]: Mismatch in destroy block pos: BlockPos{x=-118, y=81, z=5} BlockPos{x=-119, y=81, z=6}
[05Jan2026 07:28:11.755] [Server thread/WARN] [net.minecraft.server.level.ServerPlayerGameMode/]: Mismatch in destroy block pos: BlockPos{x=-118, y=81, z=5} BlockPos{x=-119, y=81, z=6}
[05Jan2026 07:28:11.801] [Server thread/WARN] [net.minecraft.server.level.ServerPlayerGameMode/]: Mismatch in destroy block pos: BlockPos{x=-118, y=81, z=5} BlockPos{x=-119, y=81, z=6}
[05Jan2026 07:28:11.855] [Server thread/WARN] [net.minecraft.server.level.ServerPlayerGameMode/]: Mismatch in destroy block pos: BlockPos{x=-118, y=81, z=6} BlockPos{x=-119, y=81, z=6}
[05Jan2026 07:28:11.916] [Server thread/WARN] [net.minecraft.server.level.ServerPlayerGameMode/]: Mismatch in destroy block pos: BlockPos{x=-118, y=81, z=6} BlockPos{x=-119, y=81, z=6}
[05Jan2026 07:28:12.022] [Server thread/WARN] [net.minecraft.server.level.ServerPlayerGameMode/]: Mismatch in destroy block pos: BlockPos{x=-118, y=81, z=6} BlockPos{x=-119, y=81, z=6}
[05Jan2026 07:28:12.769] [Server thread/WARN] [net.minecraft.server.level.ServerPlayerGameMode/]: Mismatch in destroy block pos: BlockPos{x=-117, y=81, z=6} BlockPos{x=-118, y=81, z=6}
[05Jan2026 07:28:12.801] [Server thread/WARN] [net.minecraft.server.level.ServerPlayerGameMode/]: Mismatch in destroy block pos: BlockPos{x=-117, y=81, z=6} BlockPos{x=-118, y=81, z=6}
[05Jan2026 07:28:12.882] [Server thread/WARN] [net.minecraft.server.level.ServerPlayerGameMode/]: Mismatch in destroy block pos: BlockPos{x=-117, y=81, z=6} BlockPos{x=-118, y=81, z=6}
[05Jan2026 07:28:14.114] [Server thread/WARN] [net.minecraft.server.level.ServerPlayerGameMode/]: Mismatch in destroy block pos: BlockPos{x=-116, y=81, z=6} BlockPos{x=-117, y=81, z=6}
[05Jan2026 07:28:14.163] [Server thread/WARN] [net.minecraft.server.level.ServerPlayerGameMode/]: Mismatch in destroy block pos: BlockPos{x=-116, y=81, z=6} BlockPos{x=-117, y=81, z=6}
[05Jan2026 07:28:14.210] [Server thread/WARN] [net.minecraft.server.level.ServerPlayerGameMode/]: Mismatch in destroy block pos: BlockPos{x=-116, y=81, z=6} BlockPos{x=-117, y=81, z=6}
[05Jan2026 07:28:14.953] [Server thread/WARN] [net.minecraft.server.level.ServerPlayerGameMode/]: Mismatch in destroy block pos: BlockPos{x=-115, y=81, z=6} BlockPos{x=-116, y=81, z=6}
[05Jan2026 07:28:15.036] [Server thread/WARN] [net.minecraft.server.level.ServerPlayerGameMode/]: Mismatch in destroy block pos: BlockPos{x=-115, y=81, z=6} BlockPos{x=-116, y=81, z=6}
[05Jan2026 07:28:15.068] [Server thread/WARN] [net.minecraft.server.level.ServerPlayerGameMode/]: Mismatch in destroy block pos: BlockPos{x=-115, y=81, z=6} BlockPos{x=-116, y=81, z=6}
[05Jan2026 07:28:15.103] [Server thread/WARN] [net.minecraft.server.level.ServerPlayerGameMode/]: Mismatch in destroy block pos: BlockPos{x=-115, y=81, z=6} BlockPos{x=-116, y=81, z=6}
[05Jan2026 07:28:16.406] [Server thread/WARN] [net.minecraft.server.level.ServerPlayerGameMode/]: Mismatch in destroy block pos: BlockPos{x=-113, y=81, z=6} BlockPos{x=-114, y=81, z=6}
[05Jan2026 07:28:16.450] [Server thread/WARN] [net.minecraft.server.level.ServerPlayerGameMode/]: Mismatch in destroy block pos: BlockPos{x=-113, y=81, z=6} BlockPos{x=-114, y=81, z=6}
[05Jan2026 07:28:16.556] [Server thread/WARN] [net.minecraft.server.level.ServerPlayerGameMode/]: Mismatch in destroy block pos: BlockPos{x=-113, y=81, z=6} BlockPos{x=-114, y=81, z=6}
[05Jan2026 07:28:17.298] [Server thread/WARN] [net.minecraft.server.level.ServerPlayerGameMode/]: Mismatch in destroy block pos: BlockPos{x=-112, y=81, z=6} BlockPos{x=-113, y=81, z=6}
[05Jan2026 07:28:17.350] [Server thread/WARN] [net.minecraft.server.level.ServerPlayerGameMode/]: Mismatch in destroy block pos: BlockPos{x=-112, y=81, z=6} BlockPos{x=-113, y=81, z=6}
[05Jan2026 07:28:17.402] [Server thread/WARN] [net.minecraft.server.level.ServerPlayerGameMode/]: Mismatch in destroy block pos: BlockPos{x=-112, y=81, z=6} BlockPos{x=-113, y=81, z=6}
[05Jan2026 07:28:19.569] [Server thread/WARN] [net.minecraft.server.level.ServerPlayerGameMode/]: Mismatch in destroy block pos: BlockPos{x=-110, y=81, z=6} BlockPos{x=-111, y=81, z=6}
[05Jan2026 07:28:19.610] [Server thread/WARN] [net.minecraft.server.level.ServerPlayerGameMode/]: Mismatch in destroy block pos: BlockPos{x=-110, y=81, z=6} BlockPos{x=-111, y=81, z=6}
[05Jan2026 07:28:19.666] [Server thread/WARN] [net.minecraft.server.level.ServerPlayerGameMode/]: Mismatch in destroy block pos: BlockPos{x=-110, y=81, z=6} BlockPos{x=-111, y=81, z=6}
[05Jan2026 07:28:19.714] [Server thread/WARN] [net.minecraft.server.level.ServerPlayerGameMode/]: Mismatch in destroy block pos: BlockPos{x=-110, y=81, z=6} BlockPos{x=-111, y=81, z=6}
[05Jan2026 07:28:20.325] [Server thread/WARN] [net.minecraft.server.level.ServerPlayerGameMode/]: Mismatch in destroy block pos: BlockPos{x=-109, y=81, z=6} BlockPos{x=-110, y=81, z=6}
[05Jan2026 07:28:20.369] [Server thread/WARN] [net.minecraft.server.level.ServerPlayerGameMode/]: Mismatch in destroy block pos: BlockPos{x=-109, y=81, z=6} BlockPos{x=-110, y=81, z=6}
[05Jan2026 07:28:20.409] [Server thread/WARN] [net.minecraft.server.level.ServerPlayerGameMode/]: Mismatch in destroy block pos: BlockPos{x=-109, y=81, z=6} BlockPos{x=-110, y=81, z=6}
[05Jan2026 07:28:21.459] [Server thread/WARN] [net.minecraft.server.level.ServerPlayerGameMode/]: Mismatch in destroy block pos: BlockPos{x=-108, y=81, z=6} BlockPos{x=-108, y=80, z=6}
[05Jan2026 07:28:21.520] [Server thread/WARN] [net.minecraft.server.level.ServerPlayerGameMode/]: Mismatch in destroy block pos: BlockPos{x=-108, y=81, z=6} BlockPos{x=-108, y=80, z=6}
[05Jan2026 07:28:21.567] [Server thread/WARN] [net.minecraft.server.level.ServerPlayerGameMode/]: Mismatch in destroy block pos: BlockPos{x=-108, y=81, z=6} BlockPos{x=-108, y=80, z=6}
[05Jan2026 07:28:21.605] [Server thread/WARN] [net.minecraft.server.level.ServerPlayerGameMode/]: Mismatch in destroy block pos: BlockPos{x=-108, y=81, z=6} BlockPos{x=-108, y=80, z=6}
[05Jan2026 07:28:21.877] [Server thread/WARN] [net.minecraft.server.level.ServerPlayerGameMode/]: Mismatch in destroy block pos: BlockPos{x=-107, y=81, z=5} BlockPos{x=-107, y=80, z=6}
[05Jan2026 07:28:21.911] [Server thread/WARN] [net.minecraft.server.level.ServerPlayerGameMode/]: Mismatch in destroy block pos: BlockPos{x=-107, y=81, z=5} BlockPos{x=-107, y=80, z=6}
[05Jan2026 07:28:21.956] [Server thread/WARN] [net.minecraft.server.level.ServerPlayerGameMode/]: Mismatch in destroy block pos: BlockPos{x=-107, y=81, z=5} BlockPos{x=-107, y=80, z=6}
[05Jan2026 07:28:24.361] [Server thread/WARN] [net.minecraft.server.level.ServerPlayerGameMode/]: Mismatch in destroy block pos: BlockPos{x=-107, y=77, z=4} BlockPos{x=-107, y=77, z=5}
[05Jan2026 07:28:24.465] [Server thread/WARN] [net.minecraft.server.level.ServerPlayerGameMode/]: Mismatch in destroy block pos: BlockPos{x=-107, y=77, z=4} BlockPos{x=-107, y=77, z=5}
[05Jan2026 07:28:24.467] [Server thread/WARN] [net.minecraft.server.level.ServerPlayerGameMode/]: Mismatch in destroy block pos: BlockPos{x=-107, y=77, z=4} BlockPos{x=-107, y=77, z=5}
[05Jan2026 07:28:24.933] [Server thread/WARN] [net.minecraft.server.level.ServerPlayerGameMode/]: Mismatch in destroy block pos: BlockPos{x=-107, y=77, z=3} BlockPos{x=-107, y=77, z=4}
[05Jan2026 07:28:24.964] [Server thread/WARN] [net.minecraft.server.level.ServerPlayerGameMode/]: Mismatch in destroy block pos: BlockPos{x=-107, y=77, z=3} BlockPos{x=-107, y=77, z=4}
[05Jan2026 07:28:25.036] [Server thread/WARN] [net.minecraft.server.level.ServerPlayerGameMode/]: Mismatch in destroy block pos: BlockPos{x=-107, y=77, z=3} BlockPos{x=-107, y=77, z=4}
[05Jan2026 07:28:25.617] [Server thread/WARN] [net.minecraft.server.level.ServerPlayerGameMode/]: Mismatch in destroy block pos: BlockPos{x=-108, y=76, z=3} BlockPos{x=-107, y=77, z=3}
[05Jan2026 07:28:25.680] [Server thread/WARN] [net.minecraft.server.level.ServerPlayerGameMode/]: Mismatch in destroy block pos: BlockPos{x=-108, y=76, z=3} BlockPos{x=-107, y=77, z=3}
[05Jan2026 07:28:25.728] [Server thread/WARN] [net.minecraft.server.level.ServerPlayerGameMode/]: Mismatch in destroy block pos: BlockPos{x=-108, y=76, z=3} BlockPos{x=-107, y=77, z=3}
[05Jan2026 07:28:30.224] [Server thread/WARN] [net.minecraft.server.level.ServerPlayerGameMode/]: Mismatch in destroy block pos: BlockPos{x=-109, y=76, z=5} BlockPos{x=-109, y=76, z=4}
[05Jan2026 07:28:30.255] [Server thread/WARN] [net.minecraft.server.level.ServerPlayerGameMode/]: Mismatch in destroy block pos: BlockPos{x=-109, y=76, z=5} BlockPos{x=-109, y=76, z=4}
[05Jan2026 07:28:30.344] [Server thread/WARN] [net.minecraft.server.level.ServerPlayerGameMode/]: Mismatch in destroy block pos: BlockPos{x=-109, y=76, z=5} BlockPos{x=-109, y=76, z=4}
[05Jan2026 07:28:30.707] [Server thread/WARN] [net.minecraft.server.level.ServerPlayerGameMode/]: Mismatch in destroy block pos: BlockPos{x=-110, y=76, z=5} BlockPos{x=-109, y=76, z=5}
[05Jan2026 07:28:30.759] [Server thread/WARN] [net.minecraft.server.level.ServerPlayerGameMode/]: Mismatch in destroy block pos: BlockPos{x=-110, y=76, z=5} BlockPos{x=-109, y=76, z=5}
[05Jan2026 07:28:30.899] [Server thread/WARN] [net.minecraft.server.level.ServerPlayerGameMode/]: Mismatch in destroy block pos: BlockPos{x=-110, y=76, z=5} BlockPos{x=-109, y=76, z=5}
[05Jan2026 07:28:31.074] [Server thread/WARN] [net.minecraft.server.level.ServerPlayerGameMode/]: Mismatch in destroy block pos: BlockPos{x=-111, y=76, z=5} BlockPos{x=-110, y=76, z=5}
[05Jan2026 07:28:31.119] [Server thread/WARN] [net.minecraft.server.level.ServerPlayerGameMode/]: Mismatch in destroy block pos: BlockPos{x=-111, y=76, z=5} BlockPos{x=-110, y=76, z=5}
[05Jan2026 07:28:31.154] [Server thread/WARN] [net.minecraft.server.level.ServerPlayerGameMode/]: Mismatch in destroy block pos: BlockPos{x=-111, y=76, z=5} BlockPos{x=-110, y=76, z=5}
[05Jan2026 07:28:31.220] [Server thread/WARN] [net.minecraft.server.level.ServerPlayerGameMode/]: Mismatch in destroy block pos: BlockPos{x=-111, y=76, z=5} BlockPos{x=-110, y=76, z=5}
[05Jan2026 07:28:31.273] [Server thread/WARN] [net.minecraft.server.level.ServerPlayerGameMode/]: Mismatch in destroy block pos: BlockPos{x=-112, y=76, z=5} BlockPos{x=-110, y=76, z=5}
[05Jan2026 07:28:31.320] [Server thread/WARN] [net.minecraft.server.level.ServerPlayerGameMode/]: Mismatch in destroy block pos: BlockPos{x=-112, y=76, z=5} BlockPos{x=-110, y=76, z=5}
[05Jan2026 07:28:31.408] [Server thread/WARN] [net.minecraft.server.level.ServerPlayerGameMode/]: Mismatch in destroy block pos: BlockPos{x=-112, y=76, z=5} BlockPos{x=-110, y=76, z=5}
[05Jan2026 07:28:31.408] [Server thread/WARN] [net.minecraft.server.level.ServerPlayerGameMode/]: Mismatch in destroy block pos: BlockPos{x=-112, y=76, z=5} BlockPos{x=-110, y=76, z=5}
[05Jan2026 07:28:31.475] [Server thread/WARN] [net.minecraft.server.level.ServerPlayerGameMode/]: Mismatch in destroy block pos: BlockPos{x=-113, y=76, z=5} BlockPos{x=-110, y=76, z=5}
[05Jan2026 07:28:31.520] [Server thread/WARN] [net.minecraft.server.level.ServerPlayerGameMode/]: Mismatch in destroy block pos: BlockPos{x=-113, y=76, z=5} BlockPos{x=-110, y=76, z=5}
[05Jan2026 07:28:31.589] [Server thread/WARN] [net.minecraft.server.level.ServerPlayerGameMode/]: Mismatch in destroy block pos: BlockPos{x=-113, y=76, z=5} BlockPos{x=-110, y=76, z=5}
[05Jan2026 07:28:31.628] [Server thread/WARN] [net.minecraft.server.level.ServerPlayerGameMode/]: Mismatch in destroy block pos: BlockPos{x=-114, y=76, z=5} BlockPos{x=-110, y=76, z=5}
[05Jan2026 07:28:31.660] [Server thread/WARN] [net.minecraft.server.level.ServerPlayerGameMode/]: Mismatch in destroy block pos: BlockPos{x=-114, y=76, z=5} BlockPos{x=-110, y=76, z=5}
[05Jan2026 07:28:31.716] [Server thread/WARN] [net.minecraft.server.level.ServerPlayerGameMode/]: Mismatch in destroy block pos: BlockPos{x=-114, y=76, z=5} BlockPos{x=-110, y=76, z=5}
[05Jan2026 07:28:31.771] [Server thread/WARN] [net.minecraft.server.level.ServerPlayerGameMode/]: Mismatch in destroy block pos: BlockPos{x=-114, y=76, z=5} BlockPos{x=-110, y=76, z=5}
[05Jan2026 07:28:31.811] [Server thread/WARN] [net.minecraft.server.level.ServerPlayerGameMode/]: Mismatch in destroy block pos: BlockPos{x=-115, y=76, z=5} BlockPos{x=-110, y=76, z=5}
[05Jan2026 07:28:31.862] [Server thread/WARN] [net.minecraft.server.level.ServerPlayerGameMode/]: Mismatch in destroy block pos: BlockPos{x=-115, y=76, z=5} BlockPos{x=-110, y=76, z=5}
[05Jan2026 07:28:31.904] [Server thread/WARN] [net.minecraft.server.level.ServerPlayerGameMode/]: Mismatch in destroy block pos: BlockPos{x=-115, y=76, z=5} BlockPos{x=-110, y=76, z=5}
[05Jan2026 07:28:31.956] [Server thread/WARN] [net.minecraft.server.level.ServerPlayerGameMode/]: Mismatch in destroy block pos: BlockPos{x=-115, y=76, z=5} BlockPos{x=-110, y=76, z=5}
[05Jan2026 07:28:32.904] [Server thread/WARN] [net.minecraft.server.level.ServerPlayerGameMode/]: Mismatch in destroy block pos: BlockPos{x=-116, y=76, z=4} BlockPos{x=-117, y=76, z=4}
[05Jan2026 07:28:32.953] [Server thread/WARN] [net.minecraft.server.level.ServerPlayerGameMode/]: Mismatch in destroy block pos: BlockPos{x=-116, y=76, z=4} BlockPos{x=-117, y=76, z=4}
[05Jan2026 07:28:33.001] [Server thread/WARN] [net.minecraft.server.level.ServerPlayerGameMode/]: Mismatch in destroy block pos: BlockPos{x=-116, y=76, z=4} BlockPos{x=-117, y=76, z=4}
[05Jan2026 07:28:33.053] [Server thread/WARN] [net.minecraft.server.level.ServerPlayerGameMode/]: Mismatch in destroy block pos: BlockPos{x=-115, y=76, z=4} BlockPos{x=-117, y=76, z=4}
[05Jan2026 07:28:33.109] [Server thread/WARN] [net.minecraft.server.level.ServerPlayerGameMode/]: Mismatch in destroy block pos: BlockPos{x=-115, y=76, z=4} BlockPos{x=-117, y=76, z=4}
[05Jan2026 07:28:33.163] [Server thread/WARN] [net.minecraft.server.level.ServerPlayerGameMode/]: Mismatch in destroy block pos: BlockPos{x=-115, y=76, z=4} BlockPos{x=-117, y=76, z=4}
[05Jan2026 07:28:33.307] [Server thread/WARN] [net.minecraft.server.level.ServerPlayerGameMode/]: Mismatch in destroy block pos: BlockPos{x=-114, y=76, z=4} BlockPos{x=-115, y=76, z=4}
[05Jan2026 07:28:33.357] [Server thread/WARN] [net.minecraft.server.level.ServerPlayerGameMode/]: Mismatch in destroy block pos: BlockPos{x=-114, y=76, z=4} BlockPos{x=-115, y=76, z=4}
[05Jan2026 07:28:33.407] [Server thread/WARN] [net.minecraft.server.level.ServerPlayerGameMode/]: Mismatch in destroy block pos: BlockPos{x=-114, y=76, z=4} BlockPos{x=-115, y=76, z=4}
[05Jan2026 07:28:33.555] [Server thread/WARN] [net.minecraft.server.level.ServerPlayerGameMode/]: Mismatch in destroy block pos: BlockPos{x=-113, y=76, z=4} BlockPos{x=-114, y=76, z=4}
[05Jan2026 07:28:33.606] [Server thread/WARN] [net.minecraft.server.level.ServerPlayerGameMode/]: Mismatch in destroy block pos: BlockPos{x=-113, y=76, z=4} BlockPos{x=-114, y=76, z=4}
[05Jan2026 07:28:33.658] [Server thread/WARN] [net.minecraft.server.level.ServerPlayerGameMode/]: Mismatch in destroy block pos: BlockPos{x=-113, y=76, z=4} BlockPos{x=-114, y=76, z=4}
[05Jan2026 07:28:33.710] [Server thread/WARN] [net.minecraft.server.level.ServerPlayerGameMode/]: Mismatch in destroy block pos: BlockPos{x=-113, y=76, z=4} BlockPos{x=-114, y=76, z=4}
[05Jan2026 07:28:33.753] [Server thread/WARN] [net.minecraft.server.level.ServerPlayerGameMode/]: Mismatch in destroy block pos: BlockPos{x=-112, y=76, z=4} BlockPos{x=-114, y=76, z=4}
[05Jan2026 07:28:33.809] [Server thread/WARN] [net.minecraft.server.level.ServerPlayerGameMode/]: Mismatch in destroy block pos: BlockPos{x=-112, y=76, z=4} BlockPos{x=-114, y=76, z=4}
[05Jan2026 07:28:33.855] [Server thread/WARN] [net.minecraft.server.level.ServerPlayerGameMode/]: Mismatch in destroy block pos: BlockPos{x=-112, y=76, z=4} BlockPos{x=-114, y=76, z=4}
[05Jan2026 07:28:33.900] [Server thread/WARN] [net.minecraft.server.level.ServerPlayerGameMode/]: Mismatch in destroy block pos: BlockPos{x=-112, y=76, z=4} BlockPos{x=-114, y=76, z=4}
[05Jan2026 07:28:33.951] [Server thread/WARN] [net.minecraft.server.level.ServerPlayerGameMode/]: Mismatch in destroy block pos: BlockPos{x=-111, y=76, z=4} BlockPos{x=-114, y=76, z=4}
[05Jan2026 07:28:33.999] [Server thread/WARN] [net.minecraft.server.level.ServerPlayerGameMode/]: Mismatch in destroy block pos: BlockPos{x=-111, y=76, z=4} BlockPos{x=-114, y=76, z=4}
[05Jan2026 07:28:34.053] [Server thread/WARN] [net.minecraft.server.level.ServerPlayerGameMode/]: Mismatch in destroy block pos: BlockPos{x=-111, y=76, z=4} BlockPos{x=-114, y=76, z=4}
[05Jan2026 07:28:34.107] [Server thread/WARN] [net.minecraft.server.level.ServerPlayerGameMode/]: Mismatch in destroy block pos: BlockPos{x=-111, y=76, z=4} BlockPos{x=-114, y=76, z=4}
[05Jan2026 07:28:34.174] [Server thread/WARN] [net.minecraft.server.level.ServerPlayerGameMode/]: Mismatch in destroy block pos: BlockPos{x=-110, y=76, z=4} BlockPos{x=-114, y=76, z=4}
[05Jan2026 07:28:34.215] [Server thread/WARN] [net.minecraft.server.level.ServerPlayerGameMode/]: Mismatch in destroy block pos: BlockPos{x=-110, y=76, z=4} BlockPos{x=-114, y=76, z=4}
[05Jan2026 07:28:34.253] [Server thread/WARN] [net.minecraft.server.level.ServerPlayerGameMode/]: Mismatch in destroy block pos: BlockPos{x=-110, y=76, z=4} BlockPos{x=-114, y=76, z=4}
[05Jan2026 07:28:34.902] [Server thread/WARN] [net.minecraft.server.level.ServerPlayerGameMode/]: Mismatch in destroy block pos: BlockPos{x=-109, y=76, z=3} BlockPos{x=-109, y=76, z=4}
[05Jan2026 07:28:34.952] [Server thread/WARN] [net.minecraft.server.level.ServerPlayerGameMode/]: Mismatch in destroy block pos: BlockPos{x=-109, y=76, z=3} BlockPos{x=-109, y=76, z=4}
[05Jan2026 07:28:35.001] [Server thread/WARN] [net.minecraft.server.level.ServerPlayerGameMode/]: Mismatch in destroy block pos: BlockPos{x=-109, y=76, z=3} BlockPos{x=-109, y=76, z=4}
[05Jan2026 07:28:35.307] [Server thread/WARN] [net.minecraft.server.level.ServerPlayerGameMode/]: Mismatch in destroy block pos: BlockPos{x=-109, y=76, z=2} BlockPos{x=-109, y=76, z=3}
[05Jan2026 07:28:35.354] [Server thread/WARN] [net.minecraft.server.level.ServerPlayerGameMode/]: Mismatch in destroy block pos: BlockPos{x=-109, y=76, z=2} BlockPos{x=-109, y=76, z=3}
[05Jan2026 07:28:35.398] [Server thread/WARN] [net.minecraft.server.level.ServerPlayerGameMode/]: Mismatch in destroy block pos: BlockPos{x=-109, y=76, z=2} BlockPos{x=-109, y=76, z=3}
[05Jan2026 07:28:36.057] [Server thread/WARN] [net.minecraft.server.level.ServerPlayerGameMode/]: Mismatch in destroy block pos: BlockPos{x=-109, y=76, z=1} BlockPos{x=-109, y=76, z=2}
[05Jan2026 07:28:36.105] [Server thread/WARN] [net.minecraft.server.level.ServerPlayerGameMode/]: Mismatch in destroy block pos: BlockPos{x=-109, y=76, z=1} BlockPos{x=-109, y=76, z=2}
[05Jan2026 07:28:36.161] [Server thread/WARN] [net.minecraft.server.level.ServerPlayerGameMode/]: Mismatch in destroy block pos: BlockPos{x=-109, y=76, z=1} BlockPos{x=-109, y=76, z=2}
[05Jan2026 07:28:36.360] [Server thread/WARN] [net.minecraft.server.level.ServerPlayerGameMode/]: Mismatch in destroy block pos: BlockPos{x=-109, y=76, z=0} BlockPos{x=-109, y=76, z=1}
[05Jan2026 07:28:36.431] [Server thread/WARN] [net.minecraft.server.level.ServerPlayerGameMode/]: Mismatch in destroy block pos: BlockPos{x=-109, y=76, z=0} BlockPos{x=-109, y=76, z=1}
[05Jan2026 07:28:36.476] [Server thread/WARN] [net.minecraft.server.level.ServerPlayerGameMode/]: Mismatch in destroy block pos: BlockPos{x=-110, y=76, z=0} BlockPos{x=-109, y=76, z=1}
[05Jan2026 07:28:36.547] [Server thread/WARN] [net.minecraft.server.level.ServerPlayerGameMode/]: Mismatch in destroy block pos: BlockPos{x=-110, y=76, z=0} BlockPos{x=-109, y=76, z=1}
[05Jan2026 07:28:37.036] [Server thread/WARN] [net.minecraft.server.level.ServerPlayerGameMode/]: Mismatch in destroy block pos: BlockPos{x=-108, y=76, z=0} BlockPos{x=-109, y=76, z=0}
[05Jan2026 07:28:37.072] [Server thread/WARN] [net.minecraft.server.level.ServerPlayerGameMode/]: Mismatch in destroy block pos: BlockPos{x=-108, y=76, z=0} BlockPos{x=-109, y=76, z=0}
[05Jan2026 07:28:38.415] [Server thread/WARN] [net.minecraft.server.level.ServerPlayerGameMode/]: Mismatch in destroy block pos: BlockPos{x=-107, y=77, z=-1} BlockPos{x=-107, y=77, z=0}
[05Jan2026 07:28:38.469] [Server thread/WARN] [net.minecraft.server.level.ServerPlayerGameMode/]: Mismatch in destroy block pos: BlockPos{x=-107, y=77, z=-1} BlockPos{x=-107, y=77, z=0}
[05Jan2026 07:28:38.515] [Server thread/WARN] [net.minecraft.server.level.ServerPlayerGameMode/]: Mismatch in destroy block pos: BlockPos{x=-107, y=77, z=-1} BlockPos{x=-107, y=77, z=0}
[05Jan2026 07:28:39.365] [Server thread/WARN] [net.minecraft.server.level.ServerPlayerGameMode/]: Mismatch in destroy block pos: BlockPos{x=-107, y=77, z=-2} BlockPos{x=-107, y=77, z=-1}
[05Jan2026 07:28:39.402] [Server thread/WARN] [net.minecraft.server.level.ServerPlayerGameMode/]: Mismatch in destroy block pos: BlockPos{x=-107, y=77, z=-2} BlockPos{x=-107, y=77, z=-1}
[05Jan2026 07:28:39.461] [Server thread/WARN] [net.minecraft.server.level.ServerPlayerGameMode/]: Mismatch in destroy block pos: BlockPos{x=-107, y=77, z=-2} BlockPos{x=-107, y=77, z=-1}
[05Jan2026 07:28:40.015] [Server thread/WARN] [net.minecraft.server.level.ServerPlayerGameMode/]: Mismatch in destroy block pos: BlockPos{x=-107, y=77, z=-3} BlockPos{x=-107, y=77, z=-2}
[05Jan2026 07:28:40.063] [Server thread/WARN] [net.minecraft.server.level.ServerPlayerGameMode/]: Mismatch in destroy block pos: BlockPos{x=-107, y=77, z=-3} BlockPos{x=-107, y=77, z=-2}
[05Jan2026 07:28:40.113] [Server thread/WARN] [net.minecraft.server.level.ServerPlayerGameMode/]: Mismatch in destroy block pos: BlockPos{x=-107, y=77, z=-3} BlockPos{x=-107, y=77, z=-2}
[05Jan2026 07:28:40.812] [Server thread/WARN] [net.minecraft.server.level.ServerPlayerGameMode/]: Mismatch in destroy block pos: BlockPos{x=-107, y=77, z=-4} BlockPos{x=-107, y=77, z=-3}
[05Jan2026 07:28:40.854] [Server thread/WARN] [net.minecraft.server.level.ServerPlayerGameMode/]: Mismatch in destroy block pos: BlockPos{x=-107, y=77, z=-4} BlockPos{x=-107, y=77, z=-3}
[05Jan2026 07:28:40.913] [Server thread/WARN] [net.minecraft.server.level.ServerPlayerGameMode/]: Mismatch in destroy block pos: BlockPos{x=-107, y=77, z=-4} BlockPos{x=-107, y=77, z=-3}
[05Jan2026 07:28:41.502] [Server thread/WARN] [net.minecraft.server.level.ServerPlayerGameMode/]: Mismatch in destroy block pos: BlockPos{x=-107, y=77, z=-5} BlockPos{x=-107, y=77, z=-4}
[05Jan2026 07:28:41.560] [Server thread/WARN] [net.minecraft.server.level.ServerPlayerGameMode/]: Mismatch in destroy block pos: BlockPos{x=-107, y=77, z=-5} BlockPos{x=-107, y=77, z=-4}
[05Jan2026 07:28:41.600] [Server thread/WARN] [net.minecraft.server.level.ServerPlayerGameMode/]: Mismatch in destroy block pos: BlockPos{x=-107, y=77, z=-5} BlockPos{x=-107, y=77, z=-4}
[05Jan2026 07:28:41.647] [Server thread/WARN] [net.minecraft.server.level.ServerPlayerGameMode/]: Mismatch in destroy block pos: BlockPos{x=-107, y=77, z=-5} BlockPos{x=-107, y=77, z=-4}
[05Jan2026 07:28:42.352] [Server thread/WARN] [net.minecraft.server.level.ServerPlayerGameMode/]: Mismatch in destroy block pos: BlockPos{x=-107, y=77, z=-6} BlockPos{x=-107, y=77, z=-5}
[05Jan2026 07:28:42.401] [Server thread/WARN] [net.minecraft.server.level.ServerPlayerGameMode/]: Mismatch in destroy block pos: BlockPos{x=-107, y=77, z=-6} BlockPos{x=-107, y=77, z=-5}
[05Jan2026 07:28:42.454] [Server thread/WARN] [net.minecraft.server.level.ServerPlayerGameMode/]: Mismatch in destroy block pos: BlockPos{x=-107, y=77, z=-6} BlockPos{x=-107, y=77, z=-5}
[05Jan2026 07:28:42.915] [Server thread/WARN] [net.minecraft.server.level.ServerPlayerGameMode/]: Mismatch in destroy block pos: BlockPos{x=-107, y=77, z=-7} BlockPos{x=-107, y=77, z=-6}
[05Jan2026 07:28:42.953] [Server thread/WARN] [net.minecraft.server.level.ServerPlayerGameMode/]: Mismatch in destroy block pos: BlockPos{x=-107, y=77, z=-7} BlockPos{x=-107, y=77, z=-6}
[05Jan2026 07:28:43.000] [Server thread/WARN] [net.minecraft.server.level.ServerPlayerGameMode/]: Mismatch in destroy block pos: BlockPos{x=-107, y=77, z=-7} BlockPos{x=-107, y=77, z=-6}
[05Jan2026 07:28:43.999] [Server thread/WARN] [net.minecraft.server.level.ServerPlayerGameMode/]: Mismatch in destroy block pos: BlockPos{x=-107, y=77, z=-8} BlockPos{x=-107, y=78, z=-8}
[05Jan2026 07:28:46.211] [Server thread/WARN] [net.minecraft.server.level.ServerPlayerGameMode/]: Mismatch in destroy block pos: BlockPos{x=-107, y=77, z=-9} BlockPos{x=-108, y=77, z=-9}
[05Jan2026 07:28:46.263] [Server thread/WARN] [net.minecraft.server.level.ServerPlayerGameMode/]: Mismatch in destroy block pos: BlockPos{x=-107, y=77, z=-9} BlockPos{x=-108, y=77, z=-9}
[05Jan2026 07:28:46.308] [Server thread/WARN] [net.minecraft.server.level.ServerPlayerGameMode/]: Mismatch in destroy block pos: BlockPos{x=-107, y=77, z=-9} BlockPos{x=-108, y=77, z=-9}
[05Jan2026 07:28:46.361] [Server thread/WARN] [net.minecraft.server.level.ServerPlayerGameMode/]: Mismatch in destroy block pos: BlockPos{x=-107, y=77, z=-9} BlockPos{x=-108, y=77, z=-9}
[05Jan2026 07:28:47.609] [Server thread/WARN] [net.minecraft.server.level.ServerPlayerGameMode/]: Mismatch in destroy block pos: BlockPos{x=-107, y=77, z=-10} BlockPos{x=-108, y=77, z=-10}
[05Jan2026 07:28:47.657] [Server thread/WARN] [net.minecraft.server.level.ServerPlayerGameMode/]: Mismatch in destroy block pos: BlockPos{x=-107, y=77, z=-10} BlockPos{x=-108, y=77, z=-10}
[05Jan2026 07:28:47.710] [Server thread/WARN] [net.minecraft.server.level.ServerPlayerGameMode/]: Mismatch in destroy block pos: BlockPos{x=-107, y=77, z=-10} BlockPos{x=-108, y=77, z=-10}
[05Jan2026 07:28:48.701] [Server thread/WARN] [net.minecraft.server.level.ServerPlayerGameMode/]: Mismatch in destroy block pos: BlockPos{x=-107, y=77, z=-11} BlockPos{x=-107, y=77, z=-10}
[05Jan2026 07:28:48.755] [Server thread/WARN] [net.minecraft.server.level.ServerPlayerGameMode/]: Mismatch in destroy block pos: BlockPos{x=-107, y=77, z=-11} BlockPos{x=-107, y=77, z=-10}
[05Jan2026 07:28:48.810] [Server thread/WARN] [net.minecraft.server.level.ServerPlayerGameMode/]: Mismatch in destroy block pos: BlockPos{x=-107, y=77, z=-11} BlockPos{x=-107, y=77, z=-10}
[05Jan2026 07:28:49.308] [Server thread/WARN] [net.minecraft.server.level.ServerPlayerGameMode/]: Mismatch in destroy block pos: BlockPos{x=-107, y=77, z=-12} BlockPos{x=-107, y=77, z=-11}
[05Jan2026 07:28:49.352] [Server thread/WARN] [net.minecraft.server.level.ServerPlayerGameMode/]: Mismatch in destroy block pos: BlockPos{x=-107, y=77, z=-12} BlockPos{x=-107, y=77, z=-11}
[05Jan2026 07:28:49.398] [Server thread/WARN] [net.minecraft.server.level.ServerPlayerGameMode/]: Mismatch in destroy block pos: BlockPos{x=-107, y=77, z=-12} BlockPos{x=-107, y=77, z=-11}
[05Jan2026 07:28:49.855] [Server thread/WARN] [net.minecraft.server.level.ServerPlayerGameMode/]: Mismatch in destroy block pos: BlockPos{x=-108, y=77, z=-13} BlockPos{x=-108, y=77, z=-12}
[05Jan2026 07:28:49.902] [Server thread/WARN] [net.minecraft.server.level.ServerPlayerGameMode/]: Mismatch in destroy block pos: BlockPos{x=-108, y=77, z=-13} BlockPos{x=-108, y=77, z=-12}
[05Jan2026 07:28:49.949] [Server thread/WARN] [net.minecraft.server.level.ServerPlayerGameMode/]: Mismatch in destroy block pos: BlockPos{x=-108, y=77, z=-13} BlockPos{x=-108, y=77, z=-12}
[05Jan2026 07:28:50.310] [Server thread/WARN] [net.minecraft.server.level.ServerPlayerGameMode/]: Mismatch in destroy block pos: BlockPos{x=-107, y=78, z=-13} BlockPos{x=-108, y=77, z=-13}
[05Jan2026 07:28:50.352] [Server thread/WARN] [net.minecraft.server.level.ServerPlayerGameMode/]: Mismatch in destroy block pos: BlockPos{x=-107, y=78, z=-13} BlockPos{x=-108, y=77, z=-13}
[05Jan2026 07:28:50.405] [Server thread/WARN] [net.minecraft.server.level.ServerPlayerGameMode/]: Mismatch in destroy block pos: BlockPos{x=-107, y=78, z=-13} BlockPos{x=-108, y=77, z=-13}
[05Jan2026 07:28:51.257] [Server thread/WARN] [net.minecraft.server.level.ServerPlayerGameMode/]: Mismatch in destroy block pos: BlockPos{x=-107, y=79, z=-13} BlockPos{x=-107, y=78, z=-13}
[05Jan2026 07:28:51.306] [Server thread/WARN] [net.minecraft.server.level.ServerPlayerGameMode/]: Mismatch in destroy block pos: BlockPos{x=-107, y=79, z=-13} BlockPos{x=-107, y=78, z=-13}
[05Jan2026 07:28:51.353] [Server thread/WARN] [net.minecraft.server.level.ServerPlayerGameMode/]: Mismatch in destroy block pos: BlockPos{x=-107, y=79, z=-13} BlockPos{x=-107, y=78, z=-13}
[05Jan2026 07:28:52.219] [Server thread/WARN] [net.minecraft.server.level.ServerPlayerGameMode/]: Mismatch in destroy block pos: BlockPos{x=-107, y=80, z=-13} BlockPos{x=-107, y=79, z=-13}
[05Jan2026 07:28:52.258] [Server thread/WARN] [net.minecraft.server.level.ServerPlayerGameMode/]: Mismatch in destroy block pos: BlockPos{x=-107, y=80, z=-13} BlockPos{x=-107, y=79, z=-13}
[05Jan2026 07:28:52.319] [Server thread/WARN] [net.minecraft.server.level.ServerPlayerGameMode/]: Mismatch in destroy block pos: BlockPos{x=-107, y=80, z=-13} BlockPos{x=-107, y=79, z=-13}
[05Jan2026 07:28:52.805] [Server thread/WARN] [net.minecraft.server.level.ServerPlayerGameMode/]: Mismatch in destroy block pos: BlockPos{x=-107, y=81, z=-12} BlockPos{x=-107, y=80, z=-13}
[05Jan2026 07:28:52.857] [Server thread/WARN] [net.minecraft.server.level.ServerPlayerGameMode/]: Mismatch in destroy block pos: BlockPos{x=-107, y=81, z=-12} BlockPos{x=-107, y=80, z=-13}
[05Jan2026 07:28:52.906] [Server thread/WARN] [net.minecraft.server.level.ServerPlayerGameMode/]: Mismatch in destroy block pos: BlockPos{x=-107, y=81, z=-12} BlockPos{x=-107, y=80, z=-13}
[05Jan2026 07:28:53.559] [Server thread/WARN] [net.minecraft.server.level.ServerPlayerGameMode/]: Mismatch in destroy block pos: BlockPos{x=-108, y=81, z=-12} BlockPos{x=-107, y=81, z=-12}
[05Jan2026 07:28:53.612] [Server thread/WARN] [net.minecraft.server.level.ServerPlayerGameMode/]: Mismatch in destroy block pos: BlockPos{x=-108, y=81, z=-12} BlockPos{x=-107, y=81, z=-12}
[05Jan2026 07:28:53.664] [Server thread/WARN] [net.minecraft.server.level.ServerPlayerGameMode/]: Mismatch in destroy block pos: BlockPos{x=-108, y=81, z=-12} BlockPos{x=-107, y=81, z=-12}
[05Jan2026 07:28:54.675] [Server thread/WARN] [net.minecraft.server.level.ServerPlayerGameMode/]: Mismatch in destroy block pos: BlockPos{x=-108, y=81, z=-13} BlockPos{x=-108, y=81, z=-12}
[05Jan2026 07:28:54.715] [Server thread/WARN] [net.minecraft.server.level.ServerPlayerGameMode/]: Mismatch in destroy block pos: BlockPos{x=-108, y=81, z=-13} BlockPos{x=-108, y=81, z=-12}
[05Jan2026 07:28:54.760] [Server thread/WARN] [net.minecraft.server.level.ServerPlayerGameMode/]: Mismatch in destroy block pos: BlockPos{x=-108, y=81, z=-13} BlockPos{x=-108, y=81, z=-12}
[05Jan2026 07:28:55.957] [Server thread/WARN] [net.minecraft.server.level.ServerPlayerGameMode/]: Mismatch in destroy block pos: BlockPos{x=-107, y=81, z=-11} BlockPos{x=-108, y=81, z=-11}
[05Jan2026 07:28:57.165] [Server thread/WARN] [net.minecraft.server.level.ServerPlayerGameMode/]: Mismatch in destroy block pos: BlockPos{x=-107, y=81, z=-10} BlockPos{x=-107, y=80, z=-10}
[05Jan2026 07:28:57.203] [Server thread/WARN] [net.minecraft.server.level.ServerPlayerGameMode/]: Mismatch in destroy block pos: BlockPos{x=-107, y=81, z=-10} BlockPos{x=-107, y=80, z=-10}
[05Jan2026 07:28:57.253] [Server thread/WARN] [net.minecraft.server.level.ServerPlayerGameMode/]: Mismatch in destroy block pos: BlockPos{x=-107, y=81, z=-10} BlockPos{x=-107, y=80, z=-10}
[05Jan2026 07:28:57.316] [Server thread/WARN] [net.minecraft.server.level.ServerPlayerGameMode/]: Mismatch in destroy block pos: BlockPos{x=-107, y=81, z=-10} BlockPos{x=-107, y=80, z=-10}
[05Jan2026 07:28:57.964] [Server thread/WARN] [net.minecraft.server.level.ServerPlayerGameMode/]: Mismatch in destroy block pos: BlockPos{x=-107, y=81, z=-9} BlockPos{x=-107, y=80, z=-9}
[05Jan2026 07:28:58.013] [Server thread/WARN] [net.minecraft.server.level.ServerPlayerGameMode/]: Mismatch in destroy block pos: BlockPos{x=-107, y=81, z=-9} BlockPos{x=-107, y=80, z=-9}
[05Jan2026 07:28:58.053] [Server thread/WARN] [net.minecraft.server.level.ServerPlayerGameMode/]: Mismatch in destroy block pos: BlockPos{x=-107, y=81, z=-9} BlockPos{x=-107, y=80, z=-9}
[05Jan2026 07:28:58.098] [Server thread/WARN] [net.minecraft.server.level.ServerPlayerGameMode/]: Mismatch in destroy block pos: BlockPos{x=-107, y=81, z=-9} BlockPos{x=-107, y=80, z=-9}
[05Jan2026 07:28:58.539] [Server thread/WARN] [net.minecraft.server.level.ServerPlayerGameMode/]: Mismatch in destroy block pos: BlockPos{x=-107, y=81, z=-8} BlockPos{x=-107, y=81, z=-9}
[05Jan2026 07:28:58.627] [Server thread/WARN] [net.minecraft.server.level.ServerPlayerGameMode/]: Mismatch in destroy block pos: BlockPos{x=-107, y=81, z=-8} BlockPos{x=-107, y=81, z=-9}
[05Jan2026 07:28:58.666] [Server thread/WARN] [net.minecraft.server.level.ServerPlayerGameMode/]: Mismatch in destroy block pos: BlockPos{x=-107, y=81, z=-8} BlockPos{x=-107, y=81, z=-9}
[05Jan2026 07:28:58.702] [Server thread/WARN] [net.minecraft.server.level.ServerPlayerGameMode/]: Mismatch in destroy block pos: BlockPos{x=-107, y=81, z=-8} BlockPos{x=-107, y=81, z=-9}
[05Jan2026 07:28:59.543] [Server thread/WARN] [net.minecraft.server.level.ServerPlayerGameMode/]: Mismatch in destroy block pos: BlockPos{x=-107, y=81, z=-7} BlockPos{x=-107, y=81, z=-8}
[05Jan2026 07:29:00.418] [Server thread/WARN] [net.minecraft.server.level.ServerPlayerGameMode/]: Mismatch in destroy block pos: BlockPos{x=-107, y=81, z=-6} BlockPos{x=-107, y=81, z=-7}
[05Jan2026 07:29:00.504] [Server thread/WARN] [net.minecraft.server.level.ServerPlayerGameMode/]: Mismatch in destroy block pos: BlockPos{x=-107, y=81, z=-6} BlockPos{x=-107, y=81, z=-7}
[05Jan2026 07:29:00.565] [Server thread/WARN] [net.minecraft.server.level.ServerPlayerGameMode/]: Mismatch in destroy block pos: BlockPos{x=-107, y=81, z=-6} BlockPos{x=-107, y=81, z=-7}
[05Jan2026 07:29:01.499] [Server thread/WARN] [net.minecraft.server.level.ServerPlayerGameMode/]: Mismatch in destroy block pos: BlockPos{x=-107, y=81, z=-5} BlockPos{x=-107, y=81, z=-6}
[05Jan2026 07:29:01.555] [Server thread/WARN] [net.minecraft.server.level.ServerPlayerGameMode/]: Mismatch in destroy block pos: BlockPos{x=-107, y=81, z=-5} BlockPos{x=-107, y=81, z=-6}
[05Jan2026 07:29:01.608] [Server thread/WARN] [net.minecraft.server.level.ServerPlayerGameMode/]: Mismatch in destroy block pos: BlockPos{x=-107, y=81, z=-5} BlockPos{x=-107, y=81, z=-6}
[05Jan2026 07:29:02.313] [Server thread/WARN] [net.minecraft.server.level.ServerPlayerGameMode/]: Mismatch in destroy block pos: BlockPos{x=-107, y=81, z=-4} BlockPos{x=-107, y=81, z=-5}
[05Jan2026 07:29:02.365] [Server thread/WARN] [net.minecraft.server.level.ServerPlayerGameMode/]: Mismatch in destroy block pos: BlockPos{x=-107, y=81, z=-4} BlockPos{x=-107, y=81, z=-5}
[05Jan2026 07:29:02.412] [Server thread/WARN] [net.minecraft.server.level.ServerPlayerGameMode/]: Mismatch in destroy block pos: BlockPos{x=-107, y=81, z=-4} BlockPos{x=-107, y=81, z=-5}
[05Jan2026 07:29:02.496] [Server thread/WARN] [net.minecraft.server.level.ServerPlayerGameMode/]: Mismatch in destroy block pos: BlockPos{x=-107, y=81, z=-4} BlockPos{x=-107, y=81, z=-5}
[05Jan2026 07:29:03.066] [Server thread/WARN] [net.minecraft.server.level.ServerPlayerGameMode/]: Mismatch in destroy block pos: BlockPos{x=-107, y=81, z=-3} BlockPos{x=-107, y=81, z=-4}
[05Jan2026 07:29:03.109] [Server thread/WARN] [net.minecraft.server.level.ServerPlayerGameMode/]: Mismatch in destroy block pos: BlockPos{x=-107, y=81, z=-3} BlockPos{x=-107, y=81, z=-4}
[05Jan2026 07:29:03.155] [Server thread/WARN] [net.minecraft.server.level.ServerPlayerGameMode/]: Mismatch in destroy block pos: BlockPos{x=-107, y=81, z=-3} BlockPos{x=-107, y=81, z=-4}
[05Jan2026 07:29:04.114] [Server thread/WARN] [net.minecraft.server.level.ServerPlayerGameMode/]: Mismatch in destroy block pos: BlockPos{x=-107, y=81, z=-2} BlockPos{x=-107, y=81, z=-3}
[05Jan2026 07:29:04.160] [Server thread/WARN] [net.minecraft.server.level.ServerPlayerGameMode/]: Mismatch in destroy block pos: BlockPos{x=-107, y=81, z=-2} BlockPos{x=-107, y=81, z=-3}
[05Jan2026 07:29:04.214] [Server thread/WARN] [net.minecraft.server.level.ServerPlayerGameMode/]: Mismatch in destroy block pos: BlockPos{x=-107, y=81, z=-2} BlockPos{x=-107, y=81, z=-3}
[05Jan2026 07:29:04.959] [Server thread/WARN] [net.minecraft.server.level.ServerPlayerGameMode/]: Mismatch in destroy block pos: BlockPos{x=-107, y=81, z=-1} BlockPos{x=-107, y=81, z=-2}
[05Jan2026 07:29:05.009] [Server thread/WARN] [net.minecraft.server.level.ServerPlayerGameMode/]: Mismatch in destroy block pos: BlockPos{x=-107, y=81, z=-1} BlockPos{x=-107, y=81, z=-2}
[05Jan2026 07:29:05.057] [Server thread/WARN] [net.minecraft.server.level.ServerPlayerGameMode/]: Mismatch in destroy block pos: BlockPos{x=-107, y=81, z=-1} BlockPos{x=-107, y=81, z=-2}
[05Jan2026 07:29:05.781] [Server thread/WARN] [net.minecraft.server.level.ServerPlayerGameMode/]: Mismatch in destroy block pos: BlockPos{x=-107, y=81, z=0} BlockPos{x=-107, y=81, z=-1}
[05Jan2026 07:29:05.830] [Server thread/WARN] [net.minecraft.server.level.ServerPlayerGameMode/]: Mismatch in destroy block pos: BlockPos{x=-107, y=81, z=0} BlockPos{x=-107, y=81, z=-1}
[05Jan2026 07:29:05.865] [Server thread/WARN] [net.minecraft.server.level.ServerPlayerGameMode/]: Mismatch in destroy block pos: BlockPos{x=-107, y=81, z=0} BlockPos{x=-107, y=81, z=-1}
[05Jan2026 07:29:06.831] [Server thread/WARN] [net.minecraft.server.level.ServerPlayerGameMode/]: Mismatch in destroy block pos: BlockPos{x=-107, y=81, z=1} BlockPos{x=-107, y=81, z=0}
[05Jan2026 07:29:06.854] [Server thread/WARN] [net.minecraft.server.level.ServerPlayerGameMode/]: Mismatch in destroy block pos: BlockPos{x=-107, y=81, z=1} BlockPos{x=-107, y=81, z=0}
[05Jan2026 07:29:06.905] [Server thread/WARN] [net.minecraft.server.level.ServerPlayerGameMode/]: Mismatch in destroy block pos: BlockPos{x=-107, y=81, z=1} BlockPos{x=-107, y=81, z=0}
[05Jan2026 07:29:07.018] [Server thread/WARN] [net.minecraft.server.level.ServerPlayerGameMode/]: Mismatch in destroy block pos: BlockPos{x=-107, y=81, z=1} BlockPos{x=-107, y=81, z=0}
[05Jan2026 07:29:07.628] [Server thread/WARN] [net.minecraft.server.level.ServerPlayerGameMode/]: Mismatch in destroy block pos: BlockPos{x=-107, y=81, z=2} BlockPos{x=-107, y=81, z=1}
[05Jan2026 07:29:07.667] [Server thread/WARN] [net.minecraft.server.level.ServerPlayerGameMode/]: Mismatch in destroy block pos: BlockPos{x=-107, y=81, z=2} BlockPos{x=-107, y=81, z=1}
[05Jan2026 07:29:07.746] [Server thread/WARN] [net.minecraft.server.level.ServerPlayerGameMode/]: Mismatch in destroy block pos: BlockPos{x=-107, y=81, z=2} BlockPos{x=-107, y=81, z=1}
[05Jan2026 07:29:07.748] [Server thread/WARN] [net.minecraft.server.level.ServerPlayerGameMode/]: Mismatch in destroy block pos: BlockPos{x=-107, y=81, z=2} BlockPos{x=-107, y=81, z=1}
[05Jan2026 07:29:08.313] [Server thread/WARN] [net.minecraft.server.level.ServerPlayerGameMode/]: Mismatch in destroy block pos: BlockPos{x=-107, y=81, z=3} BlockPos{x=-107, y=81, z=2}
[05Jan2026 07:29:08.361] [Server thread/WARN] [net.minecraft.server.level.ServerPlayerGameMode/]: Mismatch in destroy block pos: BlockPos{x=-107, y=81, z=3} BlockPos{x=-107, y=81, z=2}
[05Jan2026 07:29:08.415] [Server thread/WARN] [net.minecraft.server.level.ServerPlayerGameMode/]: Mismatch in destroy block pos: BlockPos{x=-107, y=81, z=3} BlockPos{x=-107, y=81, z=2}
[05Jan2026 07:29:09.102] [Server thread/WARN] [net.minecraft.server.level.ServerPlayerGameMode/]: Mismatch in destroy block pos: BlockPos{x=-107, y=81, z=4} BlockPos{x=-107, y=81, z=3}
[05Jan2026 07:29:09.159] [Server thread/WARN] [net.minecraft.server.level.ServerPlayerGameMode/]: Mismatch in destroy block pos: BlockPos{x=-107, y=81, z=4} BlockPos{x=-107, y=81, z=3}
[05Jan2026 07:29:09.207] [Server thread/WARN] [net.minecraft.server.level.ServerPlayerGameMode/]: Mismatch in destroy block pos: BlockPos{x=-107, y=81, z=4} BlockPos{x=-107, y=81, z=3}
[05Jan2026 07:29:15.257] [Server thread/WARN] [net.minecraft.server.level.ServerPlayerGameMode/]: Mismatch in destroy block pos: BlockPos{x=-118, y=77, z=0} BlockPos{x=-118, y=77, z=1}
[05Jan2026 07:29:15.304] [Server thread/WARN] [net.minecraft.server.level.ServerPlayerGameMode/]: Mismatch in destroy block pos: BlockPos{x=-118, y=77, z=0} BlockPos{x=-118, y=77, z=1}
[05Jan2026 07:29:15.359] [Server thread/WARN] [net.minecraft.server.level.ServerPlayerGameMode/]: Mismatch in destroy block pos: BlockPos{x=-118, y=77, z=0} BlockPos{x=-118, y=77, z=1}
[05Jan2026 07:29:16.463] [Server thread/WARN] [net.minecraft.server.level.ServerPlayerGameMode/]: Mismatch in destroy block pos: BlockPos{x=-119, y=77, z=0} BlockPos{x=-118, y=77, z=0}
[05Jan2026 07:29:16.509] [Server thread/WARN] [net.minecraft.server.level.ServerPlayerGameMode/]: Mismatch in destroy block pos: BlockPos{x=-119, y=77, z=0} BlockPos{x=-118, y=77, z=0}
[05Jan2026 07:29:16.562] [Server thread/WARN] [net.minecraft.server.level.ServerPlayerGameMode/]: Mismatch in destroy block pos: BlockPos{x=-119, y=77, z=0} BlockPos{x=-118, y=77, z=0}
[05Jan2026 07:29:17.152] [Server thread/WARN] [net.minecraft.server.level.ServerPlayerGameMode/]: Mismatch in destroy block pos: BlockPos{x=-120, y=77, z=0} BlockPos{x=-119, y=77, z=0}
[05Jan2026 07:29:17.210] [Server thread/WARN] [net.minecraft.server.level.ServerPlayerGameMode/]: Mismatch in destroy block pos: BlockPos{x=-120, y=77, z=0} BlockPos{x=-119, y=77, z=0}
[05Jan2026 07:29:17.255] [Server thread/WARN] [net.minecraft.server.level.ServerPlayerGameMode/]: Mismatch in destroy block pos: BlockPos{x=-120, y=77, z=0} BlockPos{x=-119, y=77, z=0}
[05Jan2026 07:29:17.964] [Server thread/WARN] [net.minecraft.server.level.ServerPlayerGameMode/]: Mismatch in destroy block pos: BlockPos{x=-121, y=77, z=0} BlockPos{x=-120, y=77, z=0}
[05Jan2026 07:29:18.007] [Server thread/WARN] [net.minecraft.server.level.ServerPlayerGameMode/]: Mismatch in destroy block pos: BlockPos{x=-121, y=77, z=0} BlockPos{x=-120, y=77, z=0}
[05Jan2026 07:29:18.059] [Server thread/WARN] [net.minecraft.server.level.ServerPlayerGameMode/]: Mismatch in destroy block pos: BlockPos{x=-121, y=77, z=0} BlockPos{x=-120, y=77, z=0}
[05Jan2026 07:29:18.556] [Server thread/WARN] [net.minecraft.server.level.ServerPlayerGameMode/]: Mismatch in destroy block pos: BlockPos{x=-122, y=77, z=0} BlockPos{x=-121, y=77, z=0}
[05Jan2026 07:29:18.627] [Server thread/WARN] [net.minecraft.server.level.ServerPlayerGameMode/]: Mismatch in destroy block pos: BlockPos{x=-122, y=77, z=0} BlockPos{x=-121, y=77, z=0}
[05Jan2026 07:29:18.662] [Server thread/WARN] [net.minecraft.server.level.ServerPlayerGameMode/]: Mismatch in destroy block pos: BlockPos{x=-122, y=77, z=0} BlockPos{x=-121, y=77, z=0}
[05Jan2026 07:29:19.055] [Server thread/WARN] [net.minecraft.server.level.ServerPlayerGameMode/]: Mismatch in destroy block pos: BlockPos{x=-122, y=77, z=1} BlockPos{x=-122, y=77, z=0}
[05Jan2026 07:29:19.111] [Server thread/WARN] [net.minecraft.server.level.ServerPlayerGameMode/]: Mismatch in destroy block pos: BlockPos{x=-122, y=77, z=1} BlockPos{x=-122, y=77, z=0}
[05Jan2026 07:29:19.164] [Server thread/WARN] [net.minecraft.server.level.ServerPlayerGameMode/]: Mismatch in destroy block pos: BlockPos{x=-122, y=77, z=1} BlockPos{x=-122, y=77, z=0}
[05Jan2026 07:29:20.005] [Server thread/WARN] [net.minecraft.server.level.ServerPlayerGameMode/]: Mismatch in destroy block pos: BlockPos{x=-122, y=77, z=2} BlockPos{x=-122, y=77, z=1}
[05Jan2026 07:29:20.067] [Server thread/WARN] [net.minecraft.server.level.ServerPlayerGameMode/]: Mismatch in destroy block pos: BlockPos{x=-122, y=77, z=2} BlockPos{x=-122, y=77, z=1}
[05Jan2026 07:29:20.104] [Server thread/WARN] [net.minecraft.server.level.ServerPlayerGameMode/]: Mismatch in destroy block pos: BlockPos{x=-122, y=77, z=2} BlockPos{x=-122, y=77, z=1}
[05Jan2026 07:29:20.803] [Server thread/WARN] [net.minecraft.server.level.ServerPlayerGameMode/]: Mismatch in destroy block pos: BlockPos{x=-122, y=77, z=3} BlockPos{x=-122, y=77, z=2}
[05Jan2026 07:29:20.864] [Server thread/WARN] [net.minecraft.server.level.ServerPlayerGameMode/]: Mismatch in destroy block pos: BlockPos{x=-122, y=77, z=3} BlockPos{x=-122, y=77, z=2}
[05Jan2026 07:29:20.902] [Server thread/WARN] [net.minecraft.server.level.ServerPlayerGameMode/]: Mismatch in destroy block pos: BlockPos{x=-122, y=77, z=3} BlockPos{x=-122, y=77, z=2}
[05Jan2026 07:29:21.562] [Server thread/WARN] [net.minecraft.server.level.ServerPlayerGameMode/]: Mismatch in destroy block pos: BlockPos{x=-122, y=77, z=4} BlockPos{x=-122, y=77, z=3}
[05Jan2026 07:29:21.604] [Server thread/WARN] [net.minecraft.server.level.ServerPlayerGameMode/]: Mismatch in destroy block pos: BlockPos{x=-122, y=77, z=4} BlockPos{x=-122, y=77, z=3}
[05Jan2026 07:29:21.657] [Server thread/WARN] [net.minecraft.server.level.ServerPlayerGameMode/]: Mismatch in destroy block pos: BlockPos{x=-122, y=77, z=4} BlockPos{x=-122, y=77, z=3}
[05Jan2026 07:29:22.218] [Server thread/WARN] [net.minecraft.server.level.ServerPlayerGameMode/]: Mismatch in destroy block pos: BlockPos{x=-121, y=77, z=4} BlockPos{x=-122, y=77, z=4}
[05Jan2026 07:29:22.270] [Server thread/WARN] [net.minecraft.server.level.ServerPlayerGameMode/]: Mismatch in destroy block pos: BlockPos{x=-121, y=77, z=4} BlockPos{x=-122, y=77, z=4}
[05Jan2026 07:29:22.304] [Server thread/WARN] [net.minecraft.server.level.ServerPlayerGameMode/]: Mismatch in destroy block pos: BlockPos{x=-121, y=77, z=4} BlockPos{x=-122, y=77, z=4}
[05Jan2026 07:29:23.104] [Server thread/WARN] [net.minecraft.server.level.ServerPlayerGameMode/]: Mismatch in destroy block pos: BlockPos{x=-120, y=77, z=4} BlockPos{x=-121, y=77, z=4}
[05Jan2026 07:29:23.161] [Server thread/WARN] [net.minecraft.server.level.ServerPlayerGameMode/]: Mismatch in destroy block pos: BlockPos{x=-120, y=77, z=4} BlockPos{x=-121, y=77, z=4}
[05Jan2026 07:29:23.203] [Server thread/WARN] [net.minecraft.server.level.ServerPlayerGameMode/]: Mismatch in destroy block pos: BlockPos{x=-120, y=77, z=4} BlockPos{x=-121, y=77, z=4}
[05Jan2026 07:29:23.908] [Server thread/WARN] [net.minecraft.server.level.ServerPlayerGameMode/]: Mismatch in destroy block pos: BlockPos{x=-119, y=77, z=4} BlockPos{x=-120, y=77, z=4}
[05Jan2026 07:29:23.958] [Server thread/WARN] [net.minecraft.server.level.ServerPlayerGameMode/]: Mismatch in destroy block pos: BlockPos{x=-119, y=77, z=4} BlockPos{x=-120, y=77, z=4}
[05Jan2026 07:29:24.017] [Server thread/WARN] [net.minecraft.server.level.ServerPlayerGameMode/]: Mismatch in destroy block pos: BlockPos{x=-119, y=77, z=4} BlockPos{x=-120, y=77, z=4}
[05Jan2026 07:29:24.565] [Server thread/WARN] [net.minecraft.server.level.ServerPlayerGameMode/]: Mismatch in destroy block pos: BlockPos{x=-118, y=77, z=4} BlockPos{x=-119, y=77, z=4}
[05Jan2026 07:29:24.632] [Server thread/WARN] [net.minecraft.server.level.ServerPlayerGameMode/]: Mismatch in destroy block pos: BlockPos{x=-118, y=77, z=4} BlockPos{x=-119, y=77, z=4}
[05Jan2026 07:29:24.673] [Server thread/WARN] [net.minecraft.server.level.ServerPlayerGameMode/]: Mismatch in destroy block pos: BlockPos{x=-118, y=77, z=4} BlockPos{x=-119, y=77, z=4}
[05Jan2026 07:29:24.709] [Server thread/WARN] [net.minecraft.server.level.ServerPlayerGameMode/]: Mismatch in destroy block pos: BlockPos{x=-118, y=77, z=4} BlockPos{x=-119, y=77, z=4}
[05Jan2026 07:29:25.257] [Server thread/WARN] [net.minecraft.server.level.ServerPlayerGameMode/]: Mismatch in destroy block pos: BlockPos{x=-118, y=77, z=3} BlockPos{x=-118, y=77, z=4}
[05Jan2026 07:29:25.309] [Server thread/WARN] [net.minecraft.server.level.ServerPlayerGameMode/]: Mismatch in destroy block pos: BlockPos{x=-118, y=77, z=3} BlockPos{x=-118, y=77, z=4}
[05Jan2026 07:29:25.360] [Server thread/WARN] [net.minecraft.server.level.ServerPlayerGameMode/]: Mismatch in destroy block pos: BlockPos{x=-118, y=77, z=3} BlockPos{x=-118, y=77, z=4}
[05Jan2026 07:29:28.823] [Server thread/WARN] [net.minecraft.server.level.ServerPlayerGameMode/]: Mismatch in destroy block pos: BlockPos{x=-119, y=76, z=2} BlockPos{x=-120, y=77, z=2}
[05Jan2026 07:29:28.875] [Server thread/WARN] [net.minecraft.server.level.ServerPlayerGameMode/]: Mismatch in destroy block pos: BlockPos{x=-119, y=76, z=2} BlockPos{x=-120, y=77, z=2}
[05Jan2026 07:29:28.917] [Server thread/WARN] [net.minecraft.server.level.ServerPlayerGameMode/]: Mismatch in destroy block pos: BlockPos{x=-119, y=76, z=2} BlockPos{x=-120, y=77, z=2}
[05Jan2026 07:29:29.561] [Server thread/WARN] [net.minecraft.server.level.ServerPlayerGameMode/]: Mismatch in destroy block pos: BlockPos{x=-119, y=76, z=3} BlockPos{x=-119, y=76, z=2}
[05Jan2026 07:29:29.622] [Server thread/WARN] [net.minecraft.server.level.ServerPlayerGameMode/]: Mismatch in destroy block pos: BlockPos{x=-119, y=76, z=3} BlockPos{x=-119, y=76, z=2}
[05Jan2026 07:29:29.673] [Server thread/WARN] [net.minecraft.server.level.ServerPlayerGameMode/]: Mismatch in destroy block pos: BlockPos{x=-119, y=76, z=3} BlockPos{x=-119, y=76, z=2}
[05Jan2026 07:29:30.303] [Server thread/WARN] [net.minecraft.server.level.ServerPlayerGameMode/]: Mismatch in destroy block pos: BlockPos{x=-120, y=76, z=3} BlockPos{x=-119, y=76, z=3}
[05Jan2026 07:29:30.353] [Server thread/WARN] [net.minecraft.server.level.ServerPlayerGameMode/]: Mismatch in destroy block pos: BlockPos{x=-120, y=76, z=3} BlockPos{x=-119, y=76, z=3}
[05Jan2026 07:29:30.405] [Server thread/WARN] [net.minecraft.server.level.ServerPlayerGameMode/]: Mismatch in destroy block pos: BlockPos{x=-120, y=76, z=3} BlockPos{x=-119, y=76, z=3}
[05Jan2026 07:29:31.150] [Server thread/WARN] [net.minecraft.server.level.ServerPlayerGameMode/]: Mismatch in destroy block pos: BlockPos{x=-121, y=76, z=3} BlockPos{x=-120, y=76, z=3}
[05Jan2026 07:29:31.200] [Server thread/WARN] [net.minecraft.server.level.ServerPlayerGameMode/]: Mismatch in destroy block pos: BlockPos{x=-121, y=76, z=3} BlockPos{x=-120, y=76, z=3}
[05Jan2026 07:29:31.251] [Server thread/WARN] [net.minecraft.server.level.ServerPlayerGameMode/]: Mismatch in destroy block pos: BlockPos{x=-121, y=76, z=3} BlockPos{x=-120, y=76, z=3}
[05Jan2026 07:29:31.900] [Server thread/WARN] [net.minecraft.server.level.ServerPlayerGameMode/]: Mismatch in destroy block pos: BlockPos{x=-121, y=76, z=2} BlockPos{x=-121, y=76, z=3}
[05Jan2026 07:29:31.954] [Server thread/WARN] [net.minecraft.server.level.ServerPlayerGameMode/]: Mismatch in destroy block pos: BlockPos{x=-121, y=76, z=2} BlockPos{x=-121, y=76, z=3}
[05Jan2026 07:29:31.999] [Server thread/WARN] [net.minecraft.server.level.ServerPlayerGameMode/]: Mismatch in destroy block pos: BlockPos{x=-121, y=76, z=2} BlockPos{x=-121, y=76, z=3}
[05Jan2026 07:29:33.002] [Server thread/WARN] [net.minecraft.server.level.ServerPlayerGameMode/]: Mismatch in destroy block pos: BlockPos{x=-121, y=76, z=1} BlockPos{x=-121, y=76, z=2}
[05Jan2026 07:29:33.050] [Server thread/WARN] [net.minecraft.server.level.ServerPlayerGameMode/]: Mismatch in destroy block pos: BlockPos{x=-121, y=76, z=1} BlockPos{x=-121, y=76, z=2}
[05Jan2026 07:29:33.101] [Server thread/WARN] [net.minecraft.server.level.ServerPlayerGameMode/]: Mismatch in destroy block pos: BlockPos{x=-121, y=76, z=1} BlockPos{x=-121, y=76, z=2}
[05Jan2026 07:29:33.949] [Server thread/WARN] [net.minecraft.server.level.ServerPlayerGameMode/]: Mismatch in destroy block pos: BlockPos{x=-120, y=76, z=1} BlockPos{x=-120, y=77, z=2}
[05Jan2026 07:29:34.003] [Server thread/WARN] [net.minecraft.server.level.ServerPlayerGameMode/]: Mismatch in destroy block pos: BlockPos{x=-120, y=76, z=1} BlockPos{x=-120, y=77, z=2}
[05Jan2026 07:29:34.056] [Server thread/WARN] [net.minecraft.server.level.ServerPlayerGameMode/]: Mismatch in destroy block pos: BlockPos{x=-120, y=76, z=1} BlockPos{x=-120, y=77, z=2}
[05Jan2026 07:29:34.714] [Server thread/WARN] [net.minecraft.server.level.ServerPlayerGameMode/]: Mismatch in destroy block pos: BlockPos{x=-119, y=76, z=1} BlockPos{x=-120, y=76, z=1}
[05Jan2026 07:29:34.775] [Server thread/WARN] [net.minecraft.server.level.ServerPlayerGameMode/]: Mismatch in destroy block pos: BlockPos{x=-119, y=76, z=1} BlockPos{x=-120, y=76, z=1}
[05Jan2026 07:29:34.829] [Server thread/WARN] [net.minecraft.server.level.ServerPlayerGameMode/]: Mismatch in destroy block pos: BlockPos{x=-119, y=76, z=1} BlockPos{x=-120, y=76, z=1}
[05Jan2026 07:29:36.999] [Server thread/WARN] [net.minecraft.server.level.ServerPlayerGameMode/]: Mismatch in destroy block pos: BlockPos{x=-117, y=76, z=2} BlockPos{x=-118, y=76, z=2}
[05Jan2026 07:29:37.052] [Server thread/WARN] [net.minecraft.server.level.ServerPlayerGameMode/]: Mismatch in destroy block pos: BlockPos{x=-117, y=76, z=2} BlockPos{x=-118, y=76, z=2}
[05Jan2026 07:29:37.102] [Server thread/WARN] [net.minecraft.server.level.ServerPlayerGameMode/]: Mismatch in destroy block pos: BlockPos{x=-117, y=76, z=2} BlockPos{x=-118, y=76, z=2}
[05Jan2026 07:29:37.806] [Server thread/WARN] [net.minecraft.server.level.ServerPlayerGameMode/]: Mismatch in destroy block pos: BlockPos{x=-117, y=76, z=3} BlockPos{x=-117, y=76, z=2}
[05Jan2026 07:29:37.861] [Server thread/WARN] [net.minecraft.server.level.ServerPlayerGameMode/]: Mismatch in destroy block pos: BlockPos{x=-117, y=76, z=3} BlockPos{x=-117, y=76, z=2}
[05Jan2026 07:29:37.915] [Server thread/WARN] [net.minecraft.server.level.ServerPlayerGameMode/]: Mismatch in destroy block pos: BlockPos{x=-117, y=76, z=3} BlockPos{x=-117, y=76, z=2}
[05Jan2026 07:29:39.006] [Server thread/WARN] [net.minecraft.server.level.ServerPlayerGameMode/]: Mismatch in destroy block pos: BlockPos{x=-117, y=76, z=1} BlockPos{x=-117, y=76, z=2}
[05Jan2026 07:29:39.168] [Server thread/WARN] [net.minecraft.server.level.ServerPlayerGameMode/]: Mismatch in destroy block pos: BlockPos{x=-117, y=76, z=1} BlockPos{x=-117, y=76, z=2}
[05Jan2026 07:29:39.701] [Server thread/WARN] [net.minecraft.server.level.ServerPlayerGameMode/]: Mismatch in destroy block pos: BlockPos{x=-117, y=76, z=0} BlockPos{x=-117, y=76, z=1}
[05Jan2026 07:29:39.758] [Server thread/WARN] [net.minecraft.server.level.ServerPlayerGameMode/]: Mismatch in destroy block pos: BlockPos{x=-117, y=76, z=0} BlockPos{x=-117, y=76, z=1}
[05Jan2026 07:29:39.804] [Server thread/WARN] [net.minecraft.server.level.ServerPlayerGameMode/]: Mismatch in destroy block pos: BlockPos{x=-117, y=76, z=0} BlockPos{x=-117, y=76, z=1}
[05Jan2026 07:31:20.847] [Server thread/INFO] [net.minecraft.server.MinecraftServer/]: SVBVKPO has made the advancement [Sweet Dreams]
[05Jan2026 07:31:22.153] [Server thread/WARN] [net.minecraft.server.level.ServerPlayerGameMode/]: Mismatch in destroy block pos: BlockPos{x=-117, y=78, z=-13} BlockPos{x=-116, y=78, z=-13}
[05Jan2026 07:31:22.202] [Server thread/WARN] [net.minecraft.server.level.ServerPlayerGameMode/]: Mismatch in destroy block pos: BlockPos{x=-117, y=78, z=-13} BlockPos{x=-116, y=78, z=-13}
[05Jan2026 07:31:22.254] [Server thread/WARN] [net.minecraft.server.level.ServerPlayerGameMode/]: Mismatch in destroy block pos: BlockPos{x=-117, y=78, z=-13} BlockPos{x=-116, y=78, z=-13}
[05Jan2026 07:31:22.409] [Server thread/WARN] [net.minecraft.server.level.ServerPlayerGameMode/]: Mismatch in destroy block pos: BlockPos{x=-118, y=78, z=-13} BlockPos{x=-117, y=78, z=-13}
[05Jan2026 07:31:22.455] [Server thread/WARN] [net.minecraft.server.level.ServerPlayerGameMode/]: Mismatch in destroy block pos: BlockPos{x=-118, y=78, z=-13} BlockPos{x=-117, y=78, z=-13}
[05Jan2026 07:31:22.508] [Server thread/WARN] [net.minecraft.server.level.ServerPlayerGameMode/]: Mismatch in destroy block pos: BlockPos{x=-118, y=78, z=-13} BlockPos{x=-117, y=78, z=-13}
[05Jan2026 07:31:22.654] [Server thread/WARN] [net.minecraft.server.level.ServerPlayerGameMode/]: Mismatch in destroy block pos: BlockPos{x=-119, y=78, z=-13} BlockPos{x=-118, y=78, z=-13}
[05Jan2026 07:31:22.710] [Server thread/WARN] [net.minecraft.server.level.ServerPlayerGameMode/]: Mismatch in destroy block pos: BlockPos{x=-119, y=78, z=-13} BlockPos{x=-118, y=78, z=-13}
[05Jan2026 07:31:22.755] [Server thread/WARN] [net.minecraft.server.level.ServerPlayerGameMode/]: Mismatch in destroy block pos: BlockPos{x=-119, y=78, z=-13} BlockPos{x=-118, y=78, z=-13}
[05Jan2026 07:31:22.955] [Server thread/WARN] [net.minecraft.server.level.ServerPlayerGameMode/]: Mismatch in destroy block pos: BlockPos{x=-120, y=78, z=-13} BlockPos{x=-119, y=78, z=-13}
[05Jan2026 07:31:22.997] [Server thread/WARN] [net.minecraft.server.level.ServerPlayerGameMode/]: Mismatch in destroy block pos: BlockPos{x=-120, y=78, z=-13} BlockPos{x=-119, y=78, z=-13}
[05Jan2026 07:31:23.058] [Server thread/WARN] [net.minecraft.server.level.ServerPlayerGameMode/]: Mismatch in destroy block pos: BlockPos{x=-120, y=78, z=-13} BlockPos{x=-119, y=78, z=-13}
[05Jan2026 07:31:23.101] [Server thread/WARN] [net.minecraft.server.level.ServerPlayerGameMode/]: Mismatch in destroy block pos: BlockPos{x=-120, y=78, z=-13} BlockPos{x=-119, y=78, z=-13}
[05Jan2026 07:31:23.154] [Server thread/WARN] [net.minecraft.server.level.ServerPlayerGameMode/]: Mismatch in destroy block pos: BlockPos{x=-121, y=78, z=-13} BlockPos{x=-119, y=78, z=-13}
[05Jan2026 07:31:23.202] [Server thread/WARN] [net.minecraft.server.level.ServerPlayerGameMode/]: Mismatch in destroy block pos: BlockPos{x=-121, y=78, z=-13} BlockPos{x=-119, y=78, z=-13}
[05Jan2026 07:31:23.257] [Server thread/WARN] [net.minecraft.server.level.ServerPlayerGameMode/]: Mismatch in destroy block pos: BlockPos{x=-121, y=78, z=-13} BlockPos{x=-119, y=78, z=-13}
[05Jan2026 07:31:23.409] [Server thread/WARN] [net.minecraft.server.level.ServerPlayerGameMode/]: Mismatch in destroy block pos: BlockPos{x=-122, y=78, z=-13} BlockPos{x=-121, y=78, z=-13}
[05Jan2026 07:31:23.453] [Server thread/WARN] [net.minecraft.server.level.ServerPlayerGameMode/]: Mismatch in destroy block pos: BlockPos{x=-122, y=78, z=-13} BlockPos{x=-121, y=78, z=-13}
[05Jan2026 07:31:23.561] [Server thread/WARN] [net.minecraft.server.level.ServerPlayerGameMode/]: Mismatch in destroy block pos: BlockPos{x=-122, y=78, z=-13} BlockPos{x=-121, y=78, z=-13}
[05Jan2026 07:31:23.901] [Server thread/WARN] [net.minecraft.server.level.ServerPlayerGameMode/]: Mismatch in destroy block pos: BlockPos{x=-122, y=79, z=-13} BlockPos{x=-122, y=78, z=-13}
[05Jan2026 07:31:23.951] [Server thread/WARN] [net.minecraft.server.level.ServerPlayerGameMode/]: Mismatch in destroy block pos: BlockPos{x=-122, y=79, z=-13} BlockPos{x=-122, y=78, z=-13}
[05Jan2026 07:31:23.998] [Server thread/WARN] [net.minecraft.server.level.ServerPlayerGameMode/]: Mismatch in destroy block pos: BlockPos{x=-122, y=79, z=-13} BlockPos{x=-122, y=78, z=-13}
[05Jan2026 07:31:24.500] [Server thread/WARN] [net.minecraft.server.level.ServerPlayerGameMode/]: Mismatch in destroy block pos: BlockPos{x=-121, y=80, z=-13} BlockPos{x=-122, y=79, z=-13}
[05Jan2026 07:31:24.551] [Server thread/WARN] [net.minecraft.server.level.ServerPlayerGameMode/]: Mismatch in destroy block pos: BlockPos{x=-121, y=80, z=-13} BlockPos{x=-122, y=79, z=-13}
[05Jan2026 07:31:24.598] [Server thread/WARN] [net.minecraft.server.level.ServerPlayerGameMode/]: Mismatch in destroy block pos: BlockPos{x=-121, y=80, z=-13} BlockPos{x=-122, y=79, z=-13}
[05Jan2026 07:31:24.899] [Server thread/WARN] [net.minecraft.server.level.ServerPlayerGameMode/]: Mismatch in destroy block pos: BlockPos{x=-122, y=80, z=-13} BlockPos{x=-121, y=80, z=-13}
[05Jan2026 07:31:24.965] [Server thread/WARN] [net.minecraft.server.level.ServerPlayerGameMode/]: Mismatch in destroy block pos: BlockPos{x=-122, y=80, z=-13} BlockPos{x=-121, y=80, z=-13}
[05Jan2026 07:31:25.000] [Server thread/WARN] [net.minecraft.server.level.ServerPlayerGameMode/]: Mismatch in destroy block pos: BlockPos{x=-122, y=80, z=-13} BlockPos{x=-121, y=80, z=-13}
[05Jan2026 07:31:25.203] [Server thread/WARN] [net.minecraft.server.level.ServerPlayerGameMode/]: Mismatch in destroy block pos: BlockPos{x=-120, y=80, z=-13} BlockPos{x=-121, y=80, z=-13}
[05Jan2026 07:31:25.249] [Server thread/WARN] [net.minecraft.server.level.ServerPlayerGameMode/]: Mismatch in destroy block pos: BlockPos{x=-120, y=80, z=-13} BlockPos{x=-121, y=80, z=-13}
[05Jan2026 07:31:25.297] [Server thread/WARN] [net.minecraft.server.level.ServerPlayerGameMode/]: Mismatch in destroy block pos: BlockPos{x=-120, y=80, z=-13} BlockPos{x=-121, y=80, z=-13}
[05Jan2026 07:31:25.560] [Server thread/WARN] [net.minecraft.server.level.ServerPlayerGameMode/]: Mismatch in destroy block pos: BlockPos{x=-120, y=79, z=-13} BlockPos{x=-120, y=80, z=-13}
[05Jan2026 07:31:25.601] [Server thread/WARN] [net.minecraft.server.level.ServerPlayerGameMode/]: Mismatch in destroy block pos: BlockPos{x=-120, y=79, z=-13} BlockPos{x=-120, y=80, z=-13}
[05Jan2026 07:31:25.665] [Server thread/WARN] [net.minecraft.server.level.ServerPlayerGameMode/]: Mismatch in destroy block pos: BlockPos{x=-120, y=79, z=-13} BlockPos{x=-120, y=80, z=-13}
[05Jan2026 07:31:25.910] [Server thread/WARN] [net.minecraft.server.level.ServerPlayerGameMode/]: Mismatch in destroy block pos: BlockPos{x=-119, y=79, z=-13} BlockPos{x=-120, y=79, z=-13}
[05Jan2026 07:31:25.945] [Server thread/WARN] [net.minecraft.server.level.ServerPlayerGameMode/]: Mismatch in destroy block pos: BlockPos{x=-119, y=79, z=-13} BlockPos{x=-120, y=79, z=-13}
[05Jan2026 07:31:26.000] [Server thread/WARN] [net.minecraft.server.level.ServerPlayerGameMode/]: Mismatch in destroy block pos: BlockPos{x=-119, y=79, z=-13} BlockPos{x=-120, y=79, z=-13}
[05Jan2026 07:31:26.045] [Server thread/WARN] [net.minecraft.server.level.ServerPlayerGameMode/]: Mismatch in destroy block pos: BlockPos{x=-118, y=79, z=-13} BlockPos{x=-120, y=79, z=-13}
[05Jan2026 07:31:26.103] [Server thread/WARN] [net.minecraft.server.level.ServerPlayerGameMode/]: Mismatch in destroy block pos: BlockPos{x=-118, y=79, z=-13} BlockPos{x=-120, y=79, z=-13}
[05Jan2026 07:31:26.595] [Server thread/WARN] [net.minecraft.server.level.ServerPlayerGameMode/]: Mismatch in destroy block pos: BlockPos{x=-118, y=80, z=-13} BlockPos{x=-118, y=79, z=-13}
[05Jan2026 07:31:26.848] [Server thread/WARN] [net.minecraft.server.level.ServerPlayerGameMode/]: Mismatch in destroy block pos: BlockPos{x=-118, y=80, z=-13} BlockPos{x=-118, y=79, z=-13}
[05Jan2026 07:31:26.998] [Server thread/WARN] [net.minecraft.server.level.ServerPlayerGameMode/]: Mismatch in destroy block pos: BlockPos{x=-119, y=80, z=-13} BlockPos{x=-118, y=80, z=-13}
[05Jan2026 07:31:27.048] [Server thread/WARN] [net.minecraft.server.level.ServerPlayerGameMode/]: Mismatch in destroy block pos: BlockPos{x=-119, y=80, z=-13} BlockPos{x=-118, y=80, z=-13}
[05Jan2026 07:31:27.099] [Server thread/WARN] [net.minecraft.server.level.ServerPlayerGameMode/]: Mismatch in destroy block pos: BlockPos{x=-119, y=80, z=-13} BlockPos{x=-118, y=80, z=-13}
[05Jan2026 07:31:27.398] [Server thread/WARN] [net.minecraft.server.level.ServerPlayerGameMode/]: Mismatch in destroy block pos: BlockPos{x=-116, y=80, z=-13} BlockPos{x=-118, y=80, z=-13}
[05Jan2026 07:31:27.448] [Server thread/WARN] [net.minecraft.server.level.ServerPlayerGameMode/]: Mismatch in destroy block pos: BlockPos{x=-116, y=80, z=-13} BlockPos{x=-118, y=80, z=-13}
[05Jan2026 07:31:27.496] [Server thread/WARN] [net.minecraft.server.level.ServerPlayerGameMode/]: Mismatch in destroy block pos: BlockPos{x=-116, y=79, z=-13} BlockPos{x=-118, y=80, z=-13}
[05Jan2026 07:31:27.548] [Server thread/WARN] [net.minecraft.server.level.ServerPlayerGameMode/]: Mismatch in destroy block pos: BlockPos{x=-116, y=79, z=-13} BlockPos{x=-118, y=80, z=-13}
[05Jan2026 07:31:27.604] [Server thread/WARN] [net.minecraft.server.level.ServerPlayerGameMode/]: Mismatch in destroy block pos: BlockPos{x=-116, y=79, z=-13} BlockPos{x=-118, y=80, z=-13}
[05Jan2026 07:31:28.699] [Server thread/WARN] [net.minecraft.server.level.ServerPlayerGameMode/]: Mismatch in destroy block pos: BlockPos{x=-115, y=79, z=-13} BlockPos{x=-116, y=79, z=-13}
[05Jan2026 07:31:28.746] [Server thread/WARN] [net.minecraft.server.level.ServerPlayerGameMode/]: Mismatch in destroy block pos: BlockPos{x=-115, y=79, z=-13} BlockPos{x=-116, y=79, z=-13}
[05Jan2026 07:31:28.799] [Server thread/WARN] [net.minecraft.server.level.ServerPlayerGameMode/]: Mismatch in destroy block pos: BlockPos{x=-115, y=79, z=-13} BlockPos{x=-116, y=79, z=-13}
[05Jan2026 07:31:29.000] [Server thread/WARN] [net.minecraft.server.level.ServerPlayerGameMode/]: Mismatch in destroy block pos: BlockPos{x=-114, y=79, z=-13} BlockPos{x=-115, y=79, z=-13}
[05Jan2026 07:31:29.050] [Server thread/WARN] [net.minecraft.server.level.ServerPlayerGameMode/]: Mismatch in destroy block pos: BlockPos{x=-114, y=79, z=-13} BlockPos{x=-115, y=79, z=-13}
[05Jan2026 07:31:29.105] [Server thread/WARN] [net.minecraft.server.level.ServerPlayerGameMode/]: Mismatch in destroy block pos: BlockPos{x=-114, y=79, z=-13} BlockPos{x=-115, y=79, z=-13}
[05Jan2026 07:31:29.355] [Server thread/WARN] [net.minecraft.server.level.ServerPlayerGameMode/]: Mismatch in destroy block pos: BlockPos{x=-114, y=78, z=-13} BlockPos{x=-114, y=79, z=-13}
[05Jan2026 07:31:29.403] [Server thread/WARN] [net.minecraft.server.level.ServerPlayerGameMode/]: Mismatch in destroy block pos: BlockPos{x=-114, y=78, z=-13} BlockPos{x=-114, y=79, z=-13}
[05Jan2026 07:31:29.451] [Server thread/WARN] [net.minecraft.server.level.ServerPlayerGameMode/]: Mismatch in destroy block pos: BlockPos{x=-114, y=78, z=-13} BlockPos{x=-114, y=79, z=-13}
[05Jan2026 07:31:30.196] [Server thread/WARN] [net.minecraft.server.level.ServerPlayerGameMode/]: Mismatch in destroy block pos: BlockPos{x=-115, y=80, z=-13} BlockPos{x=-114, y=79, z=-13}
[05Jan2026 07:31:30.247] [Server thread/WARN] [net.minecraft.server.level.ServerPlayerGameMode/]: Mismatch in destroy block pos: BlockPos{x=-115, y=80, z=-13} BlockPos{x=-114, y=79, z=-13}
[05Jan2026 07:31:30.297] [Server thread/WARN] [net.minecraft.server.level.ServerPlayerGameMode/]: Mismatch in destroy block pos: BlockPos{x=-115, y=80, z=-13} BlockPos{x=-114, y=79, z=-13}
[05Jan2026 07:31:30.650] [Server thread/WARN] [net.minecraft.server.level.ServerPlayerGameMode/]: Mismatch in destroy block pos: BlockPos{x=-113, y=80, z=-13} BlockPos{x=-114, y=80, z=-13}
[05Jan2026 07:31:30.696] [Server thread/WARN] [net.minecraft.server.level.ServerPlayerGameMode/]: Mismatch in destroy block pos: BlockPos{x=-113, y=80, z=-13} BlockPos{x=-114, y=80, z=-13}
[05Jan2026 07:31:30.744] [Server thread/WARN] [net.minecraft.server.level.ServerPlayerGameMode/]: Mismatch in destroy block pos: BlockPos{x=-113, y=80, z=-13} BlockPos{x=-114, y=80, z=-13}
[05Jan2026 07:31:30.900] [Server thread/WARN] [net.minecraft.server.level.ServerPlayerGameMode/]: Mismatch in destroy block pos: BlockPos{x=-113, y=79, z=-13} BlockPos{x=-113, y=80, z=-13}
[05Jan2026 07:31:30.954] [Server thread/WARN] [net.minecraft.server.level.ServerPlayerGameMode/]: Mismatch in destroy block pos: BlockPos{x=-113, y=79, z=-13} BlockPos{x=-113, y=80, z=-13}
[05Jan2026 07:31:31.005] [Server thread/WARN] [net.minecraft.server.level.ServerPlayerGameMode/]: Mismatch in destroy block pos: BlockPos{x=-113, y=79, z=-13} BlockPos{x=-113, y=80, z=-13}
[05Jan2026 07:31:31.068] [Server thread/WARN] [net.minecraft.server.level.ServerPlayerGameMode/]: Mismatch in destroy block pos: BlockPos{x=-113, y=78, z=-13} BlockPos{x=-113, y=80, z=-13}
[05Jan2026 07:31:31.104] [Server thread/WARN] [net.minecraft.server.level.ServerPlayerGameMode/]: Mismatch in destroy block pos: BlockPos{x=-113, y=78, z=-13} BlockPos{x=-113, y=80, z=-13}
[05Jan2026 07:31:31.154] [Server thread/WARN] [net.minecraft.server.level.ServerPlayerGameMode/]: Mismatch in destroy block pos: BlockPos{x=-113, y=78, z=-13} BlockPos{x=-113, y=80, z=-13}
[05Jan2026 07:31:31.455] [Server thread/WARN] [net.minecraft.server.level.ServerPlayerGameMode/]: Mismatch in destroy block pos: BlockPos{x=-112, y=78, z=-13} BlockPos{x=-113, y=78, z=-13}
[05Jan2026 07:31:31.500] [Server thread/WARN] [net.minecraft.server.level.ServerPlayerGameMode/]: Mismatch in destroy block pos: BlockPos{x=-112, y=78, z=-13} BlockPos{x=-113, y=78, z=-13}
[05Jan2026 07:31:31.565] [Server thread/WARN] [net.minecraft.server.level.ServerPlayerGameMode/]: Mismatch in destroy block pos: BlockPos{x=-112, y=78, z=-13} BlockPos{x=-113, y=78, z=-13}
[05Jan2026 07:31:31.603] [Server thread/WARN] [net.minecraft.server.level.ServerPlayerGameMode/]: Mismatch in destroy block pos: BlockPos{x=-112, y=78, z=-13} BlockPos{x=-113, y=78, z=-13}
[05Jan2026 07:31:31.655] [Server thread/WARN] [net.minecraft.server.level.ServerPlayerGameMode/]: Mismatch in destroy block pos: BlockPos{x=-111, y=78, z=-13} BlockPos{x=-113, y=78, z=-13}
[05Jan2026 07:31:31.705] [Server thread/WARN] [net.minecraft.server.level.ServerPlayerGameMode/]: Mismatch in destroy block pos: BlockPos{x=-111, y=78, z=-13} BlockPos{x=-113, y=78, z=-13}
[05Jan2026 07:31:31.752] [Server thread/WARN] [net.minecraft.server.level.ServerPlayerGameMode/]: Mismatch in destroy block pos: BlockPos{x=-111, y=78, z=-13} BlockPos{x=-113, y=78, z=-13}
[05Jan2026 07:31:32.105] [Server thread/WARN] [net.minecraft.server.level.ServerPlayerGameMode/]: Mismatch in destroy block pos: BlockPos{x=-110, y=78, z=-13} BlockPos{x=-111, y=78, z=-13}
[05Jan2026 07:31:32.153] [Server thread/WARN] [net.minecraft.server.level.ServerPlayerGameMode/]: Mismatch in destroy block pos: BlockPos{x=-110, y=78, z=-13} BlockPos{x=-111, y=78, z=-13}
[05Jan2026 07:31:32.203] [Server thread/WARN] [net.minecraft.server.level.ServerPlayerGameMode/]: Mismatch in destroy block pos: BlockPos{x=-110, y=78, z=-13} BlockPos{x=-111, y=78, z=-13}
[05Jan2026 07:31:32.654] [Server thread/WARN] [net.minecraft.server.level.ServerPlayerGameMode/]: Mismatch in destroy block pos: BlockPos{x=-109, y=78, z=-13} BlockPos{x=-110, y=78, z=-13}
[05Jan2026 07:31:32.698] [Server thread/WARN] [net.minecraft.server.level.ServerPlayerGameMode/]: Mismatch in destroy block pos: BlockPos{x=-109, y=78, z=-13} BlockPos{x=-110, y=78, z=-13}
[05Jan2026 07:31:32.758] [Server thread/WARN] [net.minecraft.server.level.ServerPlayerGameMode/]: Mismatch in destroy block pos: BlockPos{x=-109, y=78, z=-13} BlockPos{x=-110, y=78, z=-13}
[05Jan2026 07:31:32.802] [Server thread/WARN] [net.minecraft.server.level.ServerPlayerGameMode/]: Mismatch in destroy block pos: BlockPos{x=-109, y=78, z=-13} BlockPos{x=-110, y=78, z=-13}
[05Jan2026 07:31:32.852] [Server thread/WARN] [net.minecraft.server.level.ServerPlayerGameMode/]: Mismatch in destroy block pos: BlockPos{x=-108, y=78, z=-13} BlockPos{x=-110, y=78, z=-13}
[05Jan2026 07:31:32.908] [Server thread/WARN] [net.minecraft.server.level.ServerPlayerGameMode/]: Mismatch in destroy block pos: BlockPos{x=-108, y=78, z=-13} BlockPos{x=-110, y=78, z=-13}
[05Jan2026 07:31:32.953] [Server thread/WARN] [net.minecraft.server.level.ServerPlayerGameMode/]: Mismatch in destroy block pos: BlockPos{x=-108, y=78, z=-13} BlockPos{x=-110, y=78, z=-13}
[05Jan2026 07:31:33.204] [Server thread/WARN] [net.minecraft.server.level.ServerPlayerGameMode/]: Mismatch in destroy block pos: BlockPos{x=-108, y=79, z=-13} BlockPos{x=-108, y=78, z=-13}
[05Jan2026 07:31:33.258] [Server thread/WARN] [net.minecraft.server.level.ServerPlayerGameMode/]: Mismatch in destroy block pos: BlockPos{x=-108, y=79, z=-13} BlockPos{x=-108, y=78, z=-13}
[05Jan2026 07:31:33.300] [Server thread/WARN] [net.minecraft.server.level.ServerPlayerGameMode/]: Mismatch in destroy block pos: BlockPos{x=-108, y=79, z=-13} BlockPos{x=-108, y=78, z=-13}
[05Jan2026 07:31:33.555] [Server thread/WARN] [net.minecraft.server.level.ServerPlayerGameMode/]: Mismatch in destroy block pos: BlockPos{x=-108, y=80, z=-13} BlockPos{x=-108, y=79, z=-13}
[05Jan2026 07:31:33.601] [Server thread/WARN] [net.minecraft.server.level.ServerPlayerGameMode/]: Mismatch in destroy block pos: BlockPos{x=-108, y=80, z=-13} BlockPos{x=-108, y=79, z=-13}
[05Jan2026 07:31:33.654] [Server thread/WARN] [net.minecraft.server.level.ServerPlayerGameMode/]: Mismatch in destroy block pos: BlockPos{x=-109, y=80, z=-13} BlockPos{x=-108, y=79, z=-13}
[05Jan2026 07:31:33.698] [Server thread/WARN] [net.minecraft.server.level.ServerPlayerGameMode/]: Mismatch in destroy block pos: BlockPos{x=-109, y=80, z=-13} BlockPos{x=-108, y=79, z=-13}
[05Jan2026 07:31:33.760] [Server thread/WARN] [net.minecraft.server.level.ServerPlayerGameMode/]: Mismatch in destroy block pos: BlockPos{x=-109, y=80, z=-13} BlockPos{x=-108, y=79, z=-13}
[05Jan2026 07:31:33.908] [Server thread/WARN] [net.minecraft.server.level.ServerPlayerGameMode/]: Mismatch in destroy block pos: BlockPos{x=-110, y=80, z=-13} BlockPos{x=-109, y=80, z=-13}
[05Jan2026 07:31:33.950] [Server thread/WARN] [net.minecraft.server.level.ServerPlayerGameMode/]: Mismatch in destroy block pos: BlockPos{x=-110, y=80, z=-13} BlockPos{x=-109, y=80, z=-13}
[05Jan2026 07:31:34.002] [Server thread/WARN] [net.minecraft.server.level.ServerPlayerGameMode/]: Mismatch in destroy block pos: BlockPos{x=-110, y=80, z=-13} BlockPos{x=-109, y=80, z=-13}
[05Jan2026 07:31:34.056] [Server thread/WARN] [net.minecraft.server.level.ServerPlayerGameMode/]: Mismatch in destroy block pos: BlockPos{x=-110, y=80, z=-13} BlockPos{x=-109, y=80, z=-13}
[05Jan2026 07:31:34.119] [Server thread/WARN] [net.minecraft.server.level.ServerPlayerGameMode/]: Mismatch in destroy block pos: BlockPos{x=-111, y=80, z=-13} BlockPos{x=-109, y=80, z=-13}
[05Jan2026 07:31:34.170] [Server thread/WARN] [net.minecraft.server.level.ServerPlayerGameMode/]: Mismatch in destroy block pos: BlockPos{x=-111, y=80, z=-13} BlockPos{x=-109, y=80, z=-13}
[05Jan2026 07:31:34.248] [Server thread/WARN] [net.minecraft.server.level.ServerPlayerGameMode/]: Mismatch in destroy block pos: BlockPos{x=-111, y=80, z=-13} BlockPos{x=-109, y=80, z=-13}
[05Jan2026 07:31:34.301] [Server thread/WARN] [net.minecraft.server.level.ServerPlayerGameMode/]: Mismatch in destroy block pos: BlockPos{x=-112, y=80, z=-13} BlockPos{x=-109, y=80, z=-13}
[05Jan2026 07:31:34.355] [Server thread/WARN] [net.minecraft.server.level.ServerPlayerGameMode/]: Mismatch in destroy block pos: BlockPos{x=-112, y=80, z=-13} BlockPos{x=-109, y=80, z=-13}
[05Jan2026 07:31:34.399] [Server thread/WARN] [net.minecraft.server.level.ServerPlayerGameMode/]: Mismatch in destroy block pos: BlockPos{x=-112, y=80, z=-13} BlockPos{x=-109, y=80, z=-13}
[05Jan2026 07:31:34.653] [Server thread/WARN] [net.minecraft.server.level.ServerPlayerGameMode/]: Mismatch in destroy block pos: BlockPos{x=-112, y=79, z=-13} BlockPos{x=-113, y=80, z=-13}
[05Jan2026 07:31:34.742] [Server thread/WARN] [net.minecraft.server.level.ServerPlayerGameMode/]: Mismatch in destroy block pos: BlockPos{x=-112, y=79, z=-13} BlockPos{x=-113, y=80, z=-13}
[05Jan2026 07:31:34.743] [Server thread/WARN] [net.minecraft.server.level.ServerPlayerGameMode/]: Mismatch in destroy block pos: BlockPos{x=-112, y=79, z=-13} BlockPos{x=-113, y=80, z=-13}
[05Jan2026 07:31:34.775] [Server thread/WARN] [net.minecraft.server.level.ServerPlayerGameMode/]: Mismatch in destroy block pos: BlockPos{x=-112, y=79, z=-13} BlockPos{x=-113, y=80, z=-13}
[05Jan2026 07:31:34.901] [Server thread/WARN] [net.minecraft.server.level.ServerPlayerGameMode/]: Mismatch in destroy block pos: BlockPos{x=-111, y=79, z=-13} BlockPos{x=-112, y=79, z=-13}
[05Jan2026 07:31:34.955] [Server thread/WARN] [net.minecraft.server.level.ServerPlayerGameMode/]: Mismatch in destroy block pos: BlockPos{x=-111, y=79, z=-13} BlockPos{x=-112, y=79, z=-13}
[05Jan2026 07:31:35.005] [Server thread/WARN] [net.minecraft.server.level.ServerPlayerGameMode/]: Mismatch in destroy block pos: BlockPos{x=-111, y=79, z=-13} BlockPos{x=-112, y=79, z=-13}
[05Jan2026 07:31:35.052] [Server thread/WARN] [net.minecraft.server.level.ServerPlayerGameMode/]: Mismatch in destroy block pos: BlockPos{x=-110, y=79, z=-13} BlockPos{x=-112, y=79, z=-13}
[05Jan2026 07:31:35.100] [Server thread/WARN] [net.minecraft.server.level.ServerPlayerGameMode/]: Mismatch in destroy block pos: BlockPos{x=-110, y=79, z=-13} BlockPos{x=-112, y=79, z=-13}
[05Jan2026 07:31:35.155] [Server thread/WARN] [net.minecraft.server.level.ServerPlayerGameMode/]: Mismatch in destroy block pos: BlockPos{x=-110, y=79, z=-13} BlockPos{x=-112, y=79, z=-13}
[05Jan2026 07:31:35.454] [Server thread/WARN] [net.minecraft.server.level.ServerPlayerGameMode/]: Mismatch in destroy block pos: BlockPos{x=-109, y=79, z=-13} BlockPos{x=-110, y=79, z=-13}
[05Jan2026 07:31:35.500] [Server thread/WARN] [net.minecraft.server.level.ServerPlayerGameMode/]: Mismatch in destroy block pos: BlockPos{x=-109, y=79, z=-13} BlockPos{x=-110, y=79, z=-13}
[05Jan2026 07:31:35.552] [Server thread/WARN] [net.minecraft.server.level.ServerPlayerGameMode/]: Mismatch in destroy block pos: BlockPos{x=-109, y=79, z=-13} BlockPos{x=-110, y=79, z=-13}
[05Jan2026 07:31:41.112] [Server thread/WARN] [net.minecraft.server.level.ServerPlayerGameMode/]: Mismatch in destroy block pos: BlockPos{x=-110, y=77, z=-13} BlockPos{x=-110, y=78, z=-13}
[05Jan2026 07:31:41.160] [Server thread/WARN] [net.minecraft.server.level.ServerPlayerGameMode/]: Mismatch in destroy block pos: BlockPos{x=-110, y=77, z=-13} BlockPos{x=-110, y=78, z=-13}
[05Jan2026 07:31:41.213] [Server thread/WARN] [net.minecraft.server.level.ServerPlayerGameMode/]: Mismatch in destroy block pos: BlockPos{x=-110, y=77, z=-13} BlockPos{x=-110, y=78, z=-13}
[05Jan2026 07:31:41.667] [Server thread/WARN] [net.minecraft.server.level.ServerPlayerGameMode/]: Mismatch in destroy block pos: BlockPos{x=-111, y=77, z=-13} BlockPos{x=-110, y=77, z=-13}
[05Jan2026 07:31:41.706] [Server thread/WARN] [net.minecraft.server.level.ServerPlayerGameMode/]: Mismatch in destroy block pos: BlockPos{x=-111, y=77, z=-13} BlockPos{x=-110, y=77, z=-13}
[05Jan2026 07:31:41.758] [Server thread/WARN] [net.minecraft.server.level.ServerPlayerGameMode/]: Mismatch in destroy block pos: BlockPos{x=-111, y=77, z=-13} BlockPos{x=-110, y=77, z=-13}
[05Jan2026 07:31:42.410] [Server thread/WARN] [net.minecraft.server.level.ServerPlayerGameMode/]: Mismatch in destroy block pos: BlockPos{x=-112, y=77, z=-13} BlockPos{x=-111, y=77, z=-13}
[05Jan2026 07:31:42.496] [Server thread/WARN] [net.minecraft.server.level.ServerPlayerGameMode/]: Mismatch in destroy block pos: BlockPos{x=-112, y=77, z=-13} BlockPos{x=-111, y=77, z=-13}
[05Jan2026 07:31:42.514] [Server thread/WARN] [net.minecraft.server.level.ServerPlayerGameMode/]: Mismatch in destroy block pos: BlockPos{x=-112, y=77, z=-13} BlockPos{x=-111, y=77, z=-13}
[05Jan2026 07:31:43.120] [Server thread/WARN] [net.minecraft.server.level.ServerPlayerGameMode/]: Mismatch in destroy block pos: BlockPos{x=-113, y=77, z=-13} BlockPos{x=-112, y=77, z=-13}
[05Jan2026 07:31:43.162] [Server thread/WARN] [net.minecraft.server.level.ServerPlayerGameMode/]: Mismatch in destroy block pos: BlockPos{x=-113, y=77, z=-13} BlockPos{x=-112, y=77, z=-13}
[05Jan2026 07:31:43.210] [Server thread/WARN] [net.minecraft.server.level.ServerPlayerGameMode/]: Mismatch in destroy block pos: BlockPos{x=-113, y=77, z=-13} BlockPos{x=-112, y=77, z=-13}
[05Jan2026 07:31:43.737] [Server thread/WARN] [net.minecraft.server.level.ServerPlayerGameMode/]: Mismatch in destroy block pos: BlockPos{x=-114, y=77, z=-13} BlockPos{x=-113, y=77, z=-13}
[05Jan2026 07:31:43.769] [Server thread/WARN] [net.minecraft.server.level.ServerPlayerGameMode/]: Mismatch in destroy block pos: BlockPos{x=-114, y=77, z=-13} BlockPos{x=-113, y=77, z=-13}
[05Jan2026 07:31:43.810] [Server thread/WARN] [net.minecraft.server.level.ServerPlayerGameMode/]: Mismatch in destroy block pos: BlockPos{x=-114, y=77, z=-13} BlockPos{x=-113, y=77, z=-13}
[05Jan2026 07:31:45.410] [Server thread/WARN] [net.minecraft.server.level.ServerPlayerGameMode/]: Mismatch in destroy block pos: BlockPos{x=-116, y=77, z=-13} BlockPos{x=-115, y=77, z=-13}
[05Jan2026 07:31:45.456] [Server thread/WARN] [net.minecraft.server.level.ServerPlayerGameMode/]: Mismatch in destroy block pos: BlockPos{x=-116, y=77, z=-13} BlockPos{x=-115, y=77, z=-13}
[05Jan2026 07:31:45.513] [Server thread/WARN] [net.minecraft.server.level.ServerPlayerGameMode/]: Mismatch in destroy block pos: BlockPos{x=-116, y=77, z=-13} BlockPos{x=-115, y=77, z=-13}
[05Jan2026 07:31:45.710] [Server thread/WARN] [net.minecraft.server.level.ServerPlayerGameMode/]: Mismatch in destroy block pos: BlockPos{x=-117, y=77, z=-13} BlockPos{x=-116, y=77, z=-13}
[05Jan2026 07:31:45.758] [Server thread/WARN] [net.minecraft.server.level.ServerPlayerGameMode/]: Mismatch in destroy block pos: BlockPos{x=-117, y=77, z=-13} BlockPos{x=-116, y=77, z=-13}
[05Jan2026 07:31:45.810] [Server thread/WARN] [net.minecraft.server.level.ServerPlayerGameMode/]: Mismatch in destroy block pos: BlockPos{x=-117, y=77, z=-13} BlockPos{x=-116, y=77, z=-13}
[05Jan2026 07:31:46.719] [Server thread/WARN] [net.minecraft.server.level.ServerPlayerGameMode/]: Mismatch in destroy block pos: BlockPos{x=-118, y=77, z=-13} BlockPos{x=-117, y=77, z=-13}
[05Jan2026 07:31:46.765] [Server thread/WARN] [net.minecraft.server.level.ServerPlayerGameMode/]: Mismatch in destroy block pos: BlockPos{x=-118, y=77, z=-13} BlockPos{x=-117, y=77, z=-13}
[05Jan2026 07:31:46.900] [Server thread/WARN] [net.minecraft.server.level.ServerPlayerGameMode/]: Mismatch in destroy block pos: BlockPos{x=-118, y=77, z=-13} BlockPos{x=-117, y=77, z=-13}
[05Jan2026 07:31:48.162] [Server thread/WARN] [net.minecraft.server.level.ServerPlayerGameMode/]: Mismatch in destroy block pos: BlockPos{x=-119, y=77, z=-13} BlockPos{x=-118, y=77, z=-13}
[05Jan2026 07:31:48.214] [Server thread/WARN] [net.minecraft.server.level.ServerPlayerGameMode/]: Mismatch in destroy block pos: BlockPos{x=-119, y=77, z=-13} BlockPos{x=-118, y=77, z=-13}
[05Jan2026 07:31:48.263] [Server thread/WARN] [net.minecraft.server.level.ServerPlayerGameMode/]: Mismatch in destroy block pos: BlockPos{x=-119, y=77, z=-13} BlockPos{x=-118, y=77, z=-13}
[05Jan2026 07:31:48.762] [Server thread/WARN] [net.minecraft.server.level.ServerPlayerGameMode/]: Mismatch in destroy block pos: BlockPos{x=-120, y=77, z=-13} BlockPos{x=-119, y=77, z=-13}
[05Jan2026 07:31:48.814] [Server thread/WARN] [net.minecraft.server.level.ServerPlayerGameMode/]: Mismatch in destroy block pos: BlockPos{x=-120, y=77, z=-13} BlockPos{x=-119, y=77, z=-13}
[05Jan2026 07:31:48.863] [Server thread/WARN] [net.minecraft.server.level.ServerPlayerGameMode/]: Mismatch in destroy block pos: BlockPos{x=-120, y=77, z=-13} BlockPos{x=-119, y=77, z=-13}
[05Jan2026 07:31:49.514] [Server thread/WARN] [net.minecraft.server.level.ServerPlayerGameMode/]: Mismatch in destroy block pos: BlockPos{x=-121, y=77, z=-13} BlockPos{x=-120, y=77, z=-13}
[05Jan2026 07:31:49.597] [Server thread/WARN] [net.minecraft.server.level.ServerPlayerGameMode/]: Mismatch in destroy block pos: BlockPos{x=-121, y=77, z=-13} BlockPos{x=-120, y=77, z=-13}
[05Jan2026 07:31:49.614] [Server thread/WARN] [net.minecraft.server.level.ServerPlayerGameMode/]: Mismatch in destroy block pos: BlockPos{x=-121, y=77, z=-13} BlockPos{x=-120, y=77, z=-13}
[05Jan2026 07:32:01.153] [Server thread/WARN] [net.minecraft.server.level.ServerPlayerGameMode/]: Mismatch in destroy block pos: BlockPos{x=-119, y=76, z=-11} BlockPos{x=-120, y=76, z=-11}
[05Jan2026 07:32:01.199] [Server thread/WARN] [net.minecraft.server.level.ServerPlayerGameMode/]: Mismatch in destroy block pos: BlockPos{x=-119, y=76, z=-11} BlockPos{x=-120, y=76, z=-11}
[05Jan2026 07:32:01.256] [Server thread/WARN] [net.minecraft.server.level.ServerPlayerGameMode/]: Mismatch in destroy block pos: BlockPos{x=-119, y=76, z=-11} BlockPos{x=-120, y=76, z=-11}
[05Jan2026 07:32:01.701] [Server thread/WARN] [net.minecraft.server.level.ServerPlayerGameMode/]: Mismatch in destroy block pos: BlockPos{x=-118, y=76, z=-11} BlockPos{x=-119, y=76, z=-11}
[05Jan2026 07:32:01.755] [Server thread/WARN] [net.minecraft.server.level.ServerPlayerGameMode/]: Mismatch in destroy block pos: BlockPos{x=-118, y=76, z=-11} BlockPos{x=-119, y=76, z=-11}
[05Jan2026 07:32:01.804] [Server thread/WARN] [net.minecraft.server.level.ServerPlayerGameMode/]: Mismatch in destroy block pos: BlockPos{x=-118, y=76, z=-11} BlockPos{x=-119, y=76, z=-11}
[05Jan2026 07:32:02.002] [Server thread/WARN] [net.minecraft.server.level.ServerPlayerGameMode/]: Mismatch in destroy block pos: BlockPos{x=-117, y=76, z=-11} BlockPos{x=-118, y=76, z=-11}
[05Jan2026 07:32:02.058] [Server thread/WARN] [net.minecraft.server.level.ServerPlayerGameMode/]: Mismatch in destroy block pos: BlockPos{x=-117, y=76, z=-11} BlockPos{x=-118, y=76, z=-11}
[05Jan2026 07:32:02.100] [Server thread/WARN] [net.minecraft.server.level.ServerPlayerGameMode/]: Mismatch in destroy block pos: BlockPos{x=-117, y=76, z=-12} BlockPos{x=-118, y=76, z=-11}
[05Jan2026 07:32:02.156] [Server thread/WARN] [net.minecraft.server.level.ServerPlayerGameMode/]: Mismatch in destroy block pos: BlockPos{x=-117, y=76, z=-12} BlockPos{x=-118, y=76, z=-11}
[05Jan2026 07:32:02.201] [Server thread/WARN] [net.minecraft.server.level.ServerPlayerGameMode/]: Mismatch in destroy block pos: BlockPos{x=-117, y=76, z=-12} BlockPos{x=-118, y=76, z=-11}
[05Jan2026 07:32:06.668] [Server thread/WARN] [net.minecraft.server.level.ServerPlayerGameMode/]: Mismatch in destroy block pos: BlockPos{x=-119, y=76, z=-12} BlockPos{x=-118, y=76, z=-12}
[05Jan2026 07:32:06.713] [Server thread/WARN] [net.minecraft.server.level.ServerPlayerGameMode/]: Mismatch in destroy block pos: BlockPos{x=-119, y=76, z=-12} BlockPos{x=-118, y=76, z=-12}
[05Jan2026 07:32:06.800] [Server thread/WARN] [net.minecraft.server.level.ServerPlayerGameMode/]: Mismatch in destroy block pos: BlockPos{x=-119, y=76, z=-12} BlockPos{x=-118, y=76, z=-12}
[05Jan2026 07:32:08.701] [Server thread/WARN] [net.minecraft.server.level.ServerPlayerGameMode/]: Mismatch in destroy block pos: BlockPos{x=-116, y=76, z=-12} BlockPos{x=-117, y=76, z=-12}
[05Jan2026 07:32:08.753] [Server thread/WARN] [net.minecraft.server.level.ServerPlayerGameMode/]: Mismatch in destroy block pos: BlockPos{x=-116, y=76, z=-12} BlockPos{x=-117, y=76, z=-12}
[05Jan2026 07:32:08.803] [Server thread/WARN] [net.minecraft.server.level.ServerPlayerGameMode/]: Mismatch in destroy block pos: BlockPos{x=-116, y=76, z=-12} BlockPos{x=-117, y=76, z=-12}
[05Jan2026 07:32:09.503] [Server thread/WARN] [net.minecraft.server.level.ServerPlayerGameMode/]: Mismatch in destroy block pos: BlockPos{x=-115, y=76, z=-12} BlockPos{x=-116, y=76, z=-12}
[05Jan2026 07:32:09.552] [Server thread/WARN] [net.minecraft.server.level.ServerPlayerGameMode/]: Mismatch in destroy block pos: BlockPos{x=-115, y=76, z=-12} BlockPos{x=-116, y=76, z=-12}
[05Jan2026 07:32:09.599] [Server thread/WARN] [net.minecraft.server.level.ServerPlayerGameMode/]: Mismatch in destroy block pos: BlockPos{x=-115, y=76, z=-12} BlockPos{x=-116, y=76, z=-12}
[05Jan2026 07:32:10.248] [Server thread/WARN] [net.minecraft.server.level.ServerPlayerGameMode/]: Mismatch in destroy block pos: BlockPos{x=-114, y=76, z=-12} BlockPos{x=-115, y=76, z=-12}
[05Jan2026 07:32:10.296] [Server thread/WARN] [net.minecraft.server.level.ServerPlayerGameMode/]: Mismatch in destroy block pos: BlockPos{x=-114, y=76, z=-12} BlockPos{x=-115, y=76, z=-12}
[05Jan2026 07:32:10.345] [Server thread/WARN] [net.minecraft.server.level.ServerPlayerGameMode/]: Mismatch in destroy block pos: BlockPos{x=-114, y=76, z=-12} BlockPos{x=-115, y=76, z=-12}
[05Jan2026 07:32:13.353] [ForkJoinPool.commonPool-worker-11/INFO] [com.natamus.beautifiedchatserver_common_forge.data.Chat/]: 07:32 | caslu: ZZZZ
[05Jan2026 07:32:13.353] [Server thread/INFO] [com.natamus.beautifiedchatserver_common_forge.data.Chat/]: 07:32 | caslu: ZZZZ
[05Jan2026 07:32:16.696] [ForkJoinPool.commonPool-worker-11/INFO] [com.natamus.beautifiedchatserver_common_forge.data.Chat/]: 07:32 | laquematoanisman: DUERMEE DUERMEE DUERMEEEE
[05Jan2026 07:32:16.697] [Server thread/INFO] [com.natamus.beautifiedchatserver_common_forge.data.Chat/]: 07:32 | laquematoanisman: DUERMEE DUERMEE DUERMEEEE
[05Jan2026 07:32:16.761] [ForkJoinPool.commonPool-worker-11/INFO] [com.natamus.beautifiedchatserver_common_forge.data.Chat/]: 07:32 | SVBVKPO: zzzzzz
[05Jan2026 07:32:16.762] [Server thread/INFO] [com.natamus.beautifiedchatserver_common_forge.data.Chat/]: 07:32 | SVBVKPO: zzzzzz
[05Jan2026 07:32:21.854] [Server thread/WARN] [net.minecraft.server.level.ServerPlayerGameMode/]: Mismatch in destroy block pos: BlockPos{x=-121, y=76, z=-7} BlockPos{x=-121, y=76, z=-8}
[05Jan2026 07:32:21.907] [Server thread/WARN] [net.minecraft.server.level.ServerPlayerGameMode/]: Mismatch in destroy block pos: BlockPos{x=-121, y=76, z=-7} BlockPos{x=-121, y=76, z=-8}
[05Jan2026 07:32:21.952] [Server thread/WARN] [net.minecraft.server.level.ServerPlayerGameMode/]: Mismatch in destroy block pos: BlockPos{x=-121, y=76, z=-7} BlockPos{x=-121, y=76, z=-8}
[05Jan2026 07:32:22.408] [Server thread/WARN] [net.minecraft.server.level.ServerPlayerGameMode/]: Mismatch in destroy block pos: BlockPos{x=-121, y=76, z=-6} BlockPos{x=-121, y=76, z=-7}
[05Jan2026 07:32:22.451] [Server thread/WARN] [net.minecraft.server.level.ServerPlayerGameMode/]: Mismatch in destroy block pos: BlockPos{x=-121, y=76, z=-6} BlockPos{x=-121, y=76, z=-7}
[05Jan2026 07:32:22.507] [Server thread/WARN] [net.minecraft.server.level.ServerPlayerGameMode/]: Mismatch in destroy block pos: BlockPos{x=-121, y=76, z=-6} BlockPos{x=-121, y=76, z=-7}
[05Jan2026 07:32:22.657] [Server thread/INFO] [net.minecraft.server.MinecraftServer/]: SVBVKPO has made the advancement [Stone Age]
[05Jan2026 07:32:22.803] [Server thread/WARN] [net.minecraft.server.level.ServerPlayerGameMode/]: Mismatch in destroy block pos: BlockPos{x=-121, y=76, z=-5} BlockPos{x=-121, y=76, z=-6}
[05Jan2026 07:32:22.857] [Server thread/WARN] [net.minecraft.server.level.ServerPlayerGameMode/]: Mismatch in destroy block pos: BlockPos{x=-121, y=76, z=-5} BlockPos{x=-121, y=76, z=-6}
[05Jan2026 07:32:22.908] [Server thread/WARN] [net.minecraft.server.level.ServerPlayerGameMode/]: Mismatch in destroy block pos: BlockPos{x=-121, y=76, z=-5} BlockPos{x=-121, y=76, z=-6}
[05Jan2026 07:32:23.057] [Server thread/WARN] [net.minecraft.server.level.ServerPlayerGameMode/]: Mismatch in destroy block pos: BlockPos{x=-121, y=76, z=-4} BlockPos{x=-121, y=76, z=-5}
[05Jan2026 07:32:23.101] [Server thread/WARN] [net.minecraft.server.level.ServerPlayerGameMode/]: Mismatch in destroy block pos: BlockPos{x=-121, y=76, z=-4} BlockPos{x=-121, y=76, z=-5}
[05Jan2026 07:32:23.158] [Server thread/WARN] [net.minecraft.server.level.ServerPlayerGameMode/]: Mismatch in destroy block pos: BlockPos{x=-121, y=76, z=-4} BlockPos{x=-121, y=76, z=-5}
[05Jan2026 07:32:23.311] [Server thread/WARN] [net.minecraft.server.level.ServerPlayerGameMode/]: Mismatch in destroy block pos: BlockPos{x=-121, y=76, z=-3} BlockPos{x=-121, y=76, z=-4}
[05Jan2026 07:32:23.357] [Server thread/WARN] [net.minecraft.server.level.ServerPlayerGameMode/]: Mismatch in destroy block pos: BlockPos{x=-121, y=76, z=-3} BlockPos{x=-121, y=76, z=-4}
[05Jan2026 07:32:23.456] [Server thread/WARN] [net.minecraft.server.level.ServerPlayerGameMode/]: Mismatch in destroy block pos: BlockPos{x=-121, y=76, z=-3} BlockPos{x=-121, y=76, z=-4}
[05Jan2026 07:32:23.456] [Server thread/WARN] [net.minecraft.server.level.ServerPlayerGameMode/]: Mismatch in destroy block pos: BlockPos{x=-121, y=76, z=-3} BlockPos{x=-121, y=76, z=-4}
[05Jan2026 07:32:23.501] [Server thread/WARN] [net.minecraft.server.level.ServerPlayerGameMode/]: Mismatch in destroy block pos: BlockPos{x=-121, y=76, z=-2} BlockPos{x=-121, y=76, z=-4}
[05Jan2026 07:32:23.557] [Server thread/WARN] [net.minecraft.server.level.ServerPlayerGameMode/]: Mismatch in destroy block pos: BlockPos{x=-121, y=76, z=-2} BlockPos{x=-121, y=76, z=-4}
[05Jan2026 07:32:23.607] [Server thread/WARN] [net.minecraft.server.level.ServerPlayerGameMode/]: Mismatch in destroy block pos: BlockPos{x=-121, y=76, z=-2} BlockPos{x=-121, y=76, z=-4}
[05Jan2026 07:32:23.659] [Server thread/WARN] [net.minecraft.server.level.ServerPlayerGameMode/]: Mismatch in destroy block pos: BlockPos{x=-121, y=76, z=-2} BlockPos{x=-121, y=76, z=-4}
[05Jan2026 07:32:23.806] [Server thread/WARN] [net.minecraft.server.level.ServerPlayerGameMode/]: Mismatch in destroy block pos: BlockPos{x=-121, y=76, z=-1} BlockPos{x=-121, y=76, z=-2}
[05Jan2026 07:32:23.867] [Server thread/WARN] [net.minecraft.server.level.ServerPlayerGameMode/]: Mismatch in destroy block pos: BlockPos{x=-121, y=76, z=-1} BlockPos{x=-121, y=76, z=-2}
[05Jan2026 07:32:23.911] [Server thread/WARN] [net.minecraft.server.level.ServerPlayerGameMode/]: Mismatch in destroy block pos: BlockPos{x=-121, y=76, z=-1} BlockPos{x=-121, y=76, z=-2}
[05Jan2026 07:32:24.396] [Server thread/WARN] [net.minecraft.server.level.ServerPlayerGameMode/]: Mismatch in destroy block pos: BlockPos{x=-120, y=76, z=-1} BlockPos{x=-121, y=76, z=-1}
[05Jan2026 07:32:24.554] [Server thread/WARN] [net.minecraft.server.level.ServerPlayerGameMode/]: Mismatch in destroy block pos: BlockPos{x=-119, y=76, z=-1} BlockPos{x=-120, y=76, z=-1}
[05Jan2026 07:32:24.602] [Server thread/WARN] [net.minecraft.server.level.ServerPlayerGameMode/]: Mismatch in destroy block pos: BlockPos{x=-119, y=76, z=-1} BlockPos{x=-120, y=76, z=-1}
[05Jan2026 07:32:24.651] [Server thread/WARN] [net.minecraft.server.level.ServerPlayerGameMode/]: Mismatch in destroy block pos: BlockPos{x=-119, y=76, z=-1} BlockPos{x=-120, y=76, z=-1}
[05Jan2026 07:32:24.800] [Server thread/WARN] [net.minecraft.server.level.ServerPlayerGameMode/]: Mismatch in destroy block pos: BlockPos{x=-118, y=76, z=-1} BlockPos{x=-119, y=76, z=-1}
[05Jan2026 07:32:24.864] [Server thread/WARN] [net.minecraft.server.level.ServerPlayerGameMode/]: Mismatch in destroy block pos: BlockPos{x=-118, y=76, z=-1} BlockPos{x=-119, y=76, z=-1}
[05Jan2026 07:32:24.906] [Server thread/WARN] [net.minecraft.server.level.ServerPlayerGameMode/]: Mismatch in destroy block pos: BlockPos{x=-118, y=76, z=-1} BlockPos{x=-119, y=76, z=-1}
[05Jan2026 07:32:25.065] [Server thread/WARN] [net.minecraft.server.level.ServerPlayerGameMode/]: Mismatch in destroy block pos: BlockPos{x=-117, y=76, z=-1} BlockPos{x=-118, y=76, z=-1}
[05Jan2026 07:32:25.114] [Server thread/WARN] [net.minecraft.server.level.ServerPlayerGameMode/]: Mismatch in destroy block pos: BlockPos{x=-117, y=76, z=-1} BlockPos{x=-118, y=76, z=-1}
[05Jan2026 07:32:25.158] [Server thread/WARN] [net.minecraft.server.level.ServerPlayerGameMode/]: Mismatch in destroy block pos: BlockPos{x=-117, y=76, z=-1} BlockPos{x=-118, y=76, z=-1}
[05Jan2026 07:32:25.213] [Server thread/WARN] [net.minecraft.server.level.ServerPlayerGameMode/]: Mismatch in destroy block pos: BlockPos{x=-117, y=76, z=-1} BlockPos{x=-118, y=76, z=-1}
[05Jan2026 07:32:25.263] [Server thread/WARN] [net.minecraft.server.level.ServerPlayerGameMode/]: Mismatch in destroy block pos: BlockPos{x=-116, y=76, z=-1} BlockPos{x=-118, y=76, z=-1}
[05Jan2026 07:32:25.314] [Server thread/WARN] [net.minecraft.server.level.ServerPlayerGameMode/]: Mismatch in destroy block pos: BlockPos{x=-116, y=76, z=-1} BlockPos{x=-118, y=76, z=-1}
[05Jan2026 07:32:25.369] [Server thread/WARN] [net.minecraft.server.level.ServerPlayerGameMode/]: Mismatch in destroy block pos: BlockPos{x=-116, y=76, z=-1} BlockPos{x=-118, y=76, z=-1}
[05Jan2026 07:32:25.501] [Server thread/WARN] [net.minecraft.server.level.ServerPlayerGameMode/]: Mismatch in destroy block pos: BlockPos{x=-115, y=76, z=-1} BlockPos{x=-116, y=76, z=-1}
[05Jan2026 07:32:25.552] [Server thread/WARN] [net.minecraft.server.level.ServerPlayerGameMode/]: Mismatch in destroy block pos: BlockPos{x=-115, y=76, z=-1} BlockPos{x=-116, y=76, z=-1}
[05Jan2026 07:32:25.603] [Server thread/WARN] [net.minecraft.server.level.ServerPlayerGameMode/]: Mismatch in destroy block pos: BlockPos{x=-115, y=76, z=-1} BlockPos{x=-116, y=76, z=-1}
[05Jan2026 07:32:25.752] [Server thread/WARN] [net.minecraft.server.level.ServerPlayerGameMode/]: Mismatch in destroy block pos: BlockPos{x=-114, y=76, z=-1} BlockPos{x=-115, y=76, z=-1}
[05Jan2026 07:32:25.802] [Server thread/WARN] [net.minecraft.server.level.ServerPlayerGameMode/]: Mismatch in destroy block pos: BlockPos{x=-114, y=76, z=-1} BlockPos{x=-115, y=76, z=-1}
[05Jan2026 07:32:25.855] [Server thread/WARN] [net.minecraft.server.level.ServerPlayerGameMode/]: Mismatch in destroy block pos: BlockPos{x=-114, y=76, z=-1} BlockPos{x=-115, y=76, z=-1}
[05Jan2026 07:32:25.903] [Server thread/WARN] [net.minecraft.server.level.ServerPlayerGameMode/]: Mismatch in destroy block pos: BlockPos{x=-114, y=76, z=-1} BlockPos{x=-115, y=76, z=-1}
[05Jan2026 07:32:25.949] [Server thread/WARN] [net.minecraft.server.level.ServerPlayerGameMode/]: Mismatch in destroy block pos: BlockPos{x=-113, y=76, z=-1} BlockPos{x=-115, y=76, z=-1}
[05Jan2026 07:32:26.003] [Server thread/WARN] [net.minecraft.server.level.ServerPlayerGameMode/]: Mismatch in destroy block pos: BlockPos{x=-113, y=76, z=-1} BlockPos{x=-115, y=76, z=-1}
[05Jan2026 07:32:26.056] [Server thread/WARN] [net.minecraft.server.level.ServerPlayerGameMode/]: Mismatch in destroy block pos: BlockPos{x=-113, y=76, z=-1} BlockPos{x=-115, y=76, z=-1}
[05Jan2026 07:32:26.218] [Server thread/WARN] [net.minecraft.server.level.ServerPlayerGameMode/]: Mismatch in destroy block pos: BlockPos{x=-112, y=76, z=-1} BlockPos{x=-113, y=76, z=-1}
[05Jan2026 07:32:26.260] [Server thread/WARN] [net.minecraft.server.level.ServerPlayerGameMode/]: Mismatch in destroy block pos: BlockPos{x=-112, y=76, z=-1} BlockPos{x=-113, y=76, z=-1}
[05Jan2026 07:32:26.307] [Server thread/WARN] [net.minecraft.server.level.ServerPlayerGameMode/]: Mismatch in destroy block pos: BlockPos{x=-112, y=76, z=-1} BlockPos{x=-113, y=76, z=-1}
[05Jan2026 07:32:26.355] [Server thread/WARN] [net.minecraft.server.level.ServerPlayerGameMode/]: Mismatch in destroy block pos: BlockPos{x=-112, y=76, z=-1} BlockPos{x=-113, y=76, z=-1}
[05Jan2026 07:32:26.405] [Server thread/WARN] [net.minecraft.server.level.ServerPlayerGameMode/]: Mismatch in destroy block pos: BlockPos{x=-111, y=76, z=-1} BlockPos{x=-113, y=76, z=-1}
[05Jan2026 07:32:26.452] [Server thread/WARN] [net.minecraft.server.level.ServerPlayerGameMode/]: Mismatch in destroy block pos: BlockPos{x=-111, y=76, z=-1} BlockPos{x=-113, y=76, z=-1}
[05Jan2026 07:32:26.508] [Server thread/WARN] [net.minecraft.server.level.ServerPlayerGameMode/]: Mismatch in destroy block pos: BlockPos{x=-111, y=76, z=-1} BlockPos{x=-113, y=76, z=-1}
[05Jan2026 07:32:26.658] [Server thread/WARN] [net.minecraft.server.level.ServerPlayerGameMode/]: Mismatch in destroy block pos: BlockPos{x=-110, y=76, z=-1} BlockPos{x=-111, y=76, z=-1}
[05Jan2026 07:32:26.704] [Server thread/WARN] [net.minecraft.server.level.ServerPlayerGameMode/]: Mismatch in destroy block pos: BlockPos{x=-110, y=76, z=-1} BlockPos{x=-111, y=76, z=-1}
[05Jan2026 07:32:26.759] [Server thread/WARN] [net.minecraft.server.level.ServerPlayerGameMode/]: Mismatch in destroy block pos: BlockPos{x=-110, y=76, z=-1} BlockPos{x=-111, y=76, z=-1}
[05Jan2026 07:32:26.909] [Server thread/WARN] [net.minecraft.server.level.ServerPlayerGameMode/]: Mismatch in destroy block pos: BlockPos{x=-109, y=76, z=-1} BlockPos{x=-110, y=76, z=-1}
[05Jan2026 07:32:26.960] [Server thread/WARN] [net.minecraft.server.level.ServerPlayerGameMode/]: Mismatch in destroy block pos: BlockPos{x=-109, y=76, z=-1} BlockPos{x=-110, y=76, z=-1}
[05Jan2026 07:32:27.008] [Server thread/WARN] [net.minecraft.server.level.ServerPlayerGameMode/]: Mismatch in destroy block pos: BlockPos{x=-109, y=76, z=-1} BlockPos{x=-110, y=76, z=-1}
[05Jan2026 07:32:30.262] [Server thread/WARN] [net.minecraft.server.level.ServerPlayerGameMode/]: Mismatch in destroy block pos: BlockPos{x=-117, y=76, z=-2} BlockPos{x=-118, y=76, z=-2}
[05Jan2026 07:32:30.320] [Server thread/WARN] [net.minecraft.server.level.ServerPlayerGameMode/]: Mismatch in destroy block pos: BlockPos{x=-117, y=76, z=-2} BlockPos{x=-118, y=76, z=-2}
[05Jan2026 07:32:30.391] [Server thread/WARN] [net.minecraft.server.level.ServerPlayerGameMode/]: Mismatch in destroy block pos: BlockPos{x=-117, y=76, z=-2} BlockPos{x=-118, y=76, z=-2}
[05Jan2026 07:32:30.451] [Server thread/WARN] [net.minecraft.server.level.ServerPlayerGameMode/]: Mismatch in destroy block pos: BlockPos{x=-117, y=76, z=-2} BlockPos{x=-118, y=76, z=-2}
[05Jan2026 07:32:30.456] [Server thread/WARN] [net.minecraft.server.level.ServerPlayerGameMode/]: Mismatch in destroy block pos: BlockPos{x=-116, y=76, z=-2} BlockPos{x=-118, y=76, z=-2}
[05Jan2026 07:32:30.527] [Server thread/WARN] [net.minecraft.server.level.ServerPlayerGameMode/]: Mismatch in destroy block pos: BlockPos{x=-116, y=76, z=-2} BlockPos{x=-118, y=76, z=-2}
[05Jan2026 07:32:30.627] [Server thread/WARN] [net.minecraft.server.level.ServerPlayerGameMode/]: Mismatch in destroy block pos: BlockPos{x=-116, y=76, z=-2} BlockPos{x=-118, y=76, z=-2}
[05Jan2026 07:32:30.637] [Server thread/WARN] [net.minecraft.server.level.ServerPlayerGameMode/]: Mismatch in destroy block pos: BlockPos{x=-116, y=76, z=-2} BlockPos{x=-118, y=76, z=-2}
[05Jan2026 07:32:37.080] [Server thread/WARN] [net.minecraft.server.level.ServerPlayerGameMode/]: Mismatch in destroy block pos: BlockPos{x=-118, y=76, z=-4} BlockPos{x=-118, y=76, z=-3}
[05Jan2026 07:32:37.180] [Server thread/WARN] [net.minecraft.server.level.ServerPlayerGameMode/]: Mismatch in destroy block pos: BlockPos{x=-118, y=76, z=-4} BlockPos{x=-118, y=76, z=-3}
[05Jan2026 07:32:37.187] [Server thread/WARN] [net.minecraft.server.level.ServerPlayerGameMode/]: Mismatch in destroy block pos: BlockPos{x=-118, y=76, z=-4} BlockPos{x=-118, y=76, z=-3}
[05Jan2026 07:32:37.400] [Server thread/WARN] [net.minecraft.server.level.ServerPlayerGameMode/]: Mismatch in destroy block pos: BlockPos{x=-118, y=76, z=-5} BlockPos{x=-118, y=76, z=-4}
[05Jan2026 07:32:37.491] [Server thread/WARN] [net.minecraft.server.level.ServerPlayerGameMode/]: Mismatch in destroy block pos: BlockPos{x=-118, y=76, z=-5} BlockPos{x=-118, y=76, z=-4}
[05Jan2026 07:32:37.493] [Server thread/WARN] [net.minecraft.server.level.ServerPlayerGameMode/]: Mismatch in destroy block pos: BlockPos{x=-117, y=76, z=-5} BlockPos{x=-118, y=76, z=-4}
[05Jan2026 07:32:37.537] [Server thread/WARN] [net.minecraft.server.level.ServerPlayerGameMode/]: Mismatch in destroy block pos: BlockPos{x=-117, y=76, z=-5} BlockPos{x=-118, y=76, z=-4}
[05Jan2026 07:32:37.589] [Server thread/WARN] [net.minecraft.server.level.ServerPlayerGameMode/]: Mismatch in destroy block pos: BlockPos{x=-117, y=76, z=-5} BlockPos{x=-118, y=76, z=-4}
[05Jan2026 07:32:37.654] [Server thread/WARN] [net.minecraft.server.level.ServerPlayerGameMode/]: Mismatch in destroy block pos: BlockPos{x=-117, y=76, z=-5} BlockPos{x=-118, y=76, z=-4}
[05Jan2026 07:32:37.656] [Server thread/WARN] [net.minecraft.server.level.ServerPlayerGameMode/]: Mismatch in destroy block pos: BlockPos{x=-117, y=76, z=-5} BlockPos{x=-118, y=76, z=-4}
[05Jan2026 07:32:37.705] [Server thread/WARN] [net.minecraft.server.level.ServerPlayerGameMode/]: Mismatch in destroy block pos: BlockPos{x=-117, y=76, z=-6} BlockPos{x=-118, y=76, z=-4}
[05Jan2026 07:32:37.801] [Server thread/WARN] [net.minecraft.server.level.ServerPlayerGameMode/]: Mismatch in destroy block pos: BlockPos{x=-117, y=76, z=-6} BlockPos{x=-118, y=76, z=-4}
[05Jan2026 07:32:37.852] [Server thread/WARN] [net.minecraft.server.level.ServerPlayerGameMode/]: Mismatch in destroy block pos: BlockPos{x=-117, y=76, z=-6} BlockPos{x=-118, y=76, z=-4}
[05Jan2026 07:32:37.974] [Server thread/WARN] [net.minecraft.server.level.ServerPlayerGameMode/]: Mismatch in destroy block pos: BlockPos{x=-117, y=76, z=-6} BlockPos{x=-118, y=76, z=-4}
[05Jan2026 07:32:38.560] [Server thread/WARN] [net.minecraft.server.MinecraftServer/]: Can't keep up! Is the server overloaded? Running 2040ms or 40 ticks behind
[05Jan2026 07:32:38.808] [Server thread/WARN] [net.minecraft.server.level.ServerPlayerGameMode/]: Mismatch in destroy block pos: BlockPos{x=-115, y=76, z=-6} BlockPos{x=-116, y=76, z=-6}
[05Jan2026 07:32:38.813] [Server thread/WARN] [net.minecraft.server.level.ServerPlayerGameMode/]: Mismatch in destroy block pos: BlockPos{x=-115, y=76, z=-6} BlockPos{x=-116, y=76, z=-6}
[05Jan2026 07:32:38.867] [Server thread/WARN] [net.minecraft.server.level.ServerPlayerGameMode/]: Mismatch in destroy block pos: BlockPos{x=-115, y=76, z=-6} BlockPos{x=-116, y=76, z=-6}
[05Jan2026 07:32:39.196] [Server thread/WARN] [net.minecraft.server.level.ServerPlayerGameMode/]: Mismatch in destroy block pos: BlockPos{x=-114, y=76, z=-6} BlockPos{x=-115, y=76, z=-6}
[05Jan2026 07:32:39.274] [Server thread/WARN] [net.minecraft.server.level.ServerPlayerGameMode/]: Mismatch in destroy block pos: BlockPos{x=-114, y=76, z=-6} BlockPos{x=-115, y=76, z=-6}
[05Jan2026 07:32:39.277] [Server thread/WARN] [net.minecraft.server.level.ServerPlayerGameMode/]: Mismatch in destroy block pos: BlockPos{x=-114, y=76, z=-6} BlockPos{x=-115, y=76, z=-6}
[05Jan2026 07:32:39.350] [Server thread/WARN] [net.minecraft.server.level.ServerPlayerGameMode/]: Mismatch in destroy block pos: BlockPos{x=-114, y=76, z=-5} BlockPos{x=-115, y=76, z=-6}
[05Jan2026 07:32:39.401] [Server thread/WARN] [net.minecraft.server.level.ServerPlayerGameMode/]: Mismatch in destroy block pos: BlockPos{x=-114, y=76, z=-5} BlockPos{x=-115, y=76, z=-6}
[05Jan2026 07:32:39.454] [Server thread/WARN] [net.minecraft.server.level.ServerPlayerGameMode/]: Mismatch in destroy block pos: BlockPos{x=-114, y=76, z=-5} BlockPos{x=-115, y=76, z=-6}
[05Jan2026 07:32:39.456] [Server thread/WARN] [net.minecraft.server.level.ServerPlayerGameMode/]: Mismatch in destroy block pos: BlockPos{x=-114, y=76, z=-5} BlockPos{x=-115, y=76, z=-6}
[05Jan2026 07:32:39.557] [Server thread/WARN] [net.minecraft.server.level.ServerPlayerGameMode/]: Mismatch in destroy block pos: BlockPos{x=-114, y=76, z=-5} BlockPos{x=-115, y=76, z=-6}
[05Jan2026 07:32:39.562] [Server thread/WARN] [net.minecraft.server.level.ServerPlayerGameMode/]: Mismatch in destroy block pos: BlockPos{x=-113, y=76, z=-5} BlockPos{x=-115, y=76, z=-6}
[05Jan2026 07:32:39.634] [Server thread/WARN] [net.minecraft.server.level.ServerPlayerGameMode/]: Mismatch in destroy block pos: BlockPos{x=-113, y=76, z=-5} BlockPos{x=-115, y=76, z=-6}
[05Jan2026 07:32:39.704] [Server thread/WARN] [net.minecraft.server.level.ServerPlayerGameMode/]: Mismatch in destroy block pos: BlockPos{x=-113, y=76, z=-5} BlockPos{x=-115, y=76, z=-6}
[05Jan2026 07:32:39.706] [Server thread/WARN] [net.minecraft.server.level.ServerPlayerGameMode/]: Mismatch in destroy block pos: BlockPos{x=-113, y=76, z=-5} BlockPos{x=-115, y=76, z=-6}
[05Jan2026 07:32:39.768] [Server thread/WARN] [net.minecraft.server.level.ServerPlayerGameMode/]: Mismatch in destroy block pos: BlockPos{x=-113, y=76, z=-4} BlockPos{x=-115, y=76, z=-6}
[05Jan2026 07:32:39.837] [Server thread/WARN] [net.minecraft.server.level.ServerPlayerGameMode/]: Mismatch in destroy block pos: BlockPos{x=-113, y=76, z=-4} BlockPos{x=-115, y=76, z=-6}
[05Jan2026 07:32:39.907] [Server thread/WARN] [net.minecraft.server.level.ServerPlayerGameMode/]: Mismatch in destroy block pos: BlockPos{x=-113, y=76, z=-4} BlockPos{x=-115, y=76, z=-6}
[05Jan2026 07:32:39.908] [Server thread/WARN] [net.minecraft.server.level.ServerPlayerGameMode/]: Mismatch in destroy block pos: BlockPos{x=-113, y=76, z=-4} BlockPos{x=-115, y=76, z=-6}
[05Jan2026 07:32:40.172] [Server thread/WARN] [net.minecraft.server.level.ServerPlayerGameMode/]: Mismatch in destroy block pos: BlockPos{x=-113, y=76, z=-3} BlockPos{x=-113, y=76, z=-4}
[05Jan2026 07:32:40.303] [Server thread/WARN] [net.minecraft.server.level.ServerPlayerGameMode/]: Mismatch in destroy block pos: BlockPos{x=-113, y=76, z=-3} BlockPos{x=-113, y=76, z=-4}
[05Jan2026 07:32:40.304] [Server thread/WARN] [net.minecraft.server.level.ServerPlayerGameMode/]: Mismatch in destroy block pos: BlockPos{x=-113, y=76, z=-3} BlockPos{x=-113, y=76, z=-4}
[05Jan2026 07:32:40.382] [Server thread/WARN] [net.minecraft.server.level.ServerPlayerGameMode/]: Mismatch in destroy block pos: BlockPos{x=-114, y=76, z=-3} BlockPos{x=-113, y=76, z=-4}
[05Jan2026 07:32:40.387] [Server thread/WARN] [net.minecraft.server.level.ServerPlayerGameMode/]: Mismatch in destroy block pos: BlockPos{x=-114, y=76, z=-3} BlockPos{x=-113, y=76, z=-4}
[05Jan2026 07:32:40.410] [Server thread/WARN] [net.minecraft.server.level.ServerPlayerGameMode/]: Mismatch in destroy block pos: BlockPos{x=-114, y=76, z=-3} BlockPos{x=-113, y=76, z=-4}
[05Jan2026 07:32:40.512] [Server thread/WARN] [net.minecraft.server.level.ServerPlayerGameMode/]: Mismatch in destroy block pos: BlockPos{x=-114, y=76, z=-3} BlockPos{x=-113, y=76, z=-4}
[05Jan2026 07:32:40.515] [Server thread/WARN] [net.minecraft.server.level.ServerPlayerGameMode/]: Mismatch in destroy block pos: BlockPos{x=-114, y=76, z=-3} BlockPos{x=-113, y=76, z=-4}
[05Jan2026 07:32:40.558] [Server thread/WARN] [net.minecraft.server.level.ServerPlayerGameMode/]: Mismatch in destroy block pos: BlockPos{x=-115, y=76, z=-3} BlockPos{x=-113, y=76, z=-4}
[05Jan2026 07:32:40.617] [Server thread/WARN] [net.minecraft.server.level.ServerPlayerGameMode/]: Mismatch in destroy block pos: BlockPos{x=-115, y=76, z=-3} BlockPos{x=-113, y=76, z=-4}
[05Jan2026 07:32:40.661] [Server thread/WARN] [net.minecraft.server.level.ServerPlayerGameMode/]: Mismatch in destroy block pos: BlockPos{x=-115, y=76, z=-3} BlockPos{x=-113, y=76, z=-4}
[05Jan2026 07:32:40.724] [Server thread/WARN] [net.minecraft.server.level.ServerPlayerGameMode/]: Mismatch in destroy block pos: BlockPos{x=-115, y=76, z=-3} BlockPos{x=-113, y=76, z=-4}
[05Jan2026 07:32:40.930] [Server thread/WARN] [net.minecraft.server.level.ServerPlayerGameMode/]: Mismatch in destroy block pos: BlockPos{x=-116, y=76, z=-3} BlockPos{x=-115, y=76, z=-3}
[05Jan2026 07:32:40.934] [Server thread/WARN] [net.minecraft.server.level.ServerPlayerGameMode/]: Mismatch in destroy block pos: BlockPos{x=-116, y=76, z=-3} BlockPos{x=-115, y=76, z=-3}
[05Jan2026 07:32:41.002] [Server thread/WARN] [net.minecraft.server.level.ServerPlayerGameMode/]: Mismatch in destroy block pos: BlockPos{x=-116, y=76, z=-3} BlockPos{x=-115, y=76, z=-3}
[05Jan2026 07:32:41.003] [Server thread/WARN] [net.minecraft.server.level.ServerPlayerGameMode/]: Mismatch in destroy block pos: BlockPos{x=-116, y=76, z=-3} BlockPos{x=-115, y=76, z=-3}
[05Jan2026 07:32:41.053] [Server thread/WARN] [net.minecraft.server.level.ServerPlayerGameMode/]: Mismatch in destroy block pos: BlockPos{x=-116, y=76, z=-3} BlockPos{x=-115, y=76, z=-3}
[05Jan2026 07:32:41.580] [Server thread/WARN] [net.minecraft.server.level.ServerPlayerGameMode/]: Mismatch in destroy block pos: BlockPos{x=-119, y=76, z=-4} BlockPos{x=-118, y=76, z=-3}
[05Jan2026 07:32:41.700] [Server thread/WARN] [net.minecraft.server.level.ServerPlayerGameMode/]: Mismatch in destroy block pos: BlockPos{x=-119, y=76, z=-4} BlockPos{x=-118, y=76, z=-3}
[05Jan2026 07:32:41.703] [Server thread/WARN] [net.minecraft.server.level.ServerPlayerGameMode/]: Mismatch in destroy block pos: BlockPos{x=-119, y=76, z=-4} BlockPos{x=-118, y=76, z=-3}
[05Jan2026 07:32:41.705] [Server thread/WARN] [net.minecraft.server.level.ServerPlayerGameMode/]: Mismatch in destroy block pos: BlockPos{x=-120, y=76, z=-4} BlockPos{x=-118, y=76, z=-3}
[05Jan2026 07:32:41.879] [Server thread/WARN] [net.minecraft.server.level.ServerPlayerGameMode/]: Mismatch in destroy block pos: BlockPos{x=-120, y=76, z=-4} BlockPos{x=-118, y=76, z=-3}
[05Jan2026 07:32:42.091] [Server thread/WARN] [net.minecraft.server.level.ServerPlayerGameMode/]: Mismatch in destroy block pos: BlockPos{x=-120, y=76, z=-3} BlockPos{x=-119, y=76, z=-3}
[05Jan2026 07:32:42.145] [Server thread/WARN] [net.minecraft.server.level.ServerPlayerGameMode/]: Mismatch in destroy block pos: BlockPos{x=-120, y=76, z=-3} BlockPos{x=-119, y=76, z=-3}
[05Jan2026 07:32:42.483] [Server thread/WARN] [net.minecraft.server.level.ServerPlayerGameMode/]: Mismatch in destroy block pos: BlockPos{x=-120, y=76, z=-5} BlockPos{x=-120, y=76, z=-4}
[05Jan2026 07:32:42.790] [Server thread/WARN] [net.minecraft.server.level.ServerPlayerGameMode/]: Mismatch in destroy block pos: BlockPos{x=-120, y=76, z=-6} BlockPos{x=-121, y=76, z=-6}
[05Jan2026 07:32:42.847] [Server thread/WARN] [net.minecraft.server.level.ServerPlayerGameMode/]: Mismatch in destroy block pos: BlockPos{x=-120, y=76, z=-6} BlockPos{x=-121, y=76, z=-6}
[05Jan2026 07:32:42.849] [Server thread/WARN] [net.minecraft.server.level.ServerPlayerGameMode/]: Mismatch in destroy block pos: BlockPos{x=-120, y=76, z=-7} BlockPos{x=-121, y=76, z=-6}
[05Jan2026 07:32:42.937] [Server thread/WARN] [net.minecraft.server.level.ServerPlayerGameMode/]: Mismatch in destroy block pos: BlockPos{x=-120, y=76, z=-7} BlockPos{x=-121, y=76, z=-6}
[05Jan2026 07:32:43.004] [Server thread/WARN] [net.minecraft.server.level.ServerPlayerGameMode/]: Mismatch in destroy block pos: BlockPos{x=-120, y=76, z=-7} BlockPos{x=-121, y=76, z=-6}
[05Jan2026 07:32:43.011] [Server thread/WARN] [net.minecraft.server.level.ServerPlayerGameMode/]: Mismatch in destroy block pos: BlockPos{x=-120, y=76, z=-7} BlockPos{x=-121, y=76, z=-6}
[05Jan2026 07:32:43.131] [Server thread/WARN] [net.minecraft.server.level.ServerPlayerGameMode/]: Mismatch in destroy block pos: BlockPos{x=-119, y=76, z=-7} BlockPos{x=-121, y=76, z=-6}
[05Jan2026 07:32:43.133] [Server thread/WARN] [net.minecraft.server.level.ServerPlayerGameMode/]: Mismatch in destroy block pos: BlockPos{x=-119, y=76, z=-7} BlockPos{x=-121, y=76, z=-6}
[05Jan2026 07:32:43.211] [Server thread/WARN] [net.minecraft.server.level.ServerPlayerGameMode/]: Mismatch in destroy block pos: BlockPos{x=-119, y=76, z=-8} BlockPos{x=-121, y=76, z=-6}
[05Jan2026 07:32:43.212] [Server thread/WARN] [net.minecraft.server.level.ServerPlayerGameMode/]: Mismatch in destroy block pos: BlockPos{x=-119, y=76, z=-8} BlockPos{x=-121, y=76, z=-6}
[05Jan2026 07:32:43.308] [Server thread/WARN] [net.minecraft.server.level.ServerPlayerGameMode/]: Mismatch in destroy block pos: BlockPos{x=-119, y=76, z=-8} BlockPos{x=-121, y=76, z=-6}
[05Jan2026 07:32:43.310] [Server thread/WARN] [net.minecraft.server.level.ServerPlayerGameMode/]: Mismatch in destroy block pos: BlockPos{x=-119, y=76, z=-8} BlockPos{x=-121, y=76, z=-6}
[05Jan2026 07:32:43.369] [Server thread/WARN] [net.minecraft.server.level.ServerPlayerGameMode/]: Mismatch in destroy block pos: BlockPos{x=-119, y=76, z=-8} BlockPos{x=-121, y=76, z=-6}
[05Jan2026 07:32:43.428] [Server thread/WARN] [net.minecraft.server.level.ServerPlayerGameMode/]: Mismatch in destroy block pos: BlockPos{x=-119, y=76, z=-8} BlockPos{x=-121, y=76, z=-6}
[05Jan2026 07:32:43.493] [Server thread/WARN] [net.minecraft.server.level.ServerPlayerGameMode/]: Mismatch in destroy block pos: BlockPos{x=-118, y=76, z=-9} BlockPos{x=-121, y=76, z=-6}
[05Jan2026 07:32:43.557] [Server thread/WARN] [net.minecraft.server.level.ServerPlayerGameMode/]: Mismatch in destroy block pos: BlockPos{x=-118, y=76, z=-9} BlockPos{x=-121, y=76, z=-6}
[05Jan2026 07:32:43.559] [Server thread/WARN] [net.minecraft.server.level.ServerPlayerGameMode/]: Mismatch in destroy block pos: BlockPos{x=-118, y=76, z=-9} BlockPos{x=-121, y=76, z=-6}
[05Jan2026 07:32:43.797] [Server thread/WARN] [net.minecraft.server.level.ServerPlayerGameMode/]: Mismatch in destroy block pos: BlockPos{x=-117, y=76, z=-10} BlockPos{x=-118, y=76, z=-9}
[05Jan2026 07:32:43.800] [Server thread/WARN] [net.minecraft.server.level.ServerPlayerGameMode/]: Mismatch in destroy block pos: BlockPos{x=-117, y=76, z=-10} BlockPos{x=-118, y=76, z=-9}
[05Jan2026 07:32:43.855] [Server thread/WARN] [net.minecraft.server.level.ServerPlayerGameMode/]: Mismatch in destroy block pos: BlockPos{x=-117, y=76, z=-10} BlockPos{x=-118, y=76, z=-9}
[05Jan2026 07:32:43.899] [Server thread/WARN] [net.minecraft.server.level.ServerPlayerGameMode/]: Mismatch in destroy block pos: BlockPos{x=-117, y=76, z=-10} BlockPos{x=-118, y=76, z=-9}
[05Jan2026 07:32:43.950] [Server thread/WARN] [net.minecraft.server.level.ServerPlayerGameMode/]: Mismatch in destroy block pos: BlockPos{x=-117, y=76, z=-10} BlockPos{x=-118, y=76, z=-9}
[05Jan2026 07:32:44.010] [Server thread/WARN] [net.minecraft.server.level.ServerPlayerGameMode/]: Mismatch in destroy block pos: BlockPos{x=-116, y=76, z=-10} BlockPos{x=-118, y=76, z=-9}
[05Jan2026 07:32:44.065] [Server thread/WARN] [net.minecraft.server.level.ServerPlayerGameMode/]: Mismatch in destroy block pos: BlockPos{x=-116, y=76, z=-10} BlockPos{x=-118, y=76, z=-9}
[05Jan2026 07:32:44.125] [Server thread/WARN] [net.minecraft.server.level.ServerPlayerGameMode/]: Mismatch in destroy block pos: BlockPos{x=-116, y=76, z=-10} BlockPos{x=-118, y=76, z=-9}
[05Jan2026 07:32:44.388] [Server thread/WARN] [net.minecraft.server.level.ServerPlayerGameMode/]: Mismatch in destroy block pos: BlockPos{x=-115, y=76, z=-10} BlockPos{x=-116, y=76, z=-10}
[05Jan2026 07:32:44.470] [Server thread/WARN] [net.minecraft.server.level.ServerPlayerGameMode/]: Mismatch in destroy block pos: BlockPos{x=-115, y=76, z=-10} BlockPos{x=-116, y=76, z=-10}
[05Jan2026 07:32:44.472] [Server thread/WARN] [net.minecraft.server.level.ServerPlayerGameMode/]: Mismatch in destroy block pos: BlockPos{x=-115, y=76, z=-10} BlockPos{x=-116, y=76, z=-10}
[05Jan2026 07:32:44.629] [Server thread/WARN] [net.minecraft.server.level.ServerPlayerGameMode/]: Mismatch in destroy block pos: BlockPos{x=-114, y=76, z=-10} BlockPos{x=-115, y=76, z=-10}
[05Jan2026 07:32:44.695] [Server thread/WARN] [net.minecraft.server.level.ServerPlayerGameMode/]: Mismatch in destroy block pos: BlockPos{x=-114, y=76, z=-10} BlockPos{x=-115, y=76, z=-10}
[05Jan2026 07:32:44.697] [Server thread/WARN] [net.minecraft.server.level.ServerPlayerGameMode/]: Mismatch in destroy block pos: BlockPos{x=-114, y=76, z=-10} BlockPos{x=-115, y=76, z=-10}
[05Jan2026 07:32:44.790] [Server thread/WARN] [net.minecraft.server.level.ServerPlayerGameMode/]: Mismatch in destroy block pos: BlockPos{x=-113, y=76, z=-10} BlockPos{x=-115, y=76, z=-10}
[05Jan2026 07:32:44.837] [Server thread/WARN] [net.minecraft.server.level.ServerPlayerGameMode/]: Mismatch in destroy block pos: BlockPos{x=-113, y=76, z=-10} BlockPos{x=-115, y=76, z=-10}
[05Jan2026 07:32:44.887] [Server thread/WARN] [net.minecraft.server.level.ServerPlayerGameMode/]: Mismatch in destroy block pos: BlockPos{x=-113, y=76, z=-10} BlockPos{x=-115, y=76, z=-10}
[05Jan2026 07:32:44.937] [Server thread/WARN] [net.minecraft.server.level.ServerPlayerGameMode/]: Mismatch in destroy block pos: BlockPos{x=-113, y=76, z=-10} BlockPos{x=-115, y=76, z=-10}
[05Jan2026 07:32:50.360] [Server thread/WARN] [net.minecraft.server.level.ServerPlayerGameMode/]: Mismatch in destroy block pos: BlockPos{x=-124, y=79, z=-14} BlockPos{x=-124, y=78, z=-14}
[05Jan2026 07:32:50.408] [Server thread/WARN] [net.minecraft.server.level.ServerPlayerGameMode/]: Mismatch in destroy block pos: BlockPos{x=-124, y=79, z=-14} BlockPos{x=-124, y=78, z=-14}
[05Jan2026 07:32:50.463] [Server thread/WARN] [net.minecraft.server.level.ServerPlayerGameMode/]: Mismatch in destroy block pos: BlockPos{x=-124, y=79, z=-14} BlockPos{x=-124, y=78, z=-14}
[05Jan2026 07:32:50.804] [Server thread/WARN] [net.minecraft.server.level.ServerPlayerGameMode/]: Mismatch in destroy block pos: BlockPos{x=-124, y=80, z=-14} BlockPos{x=-124, y=79, z=-14}
[05Jan2026 07:32:50.862] [Server thread/WARN] [net.minecraft.server.level.ServerPlayerGameMode/]: Mismatch in destroy block pos: BlockPos{x=-124, y=80, z=-14} BlockPos{x=-124, y=79, z=-14}
[05Jan2026 07:32:51.347] [Server thread/WARN] [tombstone/]: The death event of the player SVBVKPO was canceled by another mod
[05Jan2026 07:32:51.360] [Server thread/INFO] [tombstone/]: The player SVBVKPO has successfully been saved
[05Jan2026 07:32:51.453] [Server thread/WARN] [net.minecraft.server.level.ServerPlayerGameMode/]: Mismatch in destroy block pos: BlockPos{x=-124, y=79, z=-13} BlockPos{x=-124, y=80, z=-13}
[05Jan2026 07:32:51.503] [Server thread/WARN] [net.minecraft.server.level.ServerPlayerGameMode/]: Mismatch in destroy block pos: BlockPos{x=-124, y=79, z=-13} BlockPos{x=-124, y=80, z=-13}
[05Jan2026 07:32:51.576] [Server thread/WARN] [net.minecraft.server.level.ServerPlayerGameMode/]: Mismatch in destroy block pos: BlockPos{x=-124, y=79, z=-13} BlockPos{x=-124, y=80, z=-13}
[05Jan2026 07:32:51.627] [Server thread/WARN] [net.minecraft.server.level.ServerPlayerGameMode/]: Mismatch in destroy block pos: BlockPos{x=-124, y=79, z=-13} BlockPos{x=-124, y=80, z=-13}
[05Jan2026 07:32:51.807] [Server thread/WARN] [net.minecraft.server.level.ServerPlayerGameMode/]: Mismatch in destroy block pos: BlockPos{x=-124, y=78, z=-13} BlockPos{x=-124, y=79, z=-13}
[05Jan2026 07:32:51.853] [Server thread/WARN] [net.minecraft.server.level.ServerPlayerGameMode/]: Mismatch in destroy block pos: BlockPos{x=-124, y=78, z=-13} BlockPos{x=-124, y=79, z=-13}
[05Jan2026 07:32:51.910] [Server thread/WARN] [net.minecraft.server.level.ServerPlayerGameMode/]: Mismatch in destroy block pos: BlockPos{x=-124, y=78, z=-13} BlockPos{x=-124, y=79, z=-13}
[05Jan2026 07:32:52.400] [Server thread/WARN] [net.minecraft.server.level.ServerPlayerGameMode/]: Mismatch in destroy block pos: BlockPos{x=-124, y=77, z=-13} BlockPos{x=-124, y=78, z=-13}
[05Jan2026 07:32:52.453] [Server thread/WARN] [net.minecraft.server.level.ServerPlayerGameMode/]: Mismatch in destroy block pos: BlockPos{x=-124, y=77, z=-13} BlockPos{x=-124, y=78, z=-13}
[05Jan2026 07:32:52.500] [Server thread/WARN] [net.minecraft.server.level.ServerPlayerGameMode/]: Mismatch in destroy block pos: BlockPos{x=-124, y=77, z=-13} BlockPos{x=-124, y=78, z=-13}
[05Jan2026 07:32:55.063] [Server thread/WARN] [net.minecraft.server.level.ServerPlayerGameMode/]: Mismatch in destroy block pos: BlockPos{x=-124, y=77, z=-15} BlockPos{x=-124, y=77, z=-14}
[05Jan2026 07:32:55.139] [Server thread/WARN] [net.minecraft.server.level.ServerPlayerGameMode/]: Mismatch in destroy block pos: BlockPos{x=-124, y=77, z=-15} BlockPos{x=-124, y=77, z=-14}
[05Jan2026 07:32:55.199] [Server thread/WARN] [net.minecraft.server.level.ServerPlayerGameMode/]: Mismatch in destroy block pos: BlockPos{x=-124, y=77, z=-15} BlockPos{x=-124, y=77, z=-14}
[05Jan2026 07:32:55.231] [Server thread/WARN] [net.minecraft.server.level.ServerPlayerGameMode/]: Mismatch in destroy block pos: BlockPos{x=-124, y=77, z=-15} BlockPos{x=-124, y=77, z=-14}
[05Jan2026 07:32:55.691] [Server thread/WARN] [net.minecraft.server.level.ServerPlayerGameMode/]: Mismatch in destroy block pos: BlockPos{x=-124, y=77, z=-16} BlockPos{x=-124, y=77, z=-15}
[05Jan2026 07:32:55.736] [Server thread/WARN] [net.minecraft.server.level.ServerPlayerGameMode/]: Mismatch in destroy block pos: BlockPos{x=-124, y=77, z=-16} BlockPos{x=-124, y=77, z=-15}
[05Jan2026 07:32:55.797] [Server thread/WARN] [net.minecraft.server.level.ServerPlayerGameMode/]: Mismatch in destroy block pos: BlockPos{x=-124, y=77, z=-16} BlockPos{x=-124, y=77, z=-15}
[05Jan2026 07:32:55.838] [Server thread/WARN] [net.minecraft.server.level.ServerPlayerGameMode/]: Mismatch in destroy block pos: BlockPos{x=-124, y=77, z=-16} BlockPos{x=-124, y=77, z=-15}
[05Jan2026 07:32:56.392] [Server thread/WARN] [net.minecraft.server.level.ServerPlayerGameMode/]: Mismatch in destroy block pos: BlockPos{x=-124, y=77, z=-17} BlockPos{x=-124, y=77, z=-16}
[05Jan2026 07:32:56.428] [Server thread/WARN] [net.minecraft.server.level.ServerPlayerGameMode/]: Mismatch in destroy block pos: BlockPos{x=-124, y=77, z=-17} BlockPos{x=-124, y=77, z=-16}
[05Jan2026 07:32:56.462] [Server thread/WARN] [net.minecraft.server.level.ServerPlayerGameMode/]: Mismatch in destroy block pos: BlockPos{x=-124, y=77, z=-17} BlockPos{x=-124, y=77, z=-16}
[05Jan2026 07:32:56.508] [Server thread/WARN] [net.minecraft.server.level.ServerPlayerGameMode/]: Mismatch in destroy block pos: BlockPos{x=-124, y=77, z=-17} BlockPos{x=-124, y=77, z=-16}
[05Jan2026 07:32:56.595] [Server thread/WARN] [net.minecraft.server.level.ServerPlayerGameMode/]: Mismatch in destroy block pos: BlockPos{x=-124, y=77, z=-17} BlockPos{x=-124, y=77, z=-16}
[05Jan2026 07:32:56.647] [Server thread/WARN] [net.minecraft.server.level.ServerPlayerGameMode/]: Mismatch in destroy block pos: BlockPos{x=-124, y=77, z=-18} BlockPos{x=-124, y=77, z=-16}
[05Jan2026 07:32:56.690] [Server thread/WARN] [net.minecraft.server.level.ServerPlayerGameMode/]: Mismatch in destroy block pos: BlockPos{x=-124, y=77, z=-18} BlockPos{x=-124, y=77, z=-16}
[05Jan2026 07:32:56.745] [Server thread/WARN] [net.minecraft.server.level.ServerPlayerGameMode/]: Mismatch in destroy block pos: BlockPos{x=-124, y=77, z=-18} BlockPos{x=-124, y=77, z=-16}
[05Jan2026 07:32:56.882] [Server thread/WARN] [net.minecraft.server.level.ServerPlayerGameMode/]: Mismatch in destroy block pos: BlockPos{x=-124, y=77, z=-19} BlockPos{x=-124, y=77, z=-18}
[05Jan2026 07:32:56.920] [Server thread/WARN] [net.minecraft.server.level.ServerPlayerGameMode/]: Mismatch in destroy block pos: BlockPos{x=-124, y=77, z=-19} BlockPos{x=-124, y=77, z=-18}
[05Jan2026 07:32:56.955] [Server thread/WARN] [net.minecraft.server.level.ServerPlayerGameMode/]: Mismatch in destroy block pos: BlockPos{x=-124, y=77, z=-19} BlockPos{x=-124, y=77, z=-18}
[05Jan2026 07:32:57.013] [Server thread/WARN] [net.minecraft.server.level.ServerPlayerGameMode/]: Mismatch in destroy block pos: BlockPos{x=-124, y=77, z=-19} BlockPos{x=-124, y=77, z=-18}
[05Jan2026 07:32:57.062] [Server thread/WARN] [net.minecraft.server.level.ServerPlayerGameMode/]: Mismatch in destroy block pos: BlockPos{x=-124, y=77, z=-19} BlockPos{x=-124, y=77, z=-18}
[05Jan2026 07:32:57.128] [Server thread/WARN] [net.minecraft.server.level.ServerPlayerGameMode/]: Mismatch in destroy block pos: BlockPos{x=-124, y=77, z=-20} BlockPos{x=-124, y=77, z=-18}
[05Jan2026 07:32:57.158] [Server thread/WARN] [net.minecraft.server.level.ServerPlayerGameMode/]: Mismatch in destroy block pos: BlockPos{x=-124, y=77, z=-20} BlockPos{x=-124, y=77, z=-18}
[05Jan2026 07:32:57.210] [Server thread/WARN] [net.minecraft.server.level.ServerPlayerGameMode/]: Mismatch in destroy block pos: BlockPos{x=-124, y=77, z=-20} BlockPos{x=-124, y=77, z=-18}
[05Jan2026 07:32:57.665] [Server thread/WARN] [net.minecraft.server.level.ServerPlayerGameMode/]: Mismatch in destroy block pos: BlockPos{x=-124, y=77, z=-21} BlockPos{x=-124, y=77, z=-20}
[05Jan2026 07:32:57.701] [Server thread/WARN] [net.minecraft.server.level.ServerPlayerGameMode/]: Mismatch in destroy block pos: BlockPos{x=-124, y=77, z=-21} BlockPos{x=-124, y=77, z=-20}
[05Jan2026 07:32:57.752] [Server thread/WARN] [net.minecraft.server.level.ServerPlayerGameMode/]: Mismatch in destroy block pos: BlockPos{x=-124, y=77, z=-21} BlockPos{x=-124, y=77, z=-20}
[05Jan2026 07:32:58.193] [Server thread/WARN] [net.minecraft.server.level.ServerPlayerGameMode/]: Mismatch in destroy block pos: BlockPos{x=-124, y=77, z=-22} BlockPos{x=-124, y=77, z=-21}
[05Jan2026 07:32:58.240] [Server thread/WARN] [net.minecraft.server.level.ServerPlayerGameMode/]: Mismatch in destroy block pos: BlockPos{x=-124, y=77, z=-22} BlockPos{x=-124, y=77, z=-21}
[05Jan2026 07:32:58.289] [Server thread/WARN] [net.minecraft.server.level.ServerPlayerGameMode/]: Mismatch in destroy block pos: BlockPos{x=-124, y=77, z=-22} BlockPos{x=-124, y=77, z=-21}
[05Jan2026 07:32:58.765] [Server thread/WARN] [net.minecraft.server.level.ServerPlayerGameMode/]: Mismatch in destroy block pos: BlockPos{x=-124, y=78, z=-22} BlockPos{x=-124, y=77, z=-22}
[05Jan2026 07:32:58.806] [Server thread/WARN] [net.minecraft.server.level.ServerPlayerGameMode/]: Mismatch in destroy block pos: BlockPos{x=-124, y=78, z=-22} BlockPos{x=-124, y=77, z=-22}
[05Jan2026 07:32:58.899] [Server thread/WARN] [net.minecraft.server.level.ServerPlayerGameMode/]: Mismatch in destroy block pos: BlockPos{x=-124, y=78, z=-22} BlockPos{x=-124, y=77, z=-22}
[05Jan2026 07:32:58.900] [Server thread/WARN] [net.minecraft.server.level.ServerPlayerGameMode/]: Mismatch in destroy block pos: BlockPos{x=-124, y=78, z=-22} BlockPos{x=-124, y=77, z=-22}
[05Jan2026 07:32:59.964] [Server thread/WARN] [net.minecraft.server.level.ServerPlayerGameMode/]: Mismatch in destroy block pos: BlockPos{x=-124, y=79, z=-22} BlockPos{x=-124, y=78, z=-22}
[05Jan2026 07:33:00.020] [Server thread/WARN] [net.minecraft.server.level.ServerPlayerGameMode/]: Mismatch in destroy block pos: BlockPos{x=-124, y=79, z=-22} BlockPos{x=-124, y=78, z=-22}
[05Jan2026 07:33:00.057] [Server thread/WARN] [net.minecraft.server.level.ServerPlayerGameMode/]: Mismatch in destroy block pos: BlockPos{x=-124, y=79, z=-22} BlockPos{x=-124, y=78, z=-22}
[05Jan2026 07:33:00.529] [Server thread/WARN] [net.minecraft.server.level.ServerPlayerGameMode/]: Mismatch in destroy block pos: BlockPos{x=-124, y=80, z=-22} BlockPos{x=-124, y=79, z=-22}
[05Jan2026 07:33:00.572] [Server thread/WARN] [net.minecraft.server.level.ServerPlayerGameMode/]: Mismatch in destroy block pos: BlockPos{x=-124, y=80, z=-22} BlockPos{x=-124, y=79, z=-22}
[05Jan2026 07:33:00.610] [Server thread/WARN] [net.minecraft.server.level.ServerPlayerGameMode/]: Mismatch in destroy block pos: BlockPos{x=-124, y=80, z=-22} BlockPos{x=-124, y=79, z=-22}
[05Jan2026 07:33:00.835] [Server thread/WARN] [net.minecraft.server.level.ServerPlayerGameMode/]: Mismatch in destroy block pos: BlockPos{x=-124, y=80, z=-21} BlockPos{x=-124, y=80, z=-22}
[05Jan2026 07:33:00.894] [Server thread/WARN] [net.minecraft.server.level.ServerPlayerGameMode/]: Mismatch in destroy block pos: BlockPos{x=-124, y=80, z=-21} BlockPos{x=-124, y=80, z=-22}
[05Jan2026 07:33:00.925] [Server thread/WARN] [net.minecraft.server.level.ServerPlayerGameMode/]: Mismatch in destroy block pos: BlockPos{x=-124, y=80, z=-21} BlockPos{x=-124, y=80, z=-22}
[05Jan2026 07:33:00.963] [Server thread/WARN] [net.minecraft.server.level.ServerPlayerGameMode/]: Mismatch in destroy block pos: BlockPos{x=-124, y=80, z=-21} BlockPos{x=-124, y=80, z=-22}
[05Jan2026 07:33:01.004] [Server thread/WARN] [net.minecraft.server.level.ServerPlayerGameMode/]: Mismatch in destroy block pos: BlockPos{x=-124, y=79, z=-21} BlockPos{x=-124, y=80, z=-22}
[05Jan2026 07:33:01.051] [Server thread/WARN] [net.minecraft.server.level.ServerPlayerGameMode/]: Mismatch in destroy block pos: BlockPos{x=-124, y=79, z=-21} BlockPos{x=-124, y=80, z=-22}
[05Jan2026 07:33:01.120] [Server thread/WARN] [net.minecraft.server.level.ServerPlayerGameMode/]: Mismatch in destroy block pos: BlockPos{x=-124, y=79, z=-20} BlockPos{x=-124, y=80, z=-22}
[05Jan2026 07:33:01.167] [Server thread/WARN] [net.minecraft.server.level.ServerPlayerGameMode/]: Mismatch in destroy block pos: BlockPos{x=-124, y=79, z=-20} BlockPos{x=-124, y=80, z=-22}
[05Jan2026 07:33:01.206] [Server thread/WARN] [net.minecraft.server.level.ServerPlayerGameMode/]: Mismatch in destroy block pos: BlockPos{x=-124, y=79, z=-20} BlockPos{x=-124, y=80, z=-22}
[05Jan2026 07:33:01.708] [Server thread/WARN] [net.minecraft.server.level.ServerPlayerGameMode/]: Mismatch in destroy block pos: BlockPos{x=-124, y=79, z=-19} BlockPos{x=-124, y=79, z=-20}
[05Jan2026 07:33:01.756] [Server thread/WARN] [net.minecraft.server.level.ServerPlayerGameMode/]: Mismatch in destroy block pos: BlockPos{x=-124, y=79, z=-19} BlockPos{x=-124, y=79, z=-20}
[05Jan2026 07:33:01.819] [Server thread/WARN] [net.minecraft.server.level.ServerPlayerGameMode/]: Mismatch in destroy block pos: BlockPos{x=-124, y=79, z=-19} BlockPos{x=-124, y=79, z=-20}
[05Jan2026 07:33:02.026] [Server thread/WARN] [net.minecraft.server.level.ServerPlayerGameMode/]: Mismatch in destroy block pos: BlockPos{x=-124, y=80, z=-19} BlockPos{x=-124, y=79, z=-19}
[05Jan2026 07:33:02.067] [Server thread/WARN] [net.minecraft.server.level.ServerPlayerGameMode/]: Mismatch in destroy block pos: BlockPos{x=-124, y=80, z=-19} BlockPos{x=-124, y=79, z=-19}
[05Jan2026 07:33:02.123] [Server thread/WARN] [net.minecraft.server.level.ServerPlayerGameMode/]: Mismatch in destroy block pos: BlockPos{x=-124, y=80, z=-19} BlockPos{x=-124, y=79, z=-19}
[05Jan2026 07:33:02.187] [Server thread/WARN] [net.minecraft.server.level.ServerPlayerGameMode/]: Mismatch in destroy block pos: BlockPos{x=-124, y=81, z=-19} BlockPos{x=-124, y=79, z=-19}
[05Jan2026 07:33:02.330] [Server thread/WARN] [net.minecraft.server.level.ServerPlayerGameMode/]: Mismatch in destroy block pos: BlockPos{x=-124, y=80, z=-18} BlockPos{x=-124, y=80, z=-19}
[05Jan2026 07:33:02.371] [Server thread/WARN] [net.minecraft.server.level.ServerPlayerGameMode/]: Mismatch in destroy block pos: BlockPos{x=-124, y=80, z=-18} BlockPos{x=-124, y=80, z=-19}
[05Jan2026 07:33:02.413] [Server thread/WARN] [net.minecraft.server.level.ServerPlayerGameMode/]: Mismatch in destroy block pos: BlockPos{x=-124, y=79, z=-18} BlockPos{x=-124, y=80, z=-19}
[05Jan2026 07:33:02.456] [Server thread/WARN] [net.minecraft.server.level.ServerPlayerGameMode/]: Mismatch in destroy block pos: BlockPos{x=-124, y=79, z=-18} BlockPos{x=-124, y=80, z=-19}
[05Jan2026 07:33:02.510] [Server thread/WARN] [net.minecraft.server.level.ServerPlayerGameMode/]: Mismatch in destroy block pos: BlockPos{x=-124, y=79, z=-17} BlockPos{x=-124, y=80, z=-19}
[05Jan2026 07:33:02.581] [Server thread/WARN] [net.minecraft.server.level.ServerPlayerGameMode/]: Mismatch in destroy block pos: BlockPos{x=-124, y=79, z=-17} BlockPos{x=-124, y=80, z=-19}
[05Jan2026 07:33:02.633] [Server thread/WARN] [net.minecraft.server.level.ServerPlayerGameMode/]: Mismatch in destroy block pos: BlockPos{x=-124, y=79, z=-17} BlockPos{x=-124, y=80, z=-19}
[05Jan2026 07:33:02.903] [Server thread/WARN] [net.minecraft.server.level.ServerPlayerGameMode/]: Mismatch in destroy block pos: BlockPos{x=-124, y=80, z=-17} BlockPos{x=-124, y=79, z=-17}
[05Jan2026 07:33:02.955] [Server thread/WARN] [net.minecraft.server.level.ServerPlayerGameMode/]: Mismatch in destroy block pos: BlockPos{x=-124, y=80, z=-17} BlockPos{x=-124, y=79, z=-17}
[05Jan2026 07:33:03.013] [Server thread/WARN] [net.minecraft.server.level.ServerPlayerGameMode/]: Mismatch in destroy block pos: BlockPos{x=-124, y=80, z=-16} BlockPos{x=-124, y=79, z=-17}
[05Jan2026 07:33:03.068] [Server thread/WARN] [net.minecraft.server.level.ServerPlayerGameMode/]: Mismatch in destroy block pos: BlockPos{x=-124, y=80, z=-16} BlockPos{x=-124, y=79, z=-17}
[05Jan2026 07:33:03.105] [Server thread/WARN] [net.minecraft.server.level.ServerPlayerGameMode/]: Mismatch in destroy block pos: BlockPos{x=-124, y=80, z=-16} BlockPos{x=-124, y=79, z=-17}
[05Jan2026 07:33:03.621] [Server thread/WARN] [net.minecraft.server.level.ServerPlayerGameMode/]: Mismatch in destroy block pos: BlockPos{x=-124, y=81, z=-15} BlockPos{x=-124, y=80, z=-16}
[05Jan2026 07:33:03.662] [Server thread/WARN] [net.minecraft.server.level.ServerPlayerGameMode/]: Mismatch in destroy block pos: BlockPos{x=-124, y=81, z=-15} BlockPos{x=-124, y=80, z=-16}
[05Jan2026 07:33:04.353] [Server thread/WARN] [net.minecraft.server.level.ServerPlayerGameMode/]: Mismatch in destroy block pos: BlockPos{x=-124, y=79, z=-15} BlockPos{x=-124, y=80, z=-14}
[05Jan2026 07:33:04.402] [Server thread/WARN] [net.minecraft.server.level.ServerPlayerGameMode/]: Mismatch in destroy block pos: BlockPos{x=-124, y=79, z=-15} BlockPos{x=-124, y=80, z=-14}
[05Jan2026 07:33:04.454] [Server thread/WARN] [net.minecraft.server.level.ServerPlayerGameMode/]: Mismatch in destroy block pos: BlockPos{x=-124, y=79, z=-15} BlockPos{x=-124, y=80, z=-14}
[05Jan2026 07:33:04.509] [Server thread/WARN] [net.minecraft.server.level.ServerPlayerGameMode/]: Mismatch in destroy block pos: BlockPos{x=-124, y=79, z=-15} BlockPos{x=-124, y=80, z=-14}
[05Jan2026 07:33:04.568] [Server thread/WARN] [net.minecraft.server.level.ServerPlayerGameMode/]: Mismatch in destroy block pos: BlockPos{x=-124, y=78, z=-15} BlockPos{x=-124, y=80, z=-14}
[05Jan2026 07:33:04.602] [Server thread/WARN] [net.minecraft.server.level.ServerPlayerGameMode/]: Mismatch in destroy block pos: BlockPos{x=-124, y=78, z=-15} BlockPos{x=-124, y=80, z=-14}
[05Jan2026 07:33:04.655] [Server thread/WARN] [net.minecraft.server.level.ServerPlayerGameMode/]: Mismatch in destroy block pos: BlockPos{x=-124, y=78, z=-15} BlockPos{x=-124, y=80, z=-14}
[05Jan2026 07:33:05.140] [Server thread/WARN] [net.minecraft.server.level.ServerPlayerGameMode/]: Mismatch in destroy block pos: BlockPos{x=-124, y=78, z=-16} BlockPos{x=-124, y=77, z=-16}
[05Jan2026 07:33:05.436] [Server thread/WARN] [net.minecraft.server.level.ServerPlayerGameMode/]: Mismatch in destroy block pos: BlockPos{x=-124, y=78, z=-16} BlockPos{x=-124, y=77, z=-16}
[05Jan2026 07:33:05.857] [Server thread/WARN] [net.minecraft.server.level.ServerPlayerGameMode/]: Mismatch in destroy block pos: BlockPos{x=-124, y=78, z=-17} BlockPos{x=-124, y=77, z=-17}
[05Jan2026 07:33:05.918] [Server thread/WARN] [net.minecraft.server.level.ServerPlayerGameMode/]: Mismatch in destroy block pos: BlockPos{x=-124, y=78, z=-17} BlockPos{x=-124, y=77, z=-17}
[05Jan2026 07:33:05.962] [Server thread/WARN] [net.minecraft.server.level.ServerPlayerGameMode/]: Mismatch in destroy block pos: BlockPos{x=-124, y=78, z=-18} BlockPos{x=-124, y=77, z=-17}
[05Jan2026 07:33:06.005] [Server thread/WARN] [net.minecraft.server.level.ServerPlayerGameMode/]: Mismatch in destroy block pos: BlockPos{x=-124, y=78, z=-18} BlockPos{x=-124, y=77, z=-17}
[05Jan2026 07:33:06.063] [Server thread/WARN] [net.minecraft.server.level.ServerPlayerGameMode/]: Mismatch in destroy block pos: BlockPos{x=-124, y=78, z=-18} BlockPos{x=-124, y=77, z=-17}
[05Jan2026 07:33:10.636] [Server thread/WARN] [net.minecraft.server.level.ServerPlayerGameMode/]: Mismatch in destroy block pos: BlockPos{x=-122, y=81, z=-21} BlockPos{x=-123, y=81, z=-22}
[05Jan2026 07:33:10.678] [Server thread/WARN] [net.minecraft.server.level.ServerPlayerGameMode/]: Mismatch in destroy block pos: BlockPos{x=-122, y=81, z=-21} BlockPos{x=-123, y=81, z=-22}
[05Jan2026 07:33:10.715] [Server thread/WARN] [net.minecraft.server.level.ServerPlayerGameMode/]: Mismatch in destroy block pos: BlockPos{x=-122, y=81, z=-21} BlockPos{x=-123, y=81, z=-22}
[05Jan2026 07:33:10.760] [Server thread/WARN] [net.minecraft.server.level.ServerPlayerGameMode/]: Mismatch in destroy block pos: BlockPos{x=-122, y=81, z=-21} BlockPos{x=-123, y=81, z=-22}
[05Jan2026 07:33:11.210] [Server thread/WARN] [net.minecraft.server.level.ServerPlayerGameMode/]: Mismatch in destroy block pos: BlockPos{x=-123, y=81, z=-20} BlockPos{x=-123, y=81, z=-21}
[05Jan2026 07:33:11.270] [Server thread/WARN] [net.minecraft.server.level.ServerPlayerGameMode/]: Mismatch in destroy block pos: BlockPos{x=-123, y=81, z=-20} BlockPos{x=-123, y=81, z=-21}
[05Jan2026 07:33:11.337] [Server thread/WARN] [net.minecraft.server.level.ServerPlayerGameMode/]: Mismatch in destroy block pos: BlockPos{x=-123, y=81, z=-20} BlockPos{x=-123, y=81, z=-21}
[05Jan2026 07:33:11.696] [Server thread/WARN] [net.minecraft.server.level.ServerPlayerGameMode/]: Mismatch in destroy block pos: BlockPos{x=-122, y=81, z=-20} BlockPos{x=-123, y=81, z=-20}
[05Jan2026 07:33:11.755] [Server thread/WARN] [net.minecraft.server.level.ServerPlayerGameMode/]: Mismatch in destroy block pos: BlockPos{x=-122, y=81, z=-19} BlockPos{x=-123, y=81, z=-20}
[05Jan2026 07:33:12.448] [Server thread/WARN] [net.minecraft.server.level.ServerPlayerGameMode/]: Mismatch in destroy block pos: BlockPos{x=-123, y=81, z=-19} BlockPos{x=-122, y=81, z=-19}
[05Jan2026 07:33:12.502] [Server thread/WARN] [net.minecraft.server.level.ServerPlayerGameMode/]: Mismatch in destroy block pos: BlockPos{x=-123, y=81, z=-19} BlockPos{x=-122, y=81, z=-19}
[05Jan2026 07:33:12.504] [Server thread/WARN] [net.minecraft.server.level.ServerPlayerGameMode/]: Mismatch in destroy block pos: BlockPos{x=-123, y=81, z=-19} BlockPos{x=-122, y=81, z=-19}
[05Jan2026 07:33:12.762] [Server thread/WARN] [net.minecraft.server.level.ServerPlayerGameMode/]: Mismatch in destroy block pos: BlockPos{x=-123, y=81, z=-18} BlockPos{x=-123, y=81, z=-19}
[05Jan2026 07:33:12.820] [Server thread/WARN] [net.minecraft.server.level.ServerPlayerGameMode/]: Mismatch in destroy block pos: BlockPos{x=-123, y=81, z=-18} BlockPos{x=-123, y=81, z=-19}
[05Jan2026 07:33:12.889] [Server thread/WARN] [net.minecraft.server.level.ServerPlayerGameMode/]: Mismatch in destroy block pos: BlockPos{x=-123, y=81, z=-18} BlockPos{x=-123, y=81, z=-19}
[05Jan2026 07:33:12.924] [Server thread/WARN] [net.minecraft.server.level.ServerPlayerGameMode/]: Mismatch in destroy block pos: BlockPos{x=-123, y=81, z=-18} BlockPos{x=-123, y=81, z=-19}
[05Jan2026 07:33:13.008] [Server thread/WARN] [net.minecraft.server.level.ServerPlayerGameMode/]: Mismatch in destroy block pos: BlockPos{x=-123, y=81, z=-17} BlockPos{x=-123, y=81, z=-19}
[05Jan2026 07:33:13.010] [Server thread/WARN] [net.minecraft.server.level.ServerPlayerGameMode/]: Mismatch in destroy block pos: BlockPos{x=-123, y=81, z=-17} BlockPos{x=-123, y=81, z=-19}
[05Jan2026 07:33:13.057] [Server thread/WARN] [net.minecraft.server.level.ServerPlayerGameMode/]: Mismatch in destroy block pos: BlockPos{x=-123, y=81, z=-17} BlockPos{x=-123, y=81, z=-19}
[05Jan2026 07:33:13.477] [Server thread/WARN] [net.minecraft.server.level.ServerPlayerGameMode/]: Mismatch in destroy block pos: BlockPos{x=-123, y=81, z=-16} BlockPos{x=-123, y=81, z=-17}
[05Jan2026 07:33:13.531] [Server thread/WARN] [net.minecraft.server.level.ServerPlayerGameMode/]: Mismatch in destroy block pos: BlockPos{x=-123, y=81, z=-16} BlockPos{x=-123, y=81, z=-17}
[05Jan2026 07:33:13.606] [Server thread/WARN] [net.minecraft.server.level.ServerPlayerGameMode/]: Mismatch in destroy block pos: BlockPos{x=-123, y=81, z=-16} BlockPos{x=-123, y=81, z=-17}
[05Jan2026 07:33:13.712] [Server thread/WARN] [net.minecraft.server.level.ServerPlayerGameMode/]: Mismatch in destroy block pos: BlockPos{x=-123, y=81, z=-15} BlockPos{x=-123, y=81, z=-16}
[05Jan2026 07:33:13.762] [Server thread/WARN] [net.minecraft.server.level.ServerPlayerGameMode/]: Mismatch in destroy block pos: BlockPos{x=-123, y=81, z=-15} BlockPos{x=-123, y=81, z=-16}
[05Jan2026 07:33:13.807] [Server thread/WARN] [net.minecraft.server.level.ServerPlayerGameMode/]: Mismatch in destroy block pos: BlockPos{x=-123, y=81, z=-15} BlockPos{x=-123, y=81, z=-16}
[05Jan2026 07:33:13.904] [Server thread/WARN] [net.minecraft.server.level.ServerPlayerGameMode/]: Mismatch in destroy block pos: BlockPos{x=-123, y=81, z=-15} BlockPos{x=-123, y=81, z=-16}
[05Jan2026 07:33:14.110] [Server thread/WARN] [net.minecraft.server.level.ServerPlayerGameMode/]: Mismatch in destroy block pos: BlockPos{x=-123, y=81, z=-14} BlockPos{x=-123, y=81, z=-15}
[05Jan2026 07:33:14.189] [Server thread/WARN] [net.minecraft.server.level.ServerPlayerGameMode/]: Mismatch in destroy block pos: BlockPos{x=-123, y=81, z=-14} BlockPos{x=-123, y=81, z=-15}
[05Jan2026 07:33:14.238] [Server thread/WARN] [net.minecraft.server.level.ServerPlayerGameMode/]: Mismatch in destroy block pos: BlockPos{x=-123, y=81, z=-14} BlockPos{x=-123, y=81, z=-15}
[05Jan2026 07:33:14.291] [Server thread/WARN] [net.minecraft.server.level.ServerPlayerGameMode/]: Mismatch in destroy block pos: BlockPos{x=-123, y=81, z=-14} BlockPos{x=-123, y=81, z=-15}
[05Jan2026 07:33:14.412] [Server thread/WARN] [net.minecraft.server.level.ServerPlayerGameMode/]: Mismatch in destroy block pos: BlockPos{x=-122, y=81, z=-14} BlockPos{x=-123, y=81, z=-14}
[05Jan2026 07:33:14.491] [Server thread/WARN] [net.minecraft.server.level.ServerPlayerGameMode/]: Mismatch in destroy block pos: BlockPos{x=-122, y=81, z=-14} BlockPos{x=-123, y=81, z=-14}
[05Jan2026 07:33:14.544] [Server thread/WARN] [net.minecraft.server.level.ServerPlayerGameMode/]: Mismatch in destroy block pos: BlockPos{x=-122, y=81, z=-14} BlockPos{x=-123, y=81, z=-14}
[05Jan2026 07:33:14.784] [Server thread/WARN] [net.minecraft.server.level.ServerPlayerGameMode/]: Mismatch in destroy block pos: BlockPos{x=-121, y=81, z=-16} BlockPos{x=-122, y=81, z=-14}
[05Jan2026 07:33:14.835] [Server thread/WARN] [net.minecraft.server.level.ServerPlayerGameMode/]: Mismatch in destroy block pos: BlockPos{x=-121, y=81, z=-16} BlockPos{x=-122, y=81, z=-14}
[05Jan2026 07:33:14.937] [Server thread/WARN] [net.minecraft.server.level.ServerPlayerGameMode/]: Mismatch in destroy block pos: BlockPos{x=-122, y=81, z=-16} BlockPos{x=-122, y=81, z=-14}
[05Jan2026 07:33:14.938] [Server thread/WARN] [net.minecraft.server.level.ServerPlayerGameMode/]: Mismatch in destroy block pos: BlockPos{x=-122, y=81, z=-16} BlockPos{x=-122, y=81, z=-14}
[05Jan2026 07:33:14.982] [Server thread/WARN] [net.minecraft.server.level.ServerPlayerGameMode/]: Mismatch in destroy block pos: BlockPos{x=-122, y=81, z=-16} BlockPos{x=-122, y=81, z=-14}
[05Jan2026 07:33:15.121] [Server thread/WARN] [net.minecraft.server.level.ServerPlayerGameMode/]: Mismatch in destroy block pos: BlockPos{x=-122, y=81, z=-17} BlockPos{x=-122, y=81, z=-16}
[05Jan2026 07:33:15.216] [Server thread/WARN] [net.minecraft.server.level.ServerPlayerGameMode/]: Mismatch in destroy block pos: BlockPos{x=-122, y=81, z=-17} BlockPos{x=-122, y=81, z=-16}
[05Jan2026 07:33:15.217] [Server thread/WARN] [net.minecraft.server.level.ServerPlayerGameMode/]: Mismatch in destroy block pos: BlockPos{x=-122, y=81, z=-17} BlockPos{x=-122, y=81, z=-16}
[05Jan2026 07:33:15.259] [Server thread/WARN] [net.minecraft.server.level.ServerPlayerGameMode/]: Mismatch in destroy block pos: BlockPos{x=-122, y=81, z=-17} BlockPos{x=-122, y=81, z=-16}
[05Jan2026 07:33:15.752] [Server thread/WARN] [net.minecraft.server.level.ServerPlayerGameMode/]: Mismatch in destroy block pos: BlockPos{x=-122, y=81, z=-18} BlockPos{x=-122, y=81, z=-17}
[05Jan2026 07:33:15.755] [Server thread/WARN] [net.minecraft.server.level.ServerPlayerGameMode/]: Mismatch in destroy block pos: BlockPos{x=-122, y=81, z=-18} BlockPos{x=-122, y=81, z=-17}
[05Jan2026 07:33:15.804] [Server thread/WARN] [net.minecraft.server.level.ServerPlayerGameMode/]: Mismatch in destroy block pos: BlockPos{x=-122, y=81, z=-18} BlockPos{x=-122, y=81, z=-17}
[05Jan2026 07:33:16.074] [Server thread/WARN] [net.minecraft.server.level.ServerPlayerGameMode/]: Mismatch in destroy block pos: BlockPos{x=-121, y=81, z=-19} BlockPos{x=-122, y=81, z=-19}
[05Jan2026 07:33:16.126] [Server thread/WARN] [net.minecraft.server.level.ServerPlayerGameMode/]: Mismatch in destroy block pos: BlockPos{x=-121, y=81, z=-19} BlockPos{x=-122, y=81, z=-19}
[05Jan2026 07:33:16.168] [Server thread/WARN] [net.minecraft.server.level.ServerPlayerGameMode/]: Mismatch in destroy block pos: BlockPos{x=-121, y=81, z=-19} BlockPos{x=-122, y=81, z=-19}
[05Jan2026 07:33:16.209] [Server thread/WARN] [net.minecraft.server.level.ServerPlayerGameMode/]: Mismatch in destroy block pos: BlockPos{x=-121, y=81, z=-19} BlockPos{x=-122, y=81, z=-19}
[05Jan2026 07:33:16.464] [Server thread/WARN] [net.minecraft.server.level.ServerPlayerGameMode/]: Mismatch in destroy block pos: BlockPos{x=-121, y=81, z=-20} BlockPos{x=-121, y=81, z=-19}
[05Jan2026 07:33:16.517] [Server thread/WARN] [net.minecraft.server.level.ServerPlayerGameMode/]: Mismatch in destroy block pos: BlockPos{x=-121, y=81, z=-20} BlockPos{x=-121, y=81, z=-19}
[05Jan2026 07:33:16.550] [Server thread/WARN] [net.minecraft.server.level.ServerPlayerGameMode/]: Mismatch in destroy block pos: BlockPos{x=-121, y=81, z=-20} BlockPos{x=-121, y=81, z=-19}
[05Jan2026 07:33:17.255] [Server thread/WARN] [net.minecraft.server.level.ServerPlayerGameMode/]: Mismatch in destroy block pos: BlockPos{x=-121, y=81, z=-21} BlockPos{x=-121, y=81, z=-20}
[05Jan2026 07:33:17.319] [Server thread/WARN] [net.minecraft.server.level.ServerPlayerGameMode/]: Mismatch in destroy block pos: BlockPos{x=-121, y=81, z=-21} BlockPos{x=-121, y=81, z=-20}
[05Jan2026 07:33:17.372] [Server thread/WARN] [net.minecraft.server.level.ServerPlayerGameMode/]: Mismatch in destroy block pos: BlockPos{x=-121, y=81, z=-21} BlockPos{x=-121, y=81, z=-20}
[05Jan2026 07:33:17.674] [Server thread/WARN] [net.minecraft.server.level.ServerPlayerGameMode/]: Mismatch in destroy block pos: BlockPos{x=-121, y=80, z=-22} BlockPos{x=-121, y=81, z=-21}
[05Jan2026 07:33:17.729] [Server thread/WARN] [net.minecraft.server.level.ServerPlayerGameMode/]: Mismatch in destroy block pos: BlockPos{x=-121, y=80, z=-22} BlockPos{x=-121, y=81, z=-21}
[05Jan2026 07:33:17.779] [Server thread/WARN] [net.minecraft.server.level.ServerPlayerGameMode/]: Mismatch in destroy block pos: BlockPos{x=-121, y=79, z=-22} BlockPos{x=-121, y=81, z=-21}
[05Jan2026 07:33:17.833] [Server thread/WARN] [net.minecraft.server.level.ServerPlayerGameMode/]: Mismatch in destroy block pos: BlockPos{x=-121, y=79, z=-22} BlockPos{x=-121, y=81, z=-21}
[05Jan2026 07:33:17.875] [Server thread/WARN] [net.minecraft.server.level.ServerPlayerGameMode/]: Mismatch in destroy block pos: BlockPos{x=-121, y=79, z=-22} BlockPos{x=-121, y=81, z=-21}
[05Jan2026 07:33:18.337] [Server thread/WARN] [net.minecraft.server.level.ServerPlayerGameMode/]: Mismatch in destroy block pos: BlockPos{x=-122, y=79, z=-22} BlockPos{x=-121, y=79, z=-22}
[05Jan2026 07:33:18.370] [Server thread/WARN] [net.minecraft.server.level.ServerPlayerGameMode/]: Mismatch in destroy block pos: BlockPos{x=-122, y=79, z=-22} BlockPos{x=-121, y=79, z=-22}
[05Jan2026 07:33:18.402] [Server thread/WARN] [net.minecraft.server.level.ServerPlayerGameMode/]: Mismatch in destroy block pos: BlockPos{x=-123, y=79, z=-22} BlockPos{x=-121, y=79, z=-22}
[05Jan2026 07:33:18.467] [Server thread/WARN] [net.minecraft.server.level.ServerPlayerGameMode/]: Mismatch in destroy block pos: BlockPos{x=-123, y=79, z=-22} BlockPos{x=-121, y=79, z=-22}
[05Jan2026 07:33:18.512] [Server thread/WARN] [net.minecraft.server.level.ServerPlayerGameMode/]: Mismatch in destroy block pos: BlockPos{x=-123, y=79, z=-22} BlockPos{x=-121, y=79, z=-22}
[05Jan2026 07:33:18.578] [Server thread/WARN] [net.minecraft.server.level.ServerPlayerGameMode/]: Mismatch in destroy block pos: BlockPos{x=-123, y=79, z=-22} BlockPos{x=-121, y=79, z=-22}
[05Jan2026 07:33:19.002] [Server thread/WARN] [net.minecraft.server.level.ServerPlayerGameMode/]: Mismatch in destroy block pos: BlockPos{x=-122, y=80, z=-22} BlockPos{x=-123, y=80, z=-22}
[05Jan2026 07:33:19.066] [Server thread/WARN] [net.minecraft.server.level.ServerPlayerGameMode/]: Mismatch in destroy block pos: BlockPos{x=-122, y=80, z=-22} BlockPos{x=-123, y=80, z=-22}
[05Jan2026 07:33:19.106] [Server thread/WARN] [net.minecraft.server.level.ServerPlayerGameMode/]: Mismatch in destroy block pos: BlockPos{x=-122, y=80, z=-22} BlockPos{x=-123, y=80, z=-22}
[05Jan2026 07:33:19.686] [Server thread/WARN] [net.minecraft.server.level.ServerPlayerGameMode/]: Mismatch in destroy block pos: BlockPos{x=-120, y=80, z=-22} BlockPos{x=-121, y=80, z=-22}
[05Jan2026 07:33:19.720] [Server thread/WARN] [net.minecraft.server.level.ServerPlayerGameMode/]: Mismatch in destroy block pos: BlockPos{x=-120, y=80, z=-22} BlockPos{x=-121, y=80, z=-22}
[05Jan2026 07:33:19.760] [Server thread/WARN] [net.minecraft.server.level.ServerPlayerGameMode/]: Mismatch in destroy block pos: BlockPos{x=-120, y=80, z=-22} BlockPos{x=-121, y=80, z=-22}
[05Jan2026 07:33:20.057] [Server thread/WARN] [net.minecraft.server.level.ServerPlayerGameMode/]: Mismatch in destroy block pos: BlockPos{x=-119, y=80, z=-22} BlockPos{x=-120, y=80, z=-22}
[05Jan2026 07:33:20.101] [Server thread/WARN] [net.minecraft.server.level.ServerPlayerGameMode/]: Mismatch in destroy block pos: BlockPos{x=-119, y=80, z=-22} BlockPos{x=-120, y=80, z=-22}
[05Jan2026 07:33:20.173] [Server thread/WARN] [net.minecraft.server.level.ServerPlayerGameMode/]: Mismatch in destroy block pos: BlockPos{x=-119, y=80, z=-22} BlockPos{x=-120, y=80, z=-22}
[05Jan2026 07:33:20.209] [Server thread/WARN] [net.minecraft.server.level.ServerPlayerGameMode/]: Mismatch in destroy block pos: BlockPos{x=-119, y=79, z=-22} BlockPos{x=-120, y=80, z=-22}
[05Jan2026 07:33:20.290] [Server thread/WARN] [net.minecraft.server.level.ServerPlayerGameMode/]: Mismatch in destroy block pos: BlockPos{x=-119, y=79, z=-22} BlockPos{x=-120, y=80, z=-22}
[05Jan2026 07:33:20.325] [Server thread/WARN] [net.minecraft.server.level.ServerPlayerGameMode/]: Mismatch in destroy block pos: BlockPos{x=-119, y=79, z=-22} BlockPos{x=-120, y=80, z=-22}
[05Jan2026 07:33:20.565] [Server thread/WARN] [net.minecraft.server.level.ServerPlayerGameMode/]: Mismatch in destroy block pos: BlockPos{x=-119, y=78, z=-22} BlockPos{x=-119, y=79, z=-22}
[05Jan2026 07:33:20.621] [Server thread/WARN] [net.minecraft.server.level.ServerPlayerGameMode/]: Mismatch in destroy block pos: BlockPos{x=-119, y=78, z=-22} BlockPos{x=-119, y=79, z=-22}
[05Jan2026 07:33:20.658] [Server thread/WARN] [net.minecraft.server.level.ServerPlayerGameMode/]: Mismatch in destroy block pos: BlockPos{x=-119, y=78, z=-22} BlockPos{x=-119, y=79, z=-22}
[05Jan2026 07:33:20.806] [Server thread/WARN] [net.minecraft.server.level.ServerPlayerGameMode/]: Mismatch in destroy block pos: BlockPos{x=-120, y=78, z=-22} BlockPos{x=-119, y=78, z=-22}
[05Jan2026 07:33:20.867] [Server thread/WARN] [net.minecraft.server.level.ServerPlayerGameMode/]: Mismatch in destroy block pos: BlockPos{x=-120, y=78, z=-22} BlockPos{x=-119, y=78, z=-22}
[05Jan2026 07:33:20.902] [Server thread/WARN] [net.minecraft.server.level.ServerPlayerGameMode/]: Mismatch in destroy block pos: BlockPos{x=-120, y=78, z=-22} BlockPos{x=-119, y=78, z=-22}
[05Jan2026 07:33:20.960] [Server thread/WARN] [net.minecraft.server.level.ServerPlayerGameMode/]: Mismatch in destroy block pos: BlockPos{x=-120, y=78, z=-22} BlockPos{x=-119, y=78, z=-22}
[05Jan2026 07:33:21.007] [Server thread/WARN] [net.minecraft.server.level.ServerPlayerGameMode/]: Mismatch in destroy block pos: BlockPos{x=-121, y=78, z=-22} BlockPos{x=-119, y=78, z=-22}
[05Jan2026 07:33:21.055] [Server thread/WARN] [net.minecraft.server.level.ServerPlayerGameMode/]: Mismatch in destroy block pos: BlockPos{x=-121, y=78, z=-22} BlockPos{x=-119, y=78, z=-22}
[05Jan2026 07:33:21.102] [Server thread/WARN] [net.minecraft.server.level.ServerPlayerGameMode/]: Mismatch in destroy block pos: BlockPos{x=-121, y=78, z=-22} BlockPos{x=-119, y=78, z=-22}
[05Jan2026 07:33:21.151] [Server thread/WARN] [net.minecraft.server.level.ServerPlayerGameMode/]: Mismatch in destroy block pos: BlockPos{x=-122, y=78, z=-22} BlockPos{x=-119, y=78, z=-22}
[05Jan2026 07:33:21.201] [Server thread/WARN] [net.minecraft.server.level.ServerPlayerGameMode/]: Mismatch in destroy block pos: BlockPos{x=-122, y=78, z=-22} BlockPos{x=-119, y=78, z=-22}
[05Jan2026 07:33:21.250] [Server thread/WARN] [net.minecraft.server.level.ServerPlayerGameMode/]: Mismatch in destroy block pos: BlockPos{x=-122, y=78, z=-22} BlockPos{x=-119, y=78, z=-22}
[05Jan2026 07:33:21.452] [Server thread/WARN] [net.minecraft.server.level.ServerPlayerGameMode/]: Mismatch in destroy block pos: BlockPos{x=-123, y=78, z=-22} BlockPos{x=-122, y=78, z=-22}
[05Jan2026 07:33:21.507] [Server thread/WARN] [net.minecraft.server.level.ServerPlayerGameMode/]: Mismatch in destroy block pos: BlockPos{x=-123, y=78, z=-22} BlockPos{x=-122, y=78, z=-22}
[05Jan2026 07:33:21.557] [Server thread/WARN] [net.minecraft.server.level.ServerPlayerGameMode/]: Mismatch in destroy block pos: BlockPos{x=-123, y=78, z=-22} BlockPos{x=-122, y=78, z=-22}
[05Jan2026 07:33:23.954] [Server thread/WARN] [net.minecraft.server.level.ServerPlayerGameMode/]: Mismatch in destroy block pos: BlockPos{x=-121, y=77, z=-22} BlockPos{x=-121, y=78, z=-22}
[05Jan2026 07:33:24.003] [Server thread/WARN] [net.minecraft.server.level.ServerPlayerGameMode/]: Mismatch in destroy block pos: BlockPos{x=-121, y=77, z=-22} BlockPos{x=-121, y=78, z=-22}
[05Jan2026 07:33:24.052] [Server thread/WARN] [net.minecraft.server.level.ServerPlayerGameMode/]: Mismatch in destroy block pos: BlockPos{x=-121, y=77, z=-22} BlockPos{x=-121, y=78, z=-22}
[05Jan2026 07:33:24.302] [Server thread/WARN] [net.minecraft.server.level.ServerPlayerGameMode/]: Mismatch in destroy block pos: BlockPos{x=-122, y=77, z=-22} BlockPos{x=-121, y=77, z=-22}
[05Jan2026 07:33:24.356] [Server thread/WARN] [net.minecraft.server.level.ServerPlayerGameMode/]: Mismatch in destroy block pos: BlockPos{x=-122, y=77, z=-22} BlockPos{x=-121, y=77, z=-22}
[05Jan2026 07:33:24.402] [Server thread/WARN] [net.minecraft.server.level.ServerPlayerGameMode/]: Mismatch in destroy block pos: BlockPos{x=-122, y=77, z=-22} BlockPos{x=-121, y=77, z=-22}
[05Jan2026 07:33:24.806] [Server thread/WARN] [net.minecraft.server.level.ServerPlayerGameMode/]: Mismatch in destroy block pos: BlockPos{x=-120, y=77, z=-22} BlockPos{x=-121, y=77, z=-22}
[05Jan2026 07:33:24.894] [Server thread/WARN] [net.minecraft.server.level.ServerPlayerGameMode/]: Mismatch in destroy block pos: BlockPos{x=-120, y=77, z=-22} BlockPos{x=-121, y=77, z=-22}
[05Jan2026 07:33:24.924] [Server thread/WARN] [net.minecraft.server.level.ServerPlayerGameMode/]: Mismatch in destroy block pos: BlockPos{x=-120, y=77, z=-22} BlockPos{x=-121, y=77, z=-22}
[05Jan2026 07:33:25.052] [Server thread/WARN] [net.minecraft.server.level.ServerPlayerGameMode/]: Mismatch in destroy block pos: BlockPos{x=-119, y=77, z=-22} BlockPos{x=-120, y=77, z=-22}
[05Jan2026 07:33:25.107] [Server thread/WARN] [net.minecraft.server.level.ServerPlayerGameMode/]: Mismatch in destroy block pos: BlockPos{x=-119, y=77, z=-22} BlockPos{x=-120, y=77, z=-22}
[05Jan2026 07:33:25.154] [Server thread/WARN] [net.minecraft.server.level.ServerPlayerGameMode/]: Mismatch in destroy block pos: BlockPos{x=-119, y=77, z=-22} BlockPos{x=-120, y=77, z=-22}
[05Jan2026 07:33:25.302] [Server thread/WARN] [net.minecraft.server.level.ServerPlayerGameMode/]: Mismatch in destroy block pos: BlockPos{x=-118, y=77, z=-22} BlockPos{x=-119, y=77, z=-22}
[05Jan2026 07:33:25.350] [Server thread/WARN] [net.minecraft.server.level.ServerPlayerGameMode/]: Mismatch in destroy block pos: BlockPos{x=-118, y=77, z=-22} BlockPos{x=-119, y=77, z=-22}
[05Jan2026 07:33:25.400] [Server thread/WARN] [net.minecraft.server.level.ServerPlayerGameMode/]: Mismatch in destroy block pos: BlockPos{x=-118, y=77, z=-22} BlockPos{x=-119, y=77, z=-22}
[05Jan2026 07:33:25.455] [Server thread/WARN] [net.minecraft.server.level.ServerPlayerGameMode/]: Mismatch in destroy block pos: BlockPos{x=-118, y=77, z=-22} BlockPos{x=-119, y=77, z=-22}
[05Jan2026 07:33:25.505] [Server thread/WARN] [net.minecraft.server.level.ServerPlayerGameMode/]: Mismatch in destroy block pos: BlockPos{x=-117, y=77, z=-22} BlockPos{x=-119, y=77, z=-22}
[05Jan2026 07:33:25.550] [Server thread/WARN] [net.minecraft.server.level.ServerPlayerGameMode/]: Mismatch in destroy block pos: BlockPos{x=-117, y=77, z=-22} BlockPos{x=-119, y=77, z=-22}
[05Jan2026 07:33:25.602] [Server thread/WARN] [net.minecraft.server.level.ServerPlayerGameMode/]: Mismatch in destroy block pos: BlockPos{x=-117, y=77, z=-22} BlockPos{x=-119, y=77, z=-22}
[05Jan2026 07:33:25.752] [Server thread/WARN] [net.minecraft.server.level.ServerPlayerGameMode/]: Mismatch in destroy block pos: BlockPos{x=-116, y=77, z=-22} BlockPos{x=-117, y=77, z=-22}
[05Jan2026 07:33:25.805] [Server thread/WARN] [net.minecraft.server.level.ServerPlayerGameMode/]: Mismatch in destroy block pos: BlockPos{x=-116, y=77, z=-22} BlockPos{x=-117, y=77, z=-22}
[05Jan2026 07:33:25.853] [Server thread/WARN] [net.minecraft.server.level.ServerPlayerGameMode/]: Mismatch in destroy block pos: BlockPos{x=-116, y=77, z=-22} BlockPos{x=-117, y=77, z=-22}
[05Jan2026 07:33:26.000] [Server thread/WARN] [net.minecraft.server.level.ServerPlayerGameMode/]: Mismatch in destroy block pos: BlockPos{x=-115, y=77, z=-22} BlockPos{x=-116, y=77, z=-22}
[05Jan2026 07:33:26.052] [Server thread/WARN] [net.minecraft.server.level.ServerPlayerGameMode/]: Mismatch in destroy block pos: BlockPos{x=-115, y=77, z=-22} BlockPos{x=-116, y=77, z=-22}
[05Jan2026 07:33:26.101] [Server thread/WARN] [net.minecraft.server.level.ServerPlayerGameMode/]: Mismatch in destroy block pos: BlockPos{x=-115, y=77, z=-22} BlockPos{x=-116, y=77, z=-22}
[05Jan2026 07:33:26.150] [Server thread/WARN] [net.minecraft.server.level.ServerPlayerGameMode/]: Mismatch in destroy block pos: BlockPos{x=-115, y=77, z=-22} BlockPos{x=-116, y=77, z=-22}
[05Jan2026 07:33:26.204] [Server thread/WARN] [net.minecraft.server.level.ServerPlayerGameMode/]: Mismatch in destroy block pos: BlockPos{x=-114, y=77, z=-22} BlockPos{x=-116, y=77, z=-22}
[05Jan2026 07:33:26.253] [Server thread/WARN] [net.minecraft.server.level.ServerPlayerGameMode/]: Mismatch in destroy block pos: BlockPos{x=-114, y=77, z=-22} BlockPos{x=-116, y=77, z=-22}
[05Jan2026 07:33:26.314] [Server thread/WARN] [net.minecraft.server.level.ServerPlayerGameMode/]: Mismatch in destroy block pos: BlockPos{x=-114, y=77, z=-22} BlockPos{x=-116, y=77, z=-22}
[05Jan2026 07:33:26.453] [Server thread/WARN] [net.minecraft.server.level.ServerPlayerGameMode/]: Mismatch in destroy block pos: BlockPos{x=-113, y=77, z=-22} BlockPos{x=-114, y=77, z=-22}
[05Jan2026 07:33:26.501] [Server thread/WARN] [net.minecraft.server.level.ServerPlayerGameMode/]: Mismatch in destroy block pos: BlockPos{x=-113, y=77, z=-22} BlockPos{x=-114, y=77, z=-22}
[05Jan2026 07:33:26.555] [Server thread/WARN] [net.minecraft.server.level.ServerPlayerGameMode/]: Mismatch in destroy block pos: BlockPos{x=-113, y=77, z=-22} BlockPos{x=-114, y=77, z=-22}
[05Jan2026 07:33:26.700] [Server thread/WARN] [net.minecraft.server.level.ServerPlayerGameMode/]: Mismatch in destroy block pos: BlockPos{x=-112, y=77, z=-22} BlockPos{x=-113, y=77, z=-22}
[05Jan2026 07:33:26.750] [Server thread/WARN] [net.minecraft.server.level.ServerPlayerGameMode/]: Mismatch in destroy block pos: BlockPos{x=-112, y=77, z=-22} BlockPos{x=-113, y=77, z=-22}
[05Jan2026 07:33:26.807] [Server thread/WARN] [net.minecraft.server.level.ServerPlayerGameMode/]: Mismatch in destroy block pos: BlockPos{x=-112, y=77, z=-22} BlockPos{x=-113, y=77, z=-22}
[05Jan2026 07:33:26.853] [Server thread/WARN] [net.minecraft.server.level.ServerPlayerGameMode/]: Mismatch in destroy block pos: BlockPos{x=-112, y=77, z=-22} BlockPos{x=-113, y=77, z=-22}
[05Jan2026 07:33:26.902] [Server thread/WARN] [net.minecraft.server.level.ServerPlayerGameMode/]: Mismatch in destroy block pos: BlockPos{x=-111, y=77, z=-22} BlockPos{x=-113, y=77, z=-22}
[05Jan2026 07:33:26.950] [Server thread/WARN] [net.minecraft.server.level.ServerPlayerGameMode/]: Mismatch in destroy block pos: BlockPos{x=-111, y=77, z=-22} BlockPos{x=-113, y=77, z=-22}
[05Jan2026 07:33:27.003] [Server thread/WARN] [net.minecraft.server.level.ServerPlayerGameMode/]: Mismatch in destroy block pos: BlockPos{x=-111, y=77, z=-22} BlockPos{x=-113, y=77, z=-22}
[05Jan2026 07:33:27.183] [Server thread/WARN] [net.minecraft.server.level.ServerPlayerGameMode/]: Mismatch in destroy block pos: BlockPos{x=-110, y=77, z=-22} BlockPos{x=-111, y=77, z=-22}
[05Jan2026 07:33:27.231] [Server thread/WARN] [net.minecraft.server.level.ServerPlayerGameMode/]: Mismatch in destroy block pos: BlockPos{x=-110, y=77, z=-22} BlockPos{x=-111, y=77, z=-22}
[05Jan2026 07:33:27.281] [Server thread/WARN] [net.minecraft.server.level.ServerPlayerGameMode/]: Mismatch in destroy block pos: BlockPos{x=-110, y=77, z=-22} BlockPos{x=-111, y=77, z=-22}
[05Jan2026 07:33:27.331] [Server thread/WARN] [net.minecraft.server.level.ServerPlayerGameMode/]: Mismatch in destroy block pos: BlockPos{x=-110, y=77, z=-22} BlockPos{x=-111, y=77, z=-22}
[05Jan2026 07:33:27.373] [Server thread/WARN] [net.minecraft.server.level.ServerPlayerGameMode/]: Mismatch in destroy block pos: BlockPos{x=-109, y=77, z=-22} BlockPos{x=-111, y=77, z=-22}
[05Jan2026 07:33:27.414] [Server thread/WARN] [net.minecraft.server.level.ServerPlayerGameMode/]: Mismatch in destroy block pos: BlockPos{x=-109, y=77, z=-22} BlockPos{x=-111, y=77, z=-22}
[05Jan2026 07:33:27.468] [Server thread/WARN] [net.minecraft.server.level.ServerPlayerGameMode/]: Mismatch in destroy block pos: BlockPos{x=-109, y=77, z=-22} BlockPos{x=-111, y=77, z=-22}
[05Jan2026 07:33:27.602] [Server thread/WARN] [net.minecraft.server.level.ServerPlayerGameMode/]: Mismatch in destroy block pos: BlockPos{x=-108, y=77, z=-22} BlockPos{x=-109, y=77, z=-22}
[05Jan2026 07:33:27.650] [Server thread/WARN] [net.minecraft.server.level.ServerPlayerGameMode/]: Mismatch in destroy block pos: BlockPos{x=-108, y=77, z=-22} BlockPos{x=-109, y=77, z=-22}
[05Jan2026 07:33:27.701] [Server thread/WARN] [net.minecraft.server.level.ServerPlayerGameMode/]: Mismatch in destroy block pos: BlockPos{x=-108, y=77, z=-22} BlockPos{x=-109, y=77, z=-22}
[05Jan2026 07:33:27.855] [Server thread/WARN] [net.minecraft.server.level.ServerPlayerGameMode/]: Mismatch in destroy block pos: BlockPos{x=-107, y=77, z=-22} BlockPos{x=-108, y=77, z=-22}
[05Jan2026 07:33:27.901] [Server thread/WARN] [net.minecraft.server.level.ServerPlayerGameMode/]: Mismatch in destroy block pos: BlockPos{x=-107, y=77, z=-22} BlockPos{x=-108, y=77, z=-22}
[05Jan2026 07:33:27.955] [Server thread/WARN] [net.minecraft.server.level.ServerPlayerGameMode/]: Mismatch in destroy block pos: BlockPos{x=-107, y=77, z=-22} BlockPos{x=-108, y=77, z=-22}
[05Jan2026 07:33:28.009] [Server thread/WARN] [net.minecraft.server.level.ServerPlayerGameMode/]: Mismatch in destroy block pos: BlockPos{x=-107, y=77, z=-22} BlockPos{x=-108, y=77, z=-22}
[05Jan2026 07:33:28.094] [Server thread/WARN] [net.minecraft.server.level.ServerPlayerGameMode/]: Mismatch in destroy block pos: BlockPos{x=-106, y=77, z=-22} BlockPos{x=-108, y=77, z=-22}
[05Jan2026 07:33:28.140] [Server thread/WARN] [net.minecraft.server.level.ServerPlayerGameMode/]: Mismatch in destroy block pos: BlockPos{x=-106, y=77, z=-22} BlockPos{x=-108, y=77, z=-22}
[05Jan2026 07:33:28.180] [Server thread/WARN] [net.minecraft.server.level.ServerPlayerGameMode/]: Mismatch in destroy block pos: BlockPos{x=-106, y=77, z=-22} BlockPos{x=-108, y=77, z=-22}
[05Jan2026 07:33:30.200] [Server thread/WARN] [net.minecraft.server.level.ServerPlayerGameMode/]: Mismatch in destroy block pos: BlockPos{x=-109, y=78, z=-22} BlockPos{x=-109, y=77, z=-22}
[05Jan2026 07:33:30.255] [Server thread/WARN] [net.minecraft.server.level.ServerPlayerGameMode/]: Mismatch in destroy block pos: BlockPos{x=-109, y=78, z=-22} BlockPos{x=-109, y=77, z=-22}
[05Jan2026 07:33:30.312] [Server thread/WARN] [net.minecraft.server.level.ServerPlayerGameMode/]: Mismatch in destroy block pos: BlockPos{x=-110, y=78, z=-22} BlockPos{x=-109, y=77, z=-22}
[05Jan2026 07:33:30.361] [Server thread/WARN] [net.minecraft.server.level.ServerPlayerGameMode/]: Mismatch in destroy block pos: BlockPos{x=-110, y=78, z=-22} BlockPos{x=-109, y=77, z=-22}
[05Jan2026 07:33:30.408] [Server thread/WARN] [net.minecraft.server.level.ServerPlayerGameMode/]: Mismatch in destroy block pos: BlockPos{x=-110, y=78, z=-22} BlockPos{x=-109, y=77, z=-22}
[05Jan2026 07:33:30.584] [Server thread/WARN] [net.minecraft.server.level.ServerPlayerGameMode/]: Mismatch in destroy block pos: BlockPos{x=-111, y=78, z=-22} BlockPos{x=-110, y=78, z=-22}
[05Jan2026 07:33:30.619] [Server thread/WARN] [net.minecraft.server.level.ServerPlayerGameMode/]: Mismatch in destroy block pos: BlockPos{x=-111, y=78, z=-22} BlockPos{x=-110, y=78, z=-22}
[05Jan2026 07:33:30.650] [Server thread/WARN] [net.minecraft.server.level.ServerPlayerGameMode/]: Mismatch in destroy block pos: BlockPos{x=-111, y=78, z=-22} BlockPos{x=-110, y=78, z=-22}
[05Jan2026 07:33:31.200] [Server thread/WARN] [net.minecraft.server.level.ServerPlayerGameMode/]: Mismatch in destroy block pos: BlockPos{x=-112, y=78, z=-22} BlockPos{x=-111, y=78, z=-22}
[05Jan2026 07:33:31.250] [Server thread/WARN] [net.minecraft.server.level.ServerPlayerGameMode/]: Mismatch in destroy block pos: BlockPos{x=-112, y=78, z=-22} BlockPos{x=-111, y=78, z=-22}
[05Jan2026 07:33:31.300] [Server thread/WARN] [net.minecraft.server.level.ServerPlayerGameMode/]: Mismatch in destroy block pos: BlockPos{x=-112, y=78, z=-22} BlockPos{x=-111, y=78, z=-22}
[05Jan2026 07:33:31.350] [Server thread/WARN] [net.minecraft.server.level.ServerPlayerGameMode/]: Mismatch in destroy block pos: BlockPos{x=-112, y=78, z=-22} BlockPos{x=-111, y=78, z=-22}
[05Jan2026 07:33:31.401] [Server thread/WARN] [net.minecraft.server.level.ServerPlayerGameMode/]: Mismatch in destroy block pos: BlockPos{x=-113, y=78, z=-22} BlockPos{x=-111, y=78, z=-22}
[05Jan2026 07:33:31.451] [Server thread/WARN] [net.minecraft.server.level.ServerPlayerGameMode/]: Mismatch in destroy block pos: BlockPos{x=-113, y=78, z=-22} BlockPos{x=-111, y=78, z=-22}
[05Jan2026 07:33:31.504] [Server thread/WARN] [net.minecraft.server.level.ServerPlayerGameMode/]: Mismatch in destroy block pos: BlockPos{x=-113, y=78, z=-22} BlockPos{x=-111, y=78, z=-22}
[05Jan2026 07:33:31.650] [Server thread/WARN] [net.minecraft.server.level.ServerPlayerGameMode/]: Mismatch in destroy block pos: BlockPos{x=-114, y=78, z=-22} BlockPos{x=-113, y=78, z=-22}
[05Jan2026 07:33:31.701] [Server thread/WARN] [net.minecraft.server.level.ServerPlayerGameMode/]: Mismatch in destroy block pos: BlockPos{x=-114, y=78, z=-22} BlockPos{x=-113, y=78, z=-22}
[05Jan2026 07:33:31.750] [Server thread/WARN] [net.minecraft.server.level.ServerPlayerGameMode/]: Mismatch in destroy block pos: BlockPos{x=-114, y=78, z=-22} BlockPos{x=-113, y=78, z=-22}
[05Jan2026 07:33:31.904] [Server thread/WARN] [net.minecraft.server.level.ServerPlayerGameMode/]: Mismatch in destroy block pos: BlockPos{x=-115, y=78, z=-22} BlockPos{x=-114, y=78, z=-22}
[05Jan2026 07:33:31.952] [Server thread/WARN] [net.minecraft.server.level.ServerPlayerGameMode/]: Mismatch in destroy block pos: BlockPos{x=-115, y=78, z=-22} BlockPos{x=-114, y=78, z=-22}
[05Jan2026 07:33:32.000] [Server thread/WARN] [net.minecraft.server.level.ServerPlayerGameMode/]: Mismatch in destroy block pos: BlockPos{x=-115, y=78, z=-22} BlockPos{x=-114, y=78, z=-22}
[05Jan2026 07:33:32.052] [Server thread/WARN] [net.minecraft.server.level.ServerPlayerGameMode/]: Mismatch in destroy block pos: BlockPos{x=-115, y=78, z=-22} BlockPos{x=-114, y=78, z=-22}
[05Jan2026 07:33:32.101] [Server thread/WARN] [net.minecraft.server.level.ServerPlayerGameMode/]: Mismatch in destroy block pos: BlockPos{x=-116, y=78, z=-22} BlockPos{x=-114, y=78, z=-22}
[05Jan2026 07:33:32.153] [Server thread/WARN] [net.minecraft.server.level.ServerPlayerGameMode/]: Mismatch in destroy block pos: BlockPos{x=-116, y=78, z=-22} BlockPos{x=-114, y=78, z=-22}
[05Jan2026 07:33:32.202] [Server thread/WARN] [net.minecraft.server.level.ServerPlayerGameMode/]: Mismatch in destroy block pos: BlockPos{x=-116, y=78, z=-22} BlockPos{x=-114, y=78, z=-22}
[05Jan2026 07:33:32.351] [Server thread/WARN] [net.minecraft.server.level.ServerPlayerGameMode/]: Mismatch in destroy block pos: BlockPos{x=-117, y=78, z=-22} BlockPos{x=-116, y=78, z=-22}
[05Jan2026 07:33:32.402] [Server thread/WARN] [net.minecraft.server.level.ServerPlayerGameMode/]: Mismatch in destroy block pos: BlockPos{x=-117, y=78, z=-22} BlockPos{x=-116, y=78, z=-22}
[05Jan2026 07:33:32.455] [Server thread/WARN] [net.minecraft.server.level.ServerPlayerGameMode/]: Mismatch in destroy block pos: BlockPos{x=-117, y=78, z=-22} BlockPos{x=-116, y=78, z=-22}
[05Jan2026 07:33:32.508] [Server thread/WARN] [net.minecraft.server.level.ServerPlayerGameMode/]: Mismatch in destroy block pos: BlockPos{x=-117, y=78, z=-22} BlockPos{x=-116, y=78, z=-22}
[05Jan2026 07:33:32.558] [Server thread/WARN] [net.minecraft.server.level.ServerPlayerGameMode/]: Mismatch in destroy block pos: BlockPos{x=-118, y=78, z=-22} BlockPos{x=-116, y=78, z=-22}
[05Jan2026 07:33:32.605] [Server thread/WARN] [net.minecraft.server.level.ServerPlayerGameMode/]: Mismatch in destroy block pos: BlockPos{x=-118, y=78, z=-22} BlockPos{x=-116, y=78, z=-22}
[05Jan2026 07:33:32.651] [Server thread/WARN] [net.minecraft.server.level.ServerPlayerGameMode/]: Mismatch in destroy block pos: BlockPos{x=-118, y=78, z=-22} BlockPos{x=-116, y=78, z=-22}
[05Jan2026 07:33:33.501] [Server thread/INFO] [net.minecraft.server.MinecraftServer/]: SVBVKPO was slain by Door Knight
[05Jan2026 07:33:33.503] [Server thread/INFO] [net.minecraft.server.MinecraftServer/]: SVBVKPO has made the advancement [Your First Grave]
[05Jan2026 07:33:34.503] [Server thread/WARN] [net.minecraft.server.level.ServerPlayerGameMode/]: Mismatch in destroy block pos: BlockPos{x=-118, y=80, z=-22} BlockPos{x=-118, y=79, z=-22}
[05Jan2026 07:33:34.561] [Server thread/WARN] [net.minecraft.server.level.ServerPlayerGameMode/]: Mismatch in destroy block pos: BlockPos{x=-118, y=80, z=-22} BlockPos{x=-118, y=79, z=-22}
[05Jan2026 07:33:34.612] [Server thread/WARN] [net.minecraft.server.level.ServerPlayerGameMode/]: Mismatch in destroy block pos: BlockPos{x=-118, y=80, z=-22} BlockPos{x=-118, y=79, z=-22}
[05Jan2026 07:33:34.926] [Server thread/WARN] [net.minecraft.server.level.ServerPlayerGameMode/]: Mismatch in destroy block pos: BlockPos{x=-117, y=79, z=-22} BlockPos{x=-118, y=80, z=-22}
[05Jan2026 07:33:34.927] [Server thread/WARN] [net.minecraft.server.level.ServerPlayerGameMode/]: Mismatch in destroy block pos: BlockPos{x=-117, y=79, z=-22} BlockPos{x=-118, y=80, z=-22}
[05Jan2026 07:33:35.005] [Server thread/WARN] [net.minecraft.server.level.ServerPlayerGameMode/]: Mismatch in destroy block pos: BlockPos{x=-117, y=79, z=-22} BlockPos{x=-118, y=80, z=-22}
[05Jan2026 07:33:35.070] [Server thread/WARN] [net.minecraft.server.level.ServerPlayerGameMode/]: Mismatch in destroy block pos: BlockPos{x=-117, y=79, z=-22} BlockPos{x=-118, y=80, z=-22}
[05Jan2026 07:33:35.139] [Server thread/WARN] [net.minecraft.server.level.ServerPlayerGameMode/]: Mismatch in destroy block pos: BlockPos{x=-117, y=79, z=-22} BlockPos{x=-118, y=80, z=-22}
[05Jan2026 07:33:35.149] [Server thread/WARN] [net.minecraft.server.level.ServerPlayerGameMode/]: Mismatch in destroy block pos: BlockPos{x=-117, y=79, z=-22} BlockPos{x=-118, y=80, z=-22}
[05Jan2026 07:33:35.255] [Server thread/WARN] [net.minecraft.server.level.ServerPlayerGameMode/]: Mismatch in destroy block pos: BlockPos{x=-117, y=79, z=-22} BlockPos{x=-118, y=80, z=-22}
[05Jan2026 07:33:35.256] [Server thread/WARN] [net.minecraft.server.level.ServerPlayerGameMode/]: Mismatch in destroy block pos: BlockPos{x=-117, y=79, z=-22} BlockPos{x=-118, y=80, z=-22}
[05Jan2026 07:33:35.294] [Server thread/WARN] [net.minecraft.server.level.ServerPlayerGameMode/]: Mismatch in destroy block pos: BlockPos{x=-117, y=79, z=-22} BlockPos{x=-118, y=80, z=-22}
[05Jan2026 07:33:35.330] [Server thread/WARN] [net.minecraft.server.level.ServerPlayerGameMode/]: Mismatch in destroy block pos: BlockPos{x=-117, y=79, z=-22} BlockPos{x=-118, y=80, z=-22}
[05Jan2026 07:33:35.365] [Server thread/WARN] [net.minecraft.server.level.ServerPlayerGameMode/]: Mismatch in destroy block pos: BlockPos{x=-117, y=79, z=-22} BlockPos{x=-118, y=80, z=-22}
[05Jan2026 07:33:35.411] [Server thread/WARN] [net.minecraft.server.level.ServerPlayerGameMode/]: Mismatch in destroy block pos: BlockPos{x=-117, y=79, z=-22} BlockPos{x=-118, y=80, z=-22}
[05Jan2026 07:33:35.659] [Server thread/WARN] [net.minecraft.server.level.ServerPlayerGameMode/]: Mismatch in destroy block pos: BlockPos{x=-116, y=79, z=-22} BlockPos{x=-117, y=79, z=-22}
[05Jan2026 07:33:35.786] [Server thread/WARN] [net.minecraft.server.level.ServerPlayerGameMode/]: Mismatch in destroy block pos: BlockPos{x=-116, y=79, z=-22} BlockPos{x=-117, y=79, z=-22}
[05Jan2026 07:33:35.787] [Server thread/WARN] [net.minecraft.server.level.ServerPlayerGameMode/]: Mismatch in destroy block pos: BlockPos{x=-116, y=79, z=-22} BlockPos{x=-117, y=79, z=-22}
[05Jan2026 07:33:36.510] [Server thread/WARN] [net.minecraft.server.level.ServerPlayerGameMode/]: Mismatch in destroy block pos: BlockPos{x=-115, y=79, z=-22} BlockPos{x=-116, y=79, z=-22}
[05Jan2026 07:33:36.554] [Server thread/WARN] [net.minecraft.server.level.ServerPlayerGameMode/]: Mismatch in destroy block pos: BlockPos{x=-115, y=79, z=-22} BlockPos{x=-116, y=79, z=-22}
[05Jan2026 07:33:36.608] [Server thread/WARN] [net.minecraft.server.level.ServerPlayerGameMode/]: Mismatch in destroy block pos: BlockPos{x=-115, y=79, z=-22} BlockPos{x=-116, y=79, z=-22}
[05Jan2026 07:33:37.204] [Server thread/WARN] [net.minecraft.server.level.ServerPlayerGameMode/]: Mismatch in destroy block pos: BlockPos{x=-113, y=79, z=-22} BlockPos{x=-115, y=79, z=-22}
[05Jan2026 07:33:37.258] [Server thread/WARN] [net.minecraft.server.level.ServerPlayerGameMode/]: Mismatch in destroy block pos: BlockPos{x=-113, y=79, z=-22} BlockPos{x=-115, y=79, z=-22}
[05Jan2026 07:33:37.309] [Server thread/WARN] [net.minecraft.server.level.ServerPlayerGameMode/]: Mismatch in destroy block pos: BlockPos{x=-113, y=79, z=-22} BlockPos{x=-115, y=79, z=-22}
[05Jan2026 07:33:38.010] [Server thread/WARN] [net.minecraft.server.level.ServerPlayerGameMode/]: Mismatch in destroy block pos: BlockPos{x=-112, y=79, z=-22} BlockPos{x=-113, y=79, z=-22}
[05Jan2026 07:33:38.061] [Server thread/WARN] [net.minecraft.server.level.ServerPlayerGameMode/]: Mismatch in destroy block pos: BlockPos{x=-112, y=79, z=-22} BlockPos{x=-113, y=79, z=-22}
[05Jan2026 07:33:38.110] [Server thread/WARN] [net.minecraft.server.level.ServerPlayerGameMode/]: Mismatch in destroy block pos: BlockPos{x=-112, y=79, z=-22} BlockPos{x=-113, y=79, z=-22}
[05Jan2026 07:33:38.260] [Server thread/WARN] [net.minecraft.server.level.ServerPlayerGameMode/]: Mismatch in destroy block pos: BlockPos{x=-111, y=79, z=-22} BlockPos{x=-112, y=79, z=-22}
[05Jan2026 07:33:38.311] [Server thread/WARN] [net.minecraft.server.level.ServerPlayerGameMode/]: Mismatch in destroy block pos: BlockPos{x=-111, y=79, z=-22} BlockPos{x=-112, y=79, z=-22}
[05Jan2026 07:33:38.358] [Server thread/WARN] [net.minecraft.server.level.ServerPlayerGameMode/]: Mismatch in destroy block pos: BlockPos{x=-111, y=79, z=-22} BlockPos{x=-112, y=79, z=-22}
[05Jan2026 07:33:38.411] [Server thread/WARN] [net.minecraft.server.level.ServerPlayerGameMode/]: Mismatch in destroy block pos: BlockPos{x=-111, y=79, z=-22} BlockPos{x=-112, y=79, z=-22}
[05Jan2026 07:33:38.458] [Server thread/WARN] [net.minecraft.server.level.ServerPlayerGameMode/]: Mismatch in destroy block pos: BlockPos{x=-110, y=79, z=-22} BlockPos{x=-112, y=79, z=-22}
[05Jan2026 07:33:38.511] [Server thread/WARN] [net.minecraft.server.level.ServerPlayerGameMode/]: Mismatch in destroy block pos: BlockPos{x=-110, y=79, z=-22} BlockPos{x=-112, y=79, z=-22}
[05Jan2026 07:33:38.564] [Server thread/WARN] [net.minecraft.server.level.ServerPlayerGameMode/]: Mismatch in destroy block pos: BlockPos{x=-110, y=79, z=-22} BlockPos{x=-112, y=79, z=-22}
[05Jan2026 07:33:38.710] [Server thread/WARN] [net.minecraft.server.level.ServerPlayerGameMode/]: Mismatch in destroy block pos: BlockPos{x=-109, y=79, z=-22} BlockPos{x=-110, y=79, z=-22}
[05Jan2026 07:33:38.760] [Server thread/WARN] [net.minecraft.server.level.ServerPlayerGameMode/]: Mismatch in destroy block pos: BlockPos{x=-109, y=79, z=-22} BlockPos{x=-110, y=79, z=-22}
[05Jan2026 07:33:38.810] [Server thread/WARN] [net.minecraft.server.level.ServerPlayerGameMode/]: Mismatch in destroy block pos: BlockPos{x=-109, y=79, z=-22} BlockPos{x=-110, y=79, z=-22}
[05Jan2026 07:33:38.960] [Server thread/WARN] [net.minecraft.server.level.ServerPlayerGameMode/]: Mismatch in destroy block pos: BlockPos{x=-108, y=79, z=-22} BlockPos{x=-109, y=79, z=-22}
[05Jan2026 07:33:39.010] [Server thread/WARN] [net.minecraft.server.level.ServerPlayerGameMode/]: Mismatch in destroy block pos: BlockPos{x=-108, y=79, z=-22} BlockPos{x=-109, y=79, z=-22}
[05Jan2026 07:33:39.061] [Server thread/WARN] [net.minecraft.server.level.ServerPlayerGameMode/]: Mismatch in destroy block pos: BlockPos{x=-108, y=79, z=-22} BlockPos{x=-109, y=79, z=-22}
[05Jan2026 07:33:39.204] [Server thread/WARN] [net.minecraft.server.level.ServerPlayerGameMode/]: Mismatch in destroy block pos: BlockPos{x=-107, y=79, z=-22} BlockPos{x=-108, y=79, z=-22}
[05Jan2026 07:33:39.262] [Server thread/WARN] [net.minecraft.server.level.ServerPlayerGameMode/]: Mismatch in destroy block pos: BlockPos{x=-107, y=79, z=-22} BlockPos{x=-108, y=79, z=-22}
[05Jan2026 07:33:39.310] [Server thread/WARN] [net.minecraft.server.level.ServerPlayerGameMode/]: Mismatch in destroy block pos: BlockPos{x=-107, y=79, z=-22} BlockPos{x=-108, y=79, z=-22}
[05Jan2026 07:33:39.942] [Server thread/WARN] [net.minecraft.server.level.ServerPlayerGameMode/]: Mismatch in destroy block pos: BlockPos{x=-107, y=80, z=-22} BlockPos{x=-107, y=79, z=-22}
[05Jan2026 07:33:39.987] [Server thread/WARN] [net.minecraft.server.level.ServerPlayerGameMode/]: Mismatch in destroy block pos: BlockPos{x=-107, y=80, z=-22} BlockPos{x=-107, y=79, z=-22}
[05Jan2026 07:33:40.032] [Server thread/WARN] [net.minecraft.server.level.ServerPlayerGameMode/]: Mismatch in destroy block pos: BlockPos{x=-107, y=80, z=-22} BlockPos{x=-107, y=79, z=-22}
[05Jan2026 07:33:40.178] [Server thread/WARN] [net.minecraft.server.level.ServerPlayerGameMode/]: Mismatch in destroy block pos: BlockPos{x=-107, y=80, z=-22} BlockPos{x=-107, y=79, z=-22}
[05Jan2026 07:33:40.179] [Server thread/WARN] [net.minecraft.server.level.ServerPlayerGameMode/]: Mismatch in destroy block pos: BlockPos{x=-108, y=80, z=-22} BlockPos{x=-107, y=79, z=-22}
[05Jan2026 07:33:40.179] [Server thread/WARN] [net.minecraft.server.level.ServerPlayerGameMode/]: Mismatch in destroy block pos: BlockPos{x=-108, y=80, z=-22} BlockPos{x=-107, y=79, z=-22}
[05Jan2026 07:33:40.216] [Server thread/WARN] [net.minecraft.server.level.ServerPlayerGameMode/]: Mismatch in destroy block pos: BlockPos{x=-108, y=80, z=-22} BlockPos{x=-107, y=79, z=-22}
[05Jan2026 07:33:40.257] [Server thread/WARN] [net.minecraft.server.level.ServerPlayerGameMode/]: Mismatch in destroy block pos: BlockPos{x=-108, y=80, z=-22} BlockPos{x=-107, y=79, z=-22}
[05Jan2026 07:33:40.303] [Server thread/WARN] [net.minecraft.server.level.ServerPlayerGameMode/]: Mismatch in destroy block pos: BlockPos{x=-109, y=80, z=-22} BlockPos{x=-107, y=79, z=-22}
[05Jan2026 07:33:40.355] [Server thread/WARN] [net.minecraft.server.level.ServerPlayerGameMode/]: Mismatch in destroy block pos: BlockPos{x=-109, y=80, z=-22} BlockPos{x=-107, y=79, z=-22}
[05Jan2026 07:33:40.402] [Server thread/WARN] [net.minecraft.server.level.ServerPlayerGameMode/]: Mismatch in destroy block pos: BlockPos{x=-109, y=80, z=-22} BlockPos{x=-107, y=79, z=-22}
[05Jan2026 07:33:40.463] [Server thread/WARN] [net.minecraft.server.level.ServerPlayerGameMode/]: Mismatch in destroy block pos: BlockPos{x=-109, y=80, z=-22} BlockPos{x=-107, y=79, z=-22}
[05Jan2026 07:33:40.504] [Server thread/WARN] [net.minecraft.server.level.ServerPlayerGameMode/]: Mismatch in destroy block pos: BlockPos{x=-110, y=80, z=-22} BlockPos{x=-107, y=79, z=-22}
[05Jan2026 07:33:40.551] [Server thread/WARN] [net.minecraft.server.level.ServerPlayerGameMode/]: Mismatch in destroy block pos: BlockPos{x=-110, y=80, z=-22} BlockPos{x=-107, y=79, z=-22}
[05Jan2026 07:33:40.609] [Server thread/WARN] [net.minecraft.server.level.ServerPlayerGameMode/]: Mismatch in destroy block pos: BlockPos{x=-110, y=80, z=-22} BlockPos{x=-107, y=79, z=-22}
[05Jan2026 07:33:40.763] [Server thread/WARN] [net.minecraft.server.level.ServerPlayerGameMode/]: Mismatch in destroy block pos: BlockPos{x=-111, y=80, z=-22} BlockPos{x=-110, y=80, z=-22}
[05Jan2026 07:33:40.801] [Server thread/WARN] [net.minecraft.server.level.ServerPlayerGameMode/]: Mismatch in destroy block pos: BlockPos{x=-111, y=80, z=-22} BlockPos{x=-110, y=80, z=-22}
[05Jan2026 07:33:40.859] [Server thread/WARN] [net.minecraft.server.level.ServerPlayerGameMode/]: Mismatch in destroy block pos: BlockPos{x=-111, y=80, z=-22} BlockPos{x=-110, y=80, z=-22}
[05Jan2026 07:33:41.013] [Server thread/WARN] [net.minecraft.server.level.ServerPlayerGameMode/]: Mismatch in destroy block pos: BlockPos{x=-112, y=80, z=-22} BlockPos{x=-111, y=80, z=-22}
[05Jan2026 07:33:41.061] [Server thread/WARN] [net.minecraft.server.level.ServerPlayerGameMode/]: Mismatch in destroy block pos: BlockPos{x=-112, y=80, z=-22} BlockPos{x=-111, y=80, z=-22}
[05Jan2026 07:33:41.107] [Server thread/WARN] [net.minecraft.server.level.ServerPlayerGameMode/]: Mismatch in destroy block pos: BlockPos{x=-112, y=80, z=-22} BlockPos{x=-111, y=80, z=-22}
[05Jan2026 07:33:41.277] [Server thread/WARN] [net.minecraft.server.level.ServerPlayerGameMode/]: Mismatch in destroy block pos: BlockPos{x=-113, y=80, z=-22} BlockPos{x=-112, y=80, z=-22}
[05Jan2026 07:33:41.307] [Server thread/WARN] [net.minecraft.server.level.ServerPlayerGameMode/]: Mismatch in destroy block pos: BlockPos{x=-113, y=80, z=-22} BlockPos{x=-112, y=80, z=-22}
[05Jan2026 07:33:41.346] [Server thread/WARN] [net.minecraft.server.level.ServerPlayerGameMode/]: Mismatch in destroy block pos: BlockPos{x=-113, y=80, z=-22} BlockPos{x=-112, y=80, z=-22}
[05Jan2026 07:33:41.421] [Server thread/WARN] [net.minecraft.server.level.ServerPlayerGameMode/]: Mismatch in destroy block pos: BlockPos{x=-113, y=80, z=-22} BlockPos{x=-112, y=80, z=-22}
[05Jan2026 07:33:41.464] [Server thread/WARN] [net.minecraft.server.level.ServerPlayerGameMode/]: Mismatch in destroy block pos: BlockPos{x=-114, y=80, z=-22} BlockPos{x=-112, y=80, z=-22}
[05Jan2026 07:33:41.504] [Server thread/WARN] [net.minecraft.server.level.ServerPlayerGameMode/]: Mismatch in destroy block pos: BlockPos{x=-114, y=80, z=-22} BlockPos{x=-112, y=80, z=-22}
[05Jan2026 07:33:41.551] [Server thread/WARN] [net.minecraft.server.level.ServerPlayerGameMode/]: Mismatch in destroy block pos: BlockPos{x=-114, y=80, z=-22} BlockPos{x=-112, y=80, z=-22}
[05Jan2026 07:33:41.698] [Server thread/WARN] [net.minecraft.server.level.ServerPlayerGameMode/]: Mismatch in destroy block pos: BlockPos{x=-115, y=80, z=-22} BlockPos{x=-114, y=80, z=-22}
[05Jan2026 07:33:41.748] [Server thread/WARN] [net.minecraft.server.level.ServerPlayerGameMode/]: Mismatch in destroy block pos: BlockPos{x=-115, y=80, z=-22} BlockPos{x=-114, y=80, z=-22}
[05Jan2026 07:33:41.802] [Server thread/WARN] [net.minecraft.server.level.ServerPlayerGameMode/]: Mismatch in destroy block pos: BlockPos{x=-115, y=80, z=-22} BlockPos{x=-114, y=80, z=-22}
[05Jan2026 07:33:41.960] [Server thread/WARN] [net.minecraft.server.level.ServerPlayerGameMode/]: Mismatch in destroy block pos: BlockPos{x=-116, y=80, z=-22} BlockPos{x=-115, y=80, z=-22}
[05Jan2026 07:33:42.000] [Server thread/WARN] [net.minecraft.server.level.ServerPlayerGameMode/]: Mismatch in destroy block pos: BlockPos{x=-116, y=80, z=-22} BlockPos{x=-115, y=80, z=-22}
[05Jan2026 07:33:42.049] [Server thread/WARN] [net.minecraft.server.level.ServerPlayerGameMode/]: Mismatch in destroy block pos: BlockPos{x=-116, y=80, z=-22} BlockPos{x=-115, y=80, z=-22}
[05Jan2026 07:33:48.450] [Server thread/WARN] [net.minecraft.server.level.ServerPlayerGameMode/]: Mismatch in destroy block pos: BlockPos{x=-106, y=78, z=-21} BlockPos{x=-106, y=77, z=-21}
[05Jan2026 07:33:48.507] [Server thread/WARN] [net.minecraft.server.level.ServerPlayerGameMode/]: Mismatch in destroy block pos: BlockPos{x=-106, y=78, z=-21} BlockPos{x=-106, y=77, z=-21}
[05Jan2026 07:33:48.556] [Server thread/WARN] [net.minecraft.server.level.ServerPlayerGameMode/]: Mismatch in destroy block pos: BlockPos{x=-106, y=78, z=-21} BlockPos{x=-106, y=77, z=-21}
[05Jan2026 07:33:49.000] [Server thread/WARN] [net.minecraft.server.level.ServerPlayerGameMode/]: Mismatch in destroy block pos: BlockPos{x=-106, y=79, z=-22} BlockPos{x=-106, y=78, z=-21}
[05Jan2026 07:33:49.052] [Server thread/WARN] [net.minecraft.server.level.ServerPlayerGameMode/]: Mismatch in destroy block pos: BlockPos{x=-106, y=79, z=-22} BlockPos{x=-106, y=78, z=-21}
[05Jan2026 07:33:49.109] [Server thread/WARN] [net.minecraft.server.level.ServerPlayerGameMode/]: Mismatch in destroy block pos: BlockPos{x=-106, y=79, z=-22} BlockPos{x=-106, y=78, z=-21}
[05Jan2026 07:33:49.254] [Server thread/WARN] [net.minecraft.server.level.ServerPlayerGameMode/]: Mismatch in destroy block pos: BlockPos{x=-106, y=80, z=-22} BlockPos{x=-106, y=79, z=-22}
[05Jan2026 07:33:49.301] [Server thread/WARN] [net.minecraft.server.level.ServerPlayerGameMode/]: Mismatch in destroy block pos: BlockPos{x=-106, y=80, z=-22} BlockPos{x=-106, y=79, z=-22}
[05Jan2026 07:33:49.350] [Server thread/WARN] [net.minecraft.server.level.ServerPlayerGameMode/]: Mismatch in destroy block pos: BlockPos{x=-106, y=80, z=-22} BlockPos{x=-106, y=79, z=-22}
[05Jan2026 07:33:49.772] [Server thread/WARN] [net.minecraft.server.level.ServerPlayerGameMode/]: Mismatch in destroy block pos: BlockPos{x=-106, y=78, z=-22} BlockPos{x=-106, y=79, z=-22}
[05Jan2026 07:33:49.818] [Server thread/WARN] [net.minecraft.server.level.ServerPlayerGameMode/]: Mismatch in destroy block pos: BlockPos{x=-106, y=78, z=-22} BlockPos{x=-106, y=79, z=-22}
[05Jan2026 07:33:49.857] [Server thread/WARN] [net.minecraft.server.level.ServerPlayerGameMode/]: Mismatch in destroy block pos: BlockPos{x=-106, y=78, z=-22} BlockPos{x=-106, y=79, z=-22}
[05Jan2026 07:33:50.154] [Server thread/WARN] [net.minecraft.server.level.ServerPlayerGameMode/]: Mismatch in destroy block pos: BlockPos{x=-106, y=79, z=-21} BlockPos{x=-106, y=78, z=-22}
[05Jan2026 07:33:50.204] [Server thread/WARN] [net.minecraft.server.level.ServerPlayerGameMode/]: Mismatch in destroy block pos: BlockPos{x=-106, y=79, z=-21} BlockPos{x=-106, y=78, z=-22}
[05Jan2026 07:33:50.252] [Server thread/WARN] [net.minecraft.server.level.ServerPlayerGameMode/]: Mismatch in destroy block pos: BlockPos{x=-106, y=79, z=-21} BlockPos{x=-106, y=78, z=-22}
[05Jan2026 07:33:50.676] [Server thread/WARN] [net.minecraft.server.level.ServerPlayerGameMode/]: Mismatch in destroy block pos: BlockPos{x=-106, y=80, z=-21} BlockPos{x=-106, y=79, z=-21}
[05Jan2026 07:33:50.720] [Server thread/WARN] [net.minecraft.server.level.ServerPlayerGameMode/]: Mismatch in destroy block pos: BlockPos{x=-106, y=80, z=-21} BlockPos{x=-106, y=79, z=-21}
[05Jan2026 07:33:50.765] [Server thread/WARN] [net.minecraft.server.level.ServerPlayerGameMode/]: Mismatch in destroy block pos: BlockPos{x=-106, y=80, z=-21} BlockPos{x=-106, y=79, z=-21}
[05Jan2026 07:33:50.800] [Server thread/WARN] [net.minecraft.server.level.ServerPlayerGameMode/]: Mismatch in destroy block pos: BlockPos{x=-106, y=80, z=-20} BlockPos{x=-106, y=79, z=-21}
[05Jan2026 07:33:50.851] [Server thread/WARN] [net.minecraft.server.level.ServerPlayerGameMode/]: Mismatch in destroy block pos: BlockPos{x=-106, y=80, z=-20} BlockPos{x=-106, y=79, z=-21}
[05Jan2026 07:33:50.906] [Server thread/WARN] [net.minecraft.server.level.ServerPlayerGameMode/]: Mismatch in destroy block pos: BlockPos{x=-106, y=80, z=-20} BlockPos{x=-106, y=79, z=-21}
[05Jan2026 07:33:50.969] [Server thread/WARN] [net.minecraft.server.level.ServerPlayerGameMode/]: Mismatch in destroy block pos: BlockPos{x=-106, y=79, z=-20} BlockPos{x=-106, y=79, z=-21}
[05Jan2026 07:33:51.013] [Server thread/WARN] [net.minecraft.server.level.ServerPlayerGameMode/]: Mismatch in destroy block pos: BlockPos{x=-106, y=79, z=-20} BlockPos{x=-106, y=79, z=-21}
[05Jan2026 07:33:51.054] [Server thread/WARN] [net.minecraft.server.level.ServerPlayerGameMode/]: Mismatch in destroy block pos: BlockPos{x=-106, y=79, z=-20} BlockPos{x=-106, y=79, z=-21}
[05Jan2026 07:33:51.357] [Server thread/WARN] [net.minecraft.server.level.ServerPlayerGameMode/]: Mismatch in destroy block pos: BlockPos{x=-106, y=78, z=-20} BlockPos{x=-106, y=79, z=-20}
[05Jan2026 07:33:51.400] [Server thread/WARN] [net.minecraft.server.level.ServerPlayerGameMode/]: Mismatch in destroy block pos: BlockPos{x=-106, y=78, z=-20} BlockPos{x=-106, y=79, z=-20}
[05Jan2026 07:33:51.453] [Server thread/WARN] [net.minecraft.server.level.ServerPlayerGameMode/]: Mismatch in destroy block pos: BlockPos{x=-106, y=78, z=-19} BlockPos{x=-106, y=79, z=-20}
[05Jan2026 07:33:51.500] [Server thread/WARN] [net.minecraft.server.level.ServerPlayerGameMode/]: Mismatch in destroy block pos: BlockPos{x=-106, y=78, z=-19} BlockPos{x=-106, y=79, z=-20}
[05Jan2026 07:33:51.551] [Server thread/WARN] [net.minecraft.server.level.ServerPlayerGameMode/]: Mismatch in destroy block pos: BlockPos{x=-106, y=78, z=-19} BlockPos{x=-106, y=79, z=-20}
[05Jan2026 07:33:51.809] [Server thread/WARN] [net.minecraft.server.level.ServerPlayerGameMode/]: Mismatch in destroy block pos: BlockPos{x=-106, y=79, z=-19} BlockPos{x=-106, y=78, z=-19}
[05Jan2026 07:33:51.862] [Server thread/WARN] [net.minecraft.server.level.ServerPlayerGameMode/]: Mismatch in destroy block pos: BlockPos{x=-106, y=79, z=-19} BlockPos{x=-106, y=78, z=-19}
[05Jan2026 07:33:51.903] [Server thread/WARN] [net.minecraft.server.level.ServerPlayerGameMode/]: Mismatch in destroy block pos: BlockPos{x=-106, y=79, z=-19} BlockPos{x=-106, y=78, z=-19}
[05Jan2026 07:33:52.358] [Server thread/WARN] [net.minecraft.server.level.ServerPlayerGameMode/]: Mismatch in destroy block pos: BlockPos{x=-106, y=79, z=-18} BlockPos{x=-106, y=79, z=-19}
[05Jan2026 07:33:52.409] [Server thread/WARN] [net.minecraft.server.level.ServerPlayerGameMode/]: Mismatch in destroy block pos: BlockPos{x=-106, y=79, z=-18} BlockPos{x=-106, y=79, z=-19}
[05Jan2026 07:33:52.458] [Server thread/WARN] [net.minecraft.server.level.ServerPlayerGameMode/]: Mismatch in destroy block pos: BlockPos{x=-106, y=79, z=-18} BlockPos{x=-106, y=79, z=-19}
[05Jan2026 07:33:52.962] [Server thread/WARN] [net.minecraft.server.level.ServerPlayerGameMode/]: Mismatch in destroy block pos: BlockPos{x=-106, y=79, z=-17} BlockPos{x=-106, y=79, z=-18}
[05Jan2026 07:33:53.051] [Server thread/WARN] [net.minecraft.server.level.ServerPlayerGameMode/]: Mismatch in destroy block pos: BlockPos{x=-106, y=79, z=-17} BlockPos{x=-106, y=79, z=-18}
[05Jan2026 07:33:53.225] [Server thread/WARN] [net.minecraft.server.level.ServerPlayerGameMode/]: Mismatch in destroy block pos: BlockPos{x=-106, y=79, z=-16} BlockPos{x=-106, y=79, z=-17}
[05Jan2026 07:33:53.264] [Server thread/WARN] [net.minecraft.server.level.ServerPlayerGameMode/]: Mismatch in destroy block pos: BlockPos{x=-106, y=79, z=-16} BlockPos{x=-106, y=79, z=-17}
[05Jan2026 07:33:53.312] [Server thread/WARN] [net.minecraft.server.level.ServerPlayerGameMode/]: Mismatch in destroy block pos: BlockPos{x=-106, y=79, z=-16} BlockPos{x=-106, y=79, z=-17}
[05Jan2026 07:33:53.362] [Server thread/WARN] [net.minecraft.server.level.ServerPlayerGameMode/]: Mismatch in destroy block pos: BlockPos{x=-106, y=79, z=-16} BlockPos{x=-106, y=79, z=-17}
[05Jan2026 07:33:53.410] [Server thread/WARN] [net.minecraft.server.level.ServerPlayerGameMode/]: Mismatch in destroy block pos: BlockPos{x=-106, y=79, z=-16} BlockPos{x=-106, y=79, z=-17}
[05Jan2026 07:33:53.461] [Server thread/WARN] [net.minecraft.server.level.ServerPlayerGameMode/]: Mismatch in destroy block pos: BlockPos{x=-106, y=79, z=-15} BlockPos{x=-106, y=79, z=-17}
[05Jan2026 07:33:53.514] [Server thread/WARN] [net.minecraft.server.level.ServerPlayerGameMode/]: Mismatch in destroy block pos: BlockPos{x=-106, y=79, z=-15} BlockPos{x=-106, y=79, z=-17}
[05Jan2026 07:33:53.561] [Server thread/WARN] [net.minecraft.server.level.ServerPlayerGameMode/]: Mismatch in destroy block pos: BlockPos{x=-106, y=79, z=-15} BlockPos{x=-106, y=79, z=-17}
[05Jan2026 07:33:54.113] [Server thread/WARN] [net.minecraft.server.level.ServerPlayerGameMode/]: Mismatch in destroy block pos: BlockPos{x=-106, y=79, z=-14} BlockPos{x=-106, y=79, z=-15}
[05Jan2026 07:33:54.158] [Server thread/WARN] [net.minecraft.server.level.ServerPlayerGameMode/]: Mismatch in destroy block pos: BlockPos{x=-106, y=79, z=-14} BlockPos{x=-106, y=79, z=-15}
[05Jan2026 07:33:54.204] [Server thread/WARN] [net.minecraft.server.level.ServerPlayerGameMode/]: Mismatch in destroy block pos: BlockPos{x=-106, y=79, z=-14} BlockPos{x=-106, y=79, z=-15}
[05Jan2026 07:33:54.525] [Server thread/WARN] [net.minecraft.server.level.ServerPlayerGameMode/]: Mismatch in destroy block pos: BlockPos{x=-106, y=80, z=-14} BlockPos{x=-106, y=79, z=-14}
[05Jan2026 07:33:54.567] [Server thread/WARN] [net.minecraft.server.level.ServerPlayerGameMode/]: Mismatch in destroy block pos: BlockPos{x=-106, y=80, z=-14} BlockPos{x=-106, y=79, z=-14}
[05Jan2026 07:33:54.608] [Server thread/WARN] [net.minecraft.server.level.ServerPlayerGameMode/]: Mismatch in destroy block pos: BlockPos{x=-106, y=80, z=-14} BlockPos{x=-106, y=79, z=-14}
[05Jan2026 07:33:54.661] [Server thread/WARN] [net.minecraft.server.level.ServerPlayerGameMode/]: Mismatch in destroy block pos: BlockPos{x=-106, y=80, z=-14} BlockPos{x=-106, y=79, z=-14}
[05Jan2026 07:33:54.812] [Server thread/WARN] [net.minecraft.server.level.ServerPlayerGameMode/]: Mismatch in destroy block pos: BlockPos{x=-106, y=80, z=-13} BlockPos{x=-106, y=79, z=-14}
[05Jan2026 07:33:54.813] [Server thread/WARN] [net.minecraft.server.level.ServerPlayerGameMode/]: Mismatch in destroy block pos: BlockPos{x=-106, y=80, z=-13} BlockPos{x=-106, y=79, z=-14}
[05Jan2026 07:33:54.814] [Server thread/WARN] [net.minecraft.server.level.ServerPlayerGameMode/]: Mismatch in destroy block pos: BlockPos{x=-106, y=80, z=-13} BlockPos{x=-106, y=79, z=-14}
[05Jan2026 07:33:54.964] [Server thread/WARN] [net.minecraft.server.level.ServerPlayerGameMode/]: Mismatch in destroy block pos: BlockPos{x=-106, y=79, z=-13} BlockPos{x=-106, y=80, z=-13}
[05Jan2026 07:33:55.011] [Server thread/WARN] [net.minecraft.server.level.ServerPlayerGameMode/]: Mismatch in destroy block pos: BlockPos{x=-106, y=79, z=-13} BlockPos{x=-106, y=80, z=-13}
[05Jan2026 07:33:55.053] [Server thread/WARN] [net.minecraft.server.level.ServerPlayerGameMode/]: Mismatch in destroy block pos: BlockPos{x=-106, y=79, z=-13} BlockPos{x=-106, y=80, z=-13}
[05Jan2026 07:33:55.354] [Server thread/WARN] [net.minecraft.server.level.ServerPlayerGameMode/]: Mismatch in destroy block pos: BlockPos{x=-106, y=78, z=-14} BlockPos{x=-106, y=79, z=-13}
[05Jan2026 07:33:55.412] [Server thread/WARN] [net.minecraft.server.level.ServerPlayerGameMode/]: Mismatch in destroy block pos: BlockPos{x=-106, y=78, z=-14} BlockPos{x=-106, y=79, z=-13}
[05Jan2026 07:33:55.443] [Server thread/WARN] [net.minecraft.server.level.ServerPlayerGameMode/]: Mismatch in destroy block pos: BlockPos{x=-106, y=78, z=-14} BlockPos{x=-106, y=79, z=-13}
[05Jan2026 07:33:55.860] [Server thread/WARN] [net.minecraft.server.level.ServerPlayerGameMode/]: Mismatch in destroy block pos: BlockPos{x=-106, y=77, z=-14} BlockPos{x=-106, y=78, z=-14}
[05Jan2026 07:33:55.935] [Server thread/WARN] [net.minecraft.server.level.ServerPlayerGameMode/]: Mismatch in destroy block pos: BlockPos{x=-106, y=77, z=-14} BlockPos{x=-106, y=78, z=-14}
[05Jan2026 07:33:55.972] [Server thread/WARN] [net.minecraft.server.level.ServerPlayerGameMode/]: Mismatch in destroy block pos: BlockPos{x=-106, y=77, z=-14} BlockPos{x=-106, y=78, z=-14}
[05Jan2026 07:33:56.013] [Server thread/WARN] [net.minecraft.server.level.ServerPlayerGameMode/]: Mismatch in destroy block pos: BlockPos{x=-106, y=77, z=-14} BlockPos{x=-106, y=78, z=-14}
[05Jan2026 07:33:56.262] [Server thread/WARN] [net.minecraft.server.level.ServerPlayerGameMode/]: Mismatch in destroy block pos: BlockPos{x=-106, y=77, z=-13} BlockPos{x=-106, y=77, z=-14}
[05Jan2026 07:33:56.316] [Server thread/WARN] [net.minecraft.server.level.ServerPlayerGameMode/]: Mismatch in destroy block pos: BlockPos{x=-106, y=77, z=-13} BlockPos{x=-106, y=77, z=-14}
[05Jan2026 07:33:56.361] [Server thread/WARN] [net.minecraft.server.level.ServerPlayerGameMode/]: Mismatch in destroy block pos: BlockPos{x=-106, y=77, z=-13} BlockPos{x=-106, y=77, z=-14}
[05Jan2026 07:33:57.160] [Server thread/WARN] [net.minecraft.server.level.ServerPlayerGameMode/]: Mismatch in destroy block pos: BlockPos{x=-106, y=77, z=-15} BlockPos{x=-106, y=78, z=-14}
[05Jan2026 07:33:57.230] [Server thread/WARN] [net.minecraft.server.level.ServerPlayerGameMode/]: Mismatch in destroy block pos: BlockPos{x=-106, y=77, z=-15} BlockPos{x=-106, y=78, z=-14}
[05Jan2026 07:33:57.674] [Server thread/WARN] [net.minecraft.server.level.ServerPlayerGameMode/]: Mismatch in destroy block pos: BlockPos{x=-106, y=78, z=-16} BlockPos{x=-106, y=78, z=-15}
[05Jan2026 07:33:57.724] [Server thread/WARN] [net.minecraft.server.level.ServerPlayerGameMode/]: Mismatch in destroy block pos: BlockPos{x=-106, y=78, z=-16} BlockPos{x=-106, y=78, z=-15}
[05Jan2026 07:33:57.762] [Server thread/WARN] [net.minecraft.server.level.ServerPlayerGameMode/]: Mismatch in destroy block pos: BlockPos{x=-106, y=78, z=-16} BlockPos{x=-106, y=78, z=-15}
[05Jan2026 07:33:58.159] [Server thread/WARN] [net.minecraft.server.level.ServerPlayerGameMode/]: Mismatch in destroy block pos: BlockPos{x=-106, y=78, z=-17} BlockPos{x=-106, y=78, z=-16}
[05Jan2026 07:33:58.207] [Server thread/WARN] [net.minecraft.server.level.ServerPlayerGameMode/]: Mismatch in destroy block pos: BlockPos{x=-106, y=78, z=-17} BlockPos{x=-106, y=78, z=-16}
[05Jan2026 07:33:58.260] [Server thread/WARN] [net.minecraft.server.level.ServerPlayerGameMode/]: Mismatch in destroy block pos: BlockPos{x=-106, y=78, z=-17} BlockPos{x=-106, y=78, z=-16}
[05Jan2026 07:33:59.410] [Server thread/WARN] [net.minecraft.server.level.ServerPlayerGameMode/]: Mismatch in destroy block pos: BlockPos{x=-106, y=77, z=-19} BlockPos{x=-106, y=78, z=-19}
[05Jan2026 07:33:59.459] [Server thread/WARN] [net.minecraft.server.level.ServerPlayerGameMode/]: Mismatch in destroy block pos: BlockPos{x=-106, y=77, z=-19} BlockPos{x=-106, y=78, z=-19}
[05Jan2026 07:33:59.531] [Server thread/WARN] [net.minecraft.server.level.ServerPlayerGameMode/]: Mismatch in destroy block pos: BlockPos{x=-106, y=77, z=-19} BlockPos{x=-106, y=78, z=-19}
[05Jan2026 07:33:59.913] [Server thread/WARN] [net.minecraft.server.level.ServerPlayerGameMode/]: Mismatch in destroy block pos: BlockPos{x=-106, y=77, z=-18} BlockPos{x=-106, y=77, z=-19}
[05Jan2026 07:33:59.957] [Server thread/WARN] [net.minecraft.server.level.ServerPlayerGameMode/]: Mismatch in destroy block pos: BlockPos{x=-106, y=77, z=-18} BlockPos{x=-106, y=77, z=-19}
[05Jan2026 07:34:00.014] [Server thread/WARN] [net.minecraft.server.level.ServerPlayerGameMode/]: Mismatch in destroy block pos: BlockPos{x=-106, y=77, z=-18} BlockPos{x=-106, y=77, z=-19}
[05Jan2026 07:34:00.369] [Server thread/WARN] [net.minecraft.server.level.ServerPlayerGameMode/]: Mismatch in destroy block pos: BlockPos{x=-106, y=77, z=-17} BlockPos{x=-106, y=77, z=-18}
[05Jan2026 07:34:00.439] [Server thread/WARN] [net.minecraft.server.level.ServerPlayerGameMode/]: Mismatch in destroy block pos: BlockPos{x=-106, y=77, z=-17} BlockPos{x=-106, y=77, z=-18}
[05Jan2026 07:34:00.482] [Server thread/WARN] [net.minecraft.server.level.ServerPlayerGameMode/]: Mismatch in destroy block pos: BlockPos{x=-106, y=77, z=-17} BlockPos{x=-106, y=77, z=-18}
[05Jan2026 07:34:00.706] [Server thread/WARN] [net.minecraft.server.level.ServerPlayerGameMode/]: Mismatch in destroy block pos: BlockPos{x=-106, y=77, z=-16} BlockPos{x=-106, y=77, z=-17}
[05Jan2026 07:34:00.783] [Server thread/WARN] [net.minecraft.server.level.ServerPlayerGameMode/]: Mismatch in destroy block pos: BlockPos{x=-106, y=77, z=-16} BlockPos{x=-106, y=77, z=-17}
[05Jan2026 07:34:00.820] [Server thread/WARN] [net.minecraft.server.level.ServerPlayerGameMode/]: Mismatch in destroy block pos: BlockPos{x=-106, y=77, z=-16} BlockPos{x=-106, y=77, z=-17}
[05Jan2026 07:34:02.603] [Server thread/WARN] [net.minecraft.server.level.ServerPlayerGameMode/]: Mismatch in destroy block pos: BlockPos{x=-106, y=80, z=-17} BlockPos{x=-106, y=79, z=-17}
[05Jan2026 07:34:02.657] [Server thread/WARN] [net.minecraft.server.level.ServerPlayerGameMode/]: Mismatch in destroy block pos: BlockPos{x=-106, y=80, z=-17} BlockPos{x=-106, y=79, z=-17}
[05Jan2026 07:34:02.701] [Server thread/WARN] [net.minecraft.server.level.ServerPlayerGameMode/]: Mismatch in destroy block pos: BlockPos{x=-106, y=80, z=-18} BlockPos{x=-106, y=79, z=-17}
[05Jan2026 07:34:02.758] [Server thread/WARN] [net.minecraft.server.level.ServerPlayerGameMode/]: Mismatch in destroy block pos: BlockPos{x=-106, y=80, z=-18} BlockPos{x=-106, y=79, z=-17}
[05Jan2026 07:34:02.803] [Server thread/WARN] [net.minecraft.server.level.ServerPlayerGameMode/]: Mismatch in destroy block pos: BlockPos{x=-106, y=80, z=-18} BlockPos{x=-106, y=79, z=-17}
[05Jan2026 07:34:03.107] [Server thread/WARN] [net.minecraft.server.level.ServerPlayerGameMode/]: Mismatch in destroy block pos: BlockPos{x=-106, y=80, z=-19} BlockPos{x=-106, y=80, z=-18}
[05Jan2026 07:34:03.165] [Server thread/WARN] [net.minecraft.server.level.ServerPlayerGameMode/]: Mismatch in destroy block pos: BlockPos{x=-106, y=80, z=-19} BlockPos{x=-106, y=80, z=-18}
[05Jan2026 07:34:03.210] [Server thread/WARN] [net.minecraft.server.level.ServerPlayerGameMode/]: Mismatch in destroy block pos: BlockPos{x=-106, y=80, z=-19} BlockPos{x=-106, y=80, z=-18}
[05Jan2026 07:34:04.158] [Server thread/WARN] [net.minecraft.server.level.ServerPlayerGameMode/]: Mismatch in destroy block pos: BlockPos{x=-106, y=80, z=-16} BlockPos{x=-106, y=80, z=-17}
[05Jan2026 07:34:04.204] [Server thread/WARN] [net.minecraft.server.level.ServerPlayerGameMode/]: Mismatch in destroy block pos: BlockPos{x=-106, y=80, z=-16} BlockPos{x=-106, y=80, z=-17}
[05Jan2026 07:34:04.250] [Server thread/WARN] [net.minecraft.server.level.ServerPlayerGameMode/]: Mismatch in destroy block pos: BlockPos{x=-106, y=80, z=-16} BlockPos{x=-106, y=80, z=-17}
[05Jan2026 07:34:04.303] [Server thread/WARN] [net.minecraft.server.level.ServerPlayerGameMode/]: Mismatch in destroy block pos: BlockPos{x=-106, y=80, z=-16} BlockPos{x=-106, y=80, z=-17}
[05Jan2026 07:34:04.404] [Server thread/WARN] [net.minecraft.server.level.ServerPlayerGameMode/]: Mismatch in destroy block pos: BlockPos{x=-106, y=80, z=-16} BlockPos{x=-106, y=80, z=-17}
[05Jan2026 07:34:04.405] [Server thread/WARN] [net.minecraft.server.level.ServerPlayerGameMode/]: Mismatch in destroy block pos: BlockPos{x=-106, y=80, z=-15} BlockPos{x=-106, y=80, z=-17}
[05Jan2026 07:34:04.479] [Server thread/WARN] [net.minecraft.server.level.ServerPlayerGameMode/]: Mismatch in destroy block pos: BlockPos{x=-106, y=80, z=-15} BlockPos{x=-106, y=80, z=-17}
[05Jan2026 07:34:04.519] [Server thread/WARN] [net.minecraft.server.level.ServerPlayerGameMode/]: Mismatch in destroy block pos: BlockPos{x=-106, y=80, z=-15} BlockPos{x=-106, y=80, z=-17}
[05Jan2026 07:34:06.207] [Server thread/WARN] [net.minecraft.server.level.ServerPlayerGameMode/]: Mismatch in destroy block pos: BlockPos{x=-107, y=81, z=-16} BlockPos{x=-108, y=81, z=-16}
[05Jan2026 07:34:06.258] [Server thread/WARN] [net.minecraft.server.level.ServerPlayerGameMode/]: Mismatch in destroy block pos: BlockPos{x=-107, y=81, z=-16} BlockPos{x=-108, y=81, z=-16}
[05Jan2026 07:34:06.301] [Server thread/WARN] [net.minecraft.server.level.ServerPlayerGameMode/]: Mismatch in destroy block pos: BlockPos{x=-107, y=81, z=-17} BlockPos{x=-108, y=81, z=-16}
[05Jan2026 07:34:06.356] [Server thread/WARN] [net.minecraft.server.level.ServerPlayerGameMode/]: Mismatch in destroy block pos: BlockPos{x=-107, y=81, z=-17} BlockPos{x=-108, y=81, z=-16}
[05Jan2026 07:34:06.408] [Server thread/WARN] [net.minecraft.server.level.ServerPlayerGameMode/]: Mismatch in destroy block pos: BlockPos{x=-107, y=81, z=-17} BlockPos{x=-108, y=81, z=-16}
[05Jan2026 07:34:06.553] [Server thread/WARN] [net.minecraft.server.level.ServerPlayerGameMode/]: Mismatch in destroy block pos: BlockPos{x=-107, y=81, z=-18} BlockPos{x=-107, y=81, z=-17}
[05Jan2026 07:34:06.606] [Server thread/WARN] [net.minecraft.server.level.ServerPlayerGameMode/]: Mismatch in destroy block pos: BlockPos{x=-107, y=81, z=-18} BlockPos{x=-107, y=81, z=-17}
[05Jan2026 07:34:06.657] [Server thread/WARN] [net.minecraft.server.level.ServerPlayerGameMode/]: Mismatch in destroy block pos: BlockPos{x=-107, y=81, z=-18} BlockPos{x=-107, y=81, z=-17}
[05Jan2026 07:34:07.060] [Server thread/WARN] [net.minecraft.server.level.ServerPlayerGameMode/]: Mismatch in destroy block pos: BlockPos{x=-107, y=81, z=-19} BlockPos{x=-107, y=81, z=-18}
[05Jan2026 07:34:07.125] [Server thread/WARN] [net.minecraft.server.level.ServerPlayerGameMode/]: Mismatch in destroy block pos: BlockPos{x=-107, y=81, z=-19} BlockPos{x=-107, y=81, z=-18}
[05Jan2026 07:34:07.168] [Server thread/WARN] [net.minecraft.server.level.ServerPlayerGameMode/]: Mismatch in destroy block pos: BlockPos{x=-107, y=81, z=-19} BlockPos{x=-107, y=81, z=-18}
[05Jan2026 07:34:07.229] [Server thread/WARN] [net.minecraft.server.level.ServerPlayerGameMode/]: Mismatch in destroy block pos: BlockPos{x=-107, y=81, z=-19} BlockPos{x=-107, y=81, z=-18}
[05Jan2026 07:34:07.275] [Server thread/WARN] [net.minecraft.server.level.ServerPlayerGameMode/]: Mismatch in destroy block pos: BlockPos{x=-108, y=81, z=-19} BlockPos{x=-107, y=81, z=-18}
[05Jan2026 07:34:07.323] [Server thread/WARN] [net.minecraft.server.level.ServerPlayerGameMode/]: Mismatch in destroy block pos: BlockPos{x=-108, y=81, z=-19} BlockPos{x=-107, y=81, z=-18}
[05Jan2026 07:34:07.365] [Server thread/WARN] [net.minecraft.server.level.ServerPlayerGameMode/]: Mismatch in destroy block pos: BlockPos{x=-108, y=81, z=-20} BlockPos{x=-107, y=81, z=-18}
[05Jan2026 07:34:07.408] [Server thread/WARN] [net.minecraft.server.level.ServerPlayerGameMode/]: Mismatch in destroy block pos: BlockPos{x=-108, y=81, z=-20} BlockPos{x=-107, y=81, z=-18}
[05Jan2026 07:34:07.460] [Server thread/WARN] [net.minecraft.server.level.ServerPlayerGameMode/]: Mismatch in destroy block pos: BlockPos{x=-108, y=81, z=-20} BlockPos{x=-107, y=81, z=-18}
[05Jan2026 07:34:07.957] [Server thread/WARN] [net.minecraft.server.level.ServerPlayerGameMode/]: Mismatch in destroy block pos: BlockPos{x=-109, y=81, z=-20} BlockPos{x=-108, y=81, z=-20}
[05Jan2026 07:34:07.958] [Server thread/WARN] [net.minecraft.server.level.ServerPlayerGameMode/]: Mismatch in destroy block pos: BlockPos{x=-109, y=81, z=-20} BlockPos{x=-108, y=81, z=-20}
[05Jan2026 07:34:08.004] [Server thread/WARN] [net.minecraft.server.level.ServerPlayerGameMode/]: Mismatch in destroy block pos: BlockPos{x=-109, y=81, z=-20} BlockPos{x=-108, y=81, z=-20}
[05Jan2026 07:34:08.082] [Server thread/WARN] [net.minecraft.server.level.ServerPlayerGameMode/]: Mismatch in destroy block pos: BlockPos{x=-109, y=81, z=-20} BlockPos{x=-108, y=81, z=-20}
[05Jan2026 07:34:08.114] [Server thread/WARN] [net.minecraft.server.level.ServerPlayerGameMode/]: Mismatch in destroy block pos: BlockPos{x=-110, y=81, z=-20} BlockPos{x=-108, y=81, z=-20}
[05Jan2026 07:34:08.155] [Server thread/WARN] [net.minecraft.server.level.ServerPlayerGameMode/]: Mismatch in destroy block pos: BlockPos{x=-110, y=81, z=-20} BlockPos{x=-108, y=81, z=-20}
[05Jan2026 07:34:08.217] [Server thread/WARN] [net.minecraft.server.level.ServerPlayerGameMode/]: Mismatch in destroy block pos: BlockPos{x=-110, y=81, z=-20} BlockPos{x=-108, y=81, z=-20}
[05Jan2026 07:34:08.383] [Server thread/WARN] [net.minecraft.server.level.ServerPlayerGameMode/]: Mismatch in destroy block pos: BlockPos{x=-111, y=81, z=-20} BlockPos{x=-110, y=81, z=-20}
[05Jan2026 07:34:08.438] [Server thread/WARN] [net.minecraft.server.level.ServerPlayerGameMode/]: Mismatch in destroy block pos: BlockPos{x=-111, y=81, z=-20} BlockPos{x=-110, y=81, z=-20}
[05Jan2026 07:34:08.473] [Server thread/WARN] [net.minecraft.server.level.ServerPlayerGameMode/]: Mismatch in destroy block pos: BlockPos{x=-111, y=81, z=-20} BlockPos{x=-110, y=81, z=-20}
[05Jan2026 07:34:08.508] [Server thread/WARN] [net.minecraft.server.level.ServerPlayerGameMode/]: Mismatch in destroy block pos: BlockPos{x=-111, y=81, z=-20} BlockPos{x=-110, y=81, z=-20}
[05Jan2026 07:34:08.558] [Server thread/WARN] [net.minecraft.server.level.ServerPlayerGameMode/]: Mismatch in destroy block pos: BlockPos{x=-112, y=81, z=-20} BlockPos{x=-110, y=81, z=-20}
[05Jan2026 07:34:08.624] [Server thread/WARN] [net.minecraft.server.level.ServerPlayerGameMode/]: Mismatch in destroy block pos: BlockPos{x=-112, y=81, z=-20} BlockPos{x=-110, y=81, z=-20}
[05Jan2026 07:34:08.674] [Server thread/WARN] [net.minecraft.server.level.ServerPlayerGameMode/]: Mismatch in destroy block pos: BlockPos{x=-112, y=81, z=-20} BlockPos{x=-110, y=81, z=-20}
[05Jan2026 07:34:08.801] [Server thread/WARN] [net.minecraft.server.level.ServerPlayerGameMode/]: Mismatch in destroy block pos: BlockPos{x=-113, y=81, z=-20} BlockPos{x=-112, y=81, z=-20}
[05Jan2026 07:34:08.861] [Server thread/WARN] [net.minecraft.server.level.ServerPlayerGameMode/]: Mismatch in destroy block pos: BlockPos{x=-113, y=81, z=-20} BlockPos{x=-112, y=81, z=-20}
[05Jan2026 07:34:08.901] [Server thread/WARN] [net.minecraft.server.level.ServerPlayerGameMode/]: Mismatch in destroy block pos: BlockPos{x=-113, y=81, z=-19} BlockPos{x=-112, y=81, z=-20}
[05Jan2026 07:34:08.955] [Server thread/WARN] [net.minecraft.server.level.ServerPlayerGameMode/]: Mismatch in destroy block pos: BlockPos{x=-113, y=81, z=-19} BlockPos{x=-112, y=81, z=-20}
[05Jan2026 07:34:09.001] [Server thread/WARN] [net.minecraft.server.level.ServerPlayerGameMode/]: Mismatch in destroy block pos: BlockPos{x=-113, y=81, z=-19} BlockPos{x=-112, y=81, z=-20}
[05Jan2026 07:34:09.205] [Server thread/WARN] [net.minecraft.server.level.ServerPlayerGameMode/]: Mismatch in destroy block pos: BlockPos{x=-114, y=81, z=-19} BlockPos{x=-113, y=81, z=-19}
[05Jan2026 07:34:09.259] [Server thread/WARN] [net.minecraft.server.level.ServerPlayerGameMode/]: Mismatch in destroy block pos: BlockPos{x=-114, y=81, z=-19} BlockPos{x=-113, y=81, z=-19}
[05Jan2026 07:34:09.302] [Server thread/WARN] [net.minecraft.server.level.ServerPlayerGameMode/]: Mismatch in destroy block pos: BlockPos{x=-114, y=81, z=-19} BlockPos{x=-113, y=81, z=-19}
[05Jan2026 07:34:09.699] [Server thread/WARN] [net.minecraft.server.level.ServerPlayerGameMode/]: Mismatch in destroy block pos: BlockPos{x=-115, y=81, z=-18} BlockPos{x=-114, y=81, z=-19}
[05Jan2026 07:34:09.747] [Server thread/WARN] [net.minecraft.server.level.ServerPlayerGameMode/]: Mismatch in destroy block pos: BlockPos{x=-115, y=81, z=-18} BlockPos{x=-114, y=81, z=-19}
[05Jan2026 07:34:09.799] [Server thread/WARN] [net.minecraft.server.level.ServerPlayerGameMode/]: Mismatch in destroy block pos: BlockPos{x=-116, y=81, z=-18} BlockPos{x=-114, y=81, z=-19}
[05Jan2026 07:34:09.801] [Server thread/WARN] [net.minecraft.server.level.ServerPlayerGameMode/]: Mismatch in destroy block pos: BlockPos{x=-116, y=81, z=-18} BlockPos{x=-114, y=81, z=-19}
[05Jan2026 07:34:09.884] [Server thread/WARN] [net.minecraft.server.level.ServerPlayerGameMode/]: Mismatch in destroy block pos: BlockPos{x=-116, y=81, z=-18} BlockPos{x=-114, y=81, z=-19}
[05Jan2026 07:34:09.927] [Server thread/WARN] [net.minecraft.server.level.ServerPlayerGameMode/]: Mismatch in destroy block pos: BlockPos{x=-116, y=81, z=-18} BlockPos{x=-114, y=81, z=-19}
[05Jan2026 07:34:09.977] [Server thread/WARN] [net.minecraft.server.level.ServerPlayerGameMode/]: Mismatch in destroy block pos: BlockPos{x=-116, y=81, z=-18} BlockPos{x=-114, y=81, z=-19}
[05Jan2026 07:34:10.037] [Server thread/WARN] [net.minecraft.server.level.ServerPlayerGameMode/]: Mismatch in destroy block pos: BlockPos{x=-117, y=81, z=-18} BlockPos{x=-114, y=81, z=-19}
[05Jan2026 07:34:10.076] [Server thread/WARN] [net.minecraft.server.level.ServerPlayerGameMode/]: Mismatch in destroy block pos: BlockPos{x=-117, y=81, z=-18} BlockPos{x=-114, y=81, z=-19}
[05Jan2026 07:34:10.111] [Server thread/WARN] [net.minecraft.server.level.ServerPlayerGameMode/]: Mismatch in destroy block pos: BlockPos{x=-117, y=81, z=-18} BlockPos{x=-114, y=81, z=-19}
[05Jan2026 07:34:10.154] [Server thread/WARN] [net.minecraft.server.level.ServerPlayerGameMode/]: Mismatch in destroy block pos: BlockPos{x=-117, y=81, z=-18} BlockPos{x=-114, y=81, z=-19}
[05Jan2026 07:34:10.205] [Server thread/WARN] [net.minecraft.server.level.ServerPlayerGameMode/]: Mismatch in destroy block pos: BlockPos{x=-118, y=81, z=-18} BlockPos{x=-114, y=81, z=-19}
[05Jan2026 07:34:10.249] [Server thread/WARN] [net.minecraft.server.level.ServerPlayerGameMode/]: Mismatch in destroy block pos: BlockPos{x=-118, y=81, z=-18} BlockPos{x=-114, y=81, z=-19}
[05Jan2026 07:34:10.308] [Server thread/WARN] [net.minecraft.server.level.ServerPlayerGameMode/]: Mismatch in destroy block pos: BlockPos{x=-118, y=81, z=-18} BlockPos{x=-114, y=81, z=-19}
[05Jan2026 07:34:10.357] [Server thread/WARN] [net.minecraft.server.level.ServerPlayerGameMode/]: Mismatch in destroy block pos: BlockPos{x=-118, y=81, z=-18} BlockPos{x=-114, y=81, z=-19}
[05Jan2026 07:34:10.411] [Server thread/WARN] [net.minecraft.server.level.ServerPlayerGameMode/]: Mismatch in destroy block pos: BlockPos{x=-118, y=81, z=-18} BlockPos{x=-114, y=81, z=-19}
[05Jan2026 07:34:10.465] [Server thread/WARN] [net.minecraft.server.level.ServerPlayerGameMode/]: Mismatch in destroy block pos: BlockPos{x=-119, y=81, z=-17} BlockPos{x=-114, y=81, z=-19}
[05Jan2026 07:34:10.502] [Server thread/WARN] [net.minecraft.server.level.ServerPlayerGameMode/]: Mismatch in destroy block pos: BlockPos{x=-119, y=81, z=-17} BlockPos{x=-114, y=81, z=-19}
[05Jan2026 07:34:10.562] [Server thread/WARN] [net.minecraft.server.level.ServerPlayerGameMode/]: Mismatch in destroy block pos: BlockPos{x=-119, y=81, z=-17} BlockPos{x=-114, y=81, z=-19}
[05Jan2026 07:34:10.601] [Server thread/WARN] [net.minecraft.server.level.ServerPlayerGameMode/]: Mismatch in destroy block pos: BlockPos{x=-119, y=81, z=-17} BlockPos{x=-114, y=81, z=-19}
[05Jan2026 07:34:10.655] [Server thread/WARN] [net.minecraft.server.level.ServerPlayerGameMode/]: Mismatch in destroy block pos: BlockPos{x=-120, y=81, z=-17} BlockPos{x=-114, y=81, z=-19}
[05Jan2026 07:34:10.706] [Server thread/WARN] [net.minecraft.server.level.ServerPlayerGameMode/]: Mismatch in destroy block pos: BlockPos{x=-120, y=81, z=-17} BlockPos{x=-114, y=81, z=-19}
[05Jan2026 07:34:10.757] [Server thread/WARN] [net.minecraft.server.level.ServerPlayerGameMode/]: Mismatch in destroy block pos: BlockPos{x=-120, y=81, z=-17} BlockPos{x=-114, y=81, z=-19}
[05Jan2026 07:34:10.812] [Server thread/WARN] [net.minecraft.server.level.ServerPlayerGameMode/]: Mismatch in destroy block pos: BlockPos{x=-120, y=81, z=-17} BlockPos{x=-114, y=81, z=-19}
[05Jan2026 07:34:12.758] [Server thread/WARN] [net.minecraft.server.level.ServerPlayerGameMode/]: Mismatch in destroy block pos: BlockPos{x=-120, y=81, z=-16} BlockPos{x=-120, y=81, z=-17}
[05Jan2026 07:34:12.801] [Server thread/WARN] [net.minecraft.server.level.ServerPlayerGameMode/]: Mismatch in destroy block pos: BlockPos{x=-120, y=81, z=-16} BlockPos{x=-120, y=81, z=-17}
[05Jan2026 07:34:12.862] [Server thread/WARN] [net.minecraft.server.level.ServerPlayerGameMode/]: Mismatch in destroy block pos: BlockPos{x=-119, y=81, z=-16} BlockPos{x=-120, y=81, z=-17}
[05Jan2026 07:34:12.909] [Server thread/WARN] [net.minecraft.server.level.ServerPlayerGameMode/]: Mismatch in destroy block pos: BlockPos{x=-119, y=81, z=-16} BlockPos{x=-120, y=81, z=-17}
[05Jan2026 07:34:12.957] [Server thread/WARN] [net.minecraft.server.level.ServerPlayerGameMode/]: Mismatch in destroy block pos: BlockPos{x=-119, y=81, z=-16} BlockPos{x=-120, y=81, z=-17}
[05Jan2026 07:34:13.159] [Server thread/WARN] [net.minecraft.server.level.ServerPlayerGameMode/]: Mismatch in destroy block pos: BlockPos{x=-118, y=81, z=-16} BlockPos{x=-119, y=81, z=-16}
[05Jan2026 07:34:13.218] [Server thread/WARN] [net.minecraft.server.level.ServerPlayerGameMode/]: Mismatch in destroy block pos: BlockPos{x=-118, y=81, z=-16} BlockPos{x=-119, y=81, z=-16}
[05Jan2026 07:34:13.262] [Server thread/WARN] [net.minecraft.server.level.ServerPlayerGameMode/]: Mismatch in destroy block pos: BlockPos{x=-118, y=81, z=-16} BlockPos{x=-119, y=81, z=-16}
[05Jan2026 07:34:13.313] [Server thread/WARN] [net.minecraft.server.level.ServerPlayerGameMode/]: Mismatch in destroy block pos: BlockPos{x=-118, y=81, z=-16} BlockPos{x=-119, y=81, z=-16}
[05Jan2026 07:34:13.357] [Server thread/WARN] [net.minecraft.server.level.ServerPlayerGameMode/]: Mismatch in destroy block pos: BlockPos{x=-118, y=81, z=-15} BlockPos{x=-119, y=81, z=-16}
[05Jan2026 07:34:13.401] [Server thread/WARN] [net.minecraft.server.level.ServerPlayerGameMode/]: Mismatch in destroy block pos: BlockPos{x=-118, y=81, z=-15} BlockPos{x=-119, y=81, z=-16}
[05Jan2026 07:34:13.459] [Server thread/WARN] [net.minecraft.server.level.ServerPlayerGameMode/]: Mismatch in destroy block pos: BlockPos{x=-118, y=81, z=-15} BlockPos{x=-119, y=81, z=-16}
[05Jan2026 07:34:13.809] [Server thread/WARN] [net.minecraft.server.level.ServerPlayerGameMode/]: Mismatch in destroy block pos: BlockPos{x=-117, y=81, z=-15} BlockPos{x=-118, y=81, z=-15}
[05Jan2026 07:34:13.910] [Server thread/WARN] [net.minecraft.server.level.ServerPlayerGameMode/]: Mismatch in destroy block pos: BlockPos{x=-117, y=81, z=-15} BlockPos{x=-118, y=81, z=-15}
[05Jan2026 07:34:13.911] [Server thread/WARN] [net.minecraft.server.level.ServerPlayerGameMode/]: Mismatch in destroy block pos: BlockPos{x=-117, y=81, z=-15} BlockPos{x=-118, y=81, z=-15}
[05Jan2026 07:34:14.102] [Server thread/WARN] [net.minecraft.server.level.ServerPlayerGameMode/]: Mismatch in destroy block pos: BlockPos{x=-116, y=81, z=-15} BlockPos{x=-117, y=81, z=-15}
[05Jan2026 07:34:14.157] [Server thread/WARN] [net.minecraft.server.level.ServerPlayerGameMode/]: Mismatch in destroy block pos: BlockPos{x=-116, y=81, z=-15} BlockPos{x=-117, y=81, z=-15}
[05Jan2026 07:34:14.220] [Server thread/WARN] [net.minecraft.server.level.ServerPlayerGameMode/]: Mismatch in destroy block pos: BlockPos{x=-116, y=81, z=-15} BlockPos{x=-117, y=81, z=-15}
[05Jan2026 07:34:14.504] [Server thread/WARN] [net.minecraft.server.level.ServerPlayerGameMode/]: Mismatch in destroy block pos: BlockPos{x=-115, y=81, z=-15} BlockPos{x=-116, y=81, z=-15}
[05Jan2026 07:34:14.576] [Server thread/WARN] [net.minecraft.server.level.ServerPlayerGameMode/]: Mismatch in destroy block pos: BlockPos{x=-115, y=81, z=-15} BlockPos{x=-116, y=81, z=-15}
[05Jan2026 07:34:14.616] [Server thread/WARN] [net.minecraft.server.level.ServerPlayerGameMode/]: Mismatch in destroy block pos: BlockPos{x=-115, y=81, z=-15} BlockPos{x=-116, y=81, z=-15}
[05Jan2026 07:34:14.659] [Server thread/WARN] [net.minecraft.server.level.ServerPlayerGameMode/]: Mismatch in destroy block pos: BlockPos{x=-115, y=81, z=-15} BlockPos{x=-116, y=81, z=-15}
[05Jan2026 07:34:14.705] [Server thread/WARN] [net.minecraft.server.level.ServerPlayerGameMode/]: Mismatch in destroy block pos: BlockPos{x=-115, y=81, z=-15} BlockPos{x=-116, y=81, z=-15}
[05Jan2026 07:34:14.768] [Server thread/WARN] [net.minecraft.server.level.ServerPlayerGameMode/]: Mismatch in destroy block pos: BlockPos{x=-114, y=81, z=-15} BlockPos{x=-116, y=81, z=-15}
[05Jan2026 07:34:14.829] [Server thread/WARN] [net.minecraft.server.level.ServerPlayerGameMode/]: Mismatch in destroy block pos: BlockPos{x=-114, y=81, z=-15} BlockPos{x=-116, y=81, z=-15}
[05Jan2026 07:34:14.888] [Server thread/WARN] [net.minecraft.server.level.ServerPlayerGameMode/]: Mismatch in destroy block pos: BlockPos{x=-114, y=81, z=-15} BlockPos{x=-116, y=81, z=-15}
[05Jan2026 07:34:15.001] [Server thread/WARN] [net.minecraft.server.level.ServerPlayerGameMode/]: Mismatch in destroy block pos: BlockPos{x=-113, y=81, z=-15} BlockPos{x=-114, y=81, z=-15}
[05Jan2026 07:34:15.058] [Server thread/WARN] [net.minecraft.server.level.ServerPlayerGameMode/]: Mismatch in destroy block pos: BlockPos{x=-113, y=81, z=-15} BlockPos{x=-114, y=81, z=-15}
[05Jan2026 07:34:15.102] [Server thread/WARN] [net.minecraft.server.level.ServerPlayerGameMode/]: Mismatch in destroy block pos: BlockPos{x=-113, y=81, z=-15} BlockPos{x=-114, y=81, z=-15}
[05Jan2026 07:34:15.253] [Server thread/WARN] [net.minecraft.server.level.ServerPlayerGameMode/]: Mismatch in destroy block pos: BlockPos{x=-112, y=81, z=-15} BlockPos{x=-113, y=81, z=-15}
[05Jan2026 07:34:15.311] [Server thread/WARN] [net.minecraft.server.level.ServerPlayerGameMode/]: Mismatch in destroy block pos: BlockPos{x=-112, y=81, z=-15} BlockPos{x=-113, y=81, z=-15}
[05Jan2026 07:34:15.358] [Server thread/WARN] [net.minecraft.server.level.ServerPlayerGameMode/]: Mismatch in destroy block pos: BlockPos{x=-112, y=81, z=-15} BlockPos{x=-113, y=81, z=-15}
[05Jan2026 07:34:15.401] [Server thread/WARN] [net.minecraft.server.level.ServerPlayerGameMode/]: Mismatch in destroy block pos: BlockPos{x=-112, y=81, z=-15} BlockPos{x=-113, y=81, z=-15}
[05Jan2026 07:34:15.457] [Server thread/WARN] [net.minecraft.server.level.ServerPlayerGameMode/]: Mismatch in destroy block pos: BlockPos{x=-111, y=81, z=-15} BlockPos{x=-113, y=81, z=-15}
[05Jan2026 07:34:15.511] [Server thread/WARN] [net.minecraft.server.level.ServerPlayerGameMode/]: Mismatch in destroy block pos: BlockPos{x=-111, y=81, z=-15} BlockPos{x=-113, y=81, z=-15}
[05Jan2026 07:34:15.555] [Server thread/WARN] [net.minecraft.server.level.ServerPlayerGameMode/]: Mismatch in destroy block pos: BlockPos{x=-111, y=81, z=-15} BlockPos{x=-113, y=81, z=-15}
[05Jan2026 07:34:15.703] [Server thread/WARN] [net.minecraft.server.level.ServerPlayerGameMode/]: Mismatch in destroy block pos: BlockPos{x=-110, y=81, z=-15} BlockPos{x=-111, y=81, z=-15}
[05Jan2026 07:34:15.757] [Server thread/WARN] [net.minecraft.server.level.ServerPlayerGameMode/]: Mismatch in destroy block pos: BlockPos{x=-110, y=81, z=-15} BlockPos{x=-111, y=81, z=-15}
[05Jan2026 07:34:15.805] [Server thread/WARN] [net.minecraft.server.level.ServerPlayerGameMode/]: Mismatch in destroy block pos: BlockPos{x=-110, y=81, z=-15} BlockPos{x=-111, y=81, z=-15}
[05Jan2026 07:34:15.959] [Server thread/WARN] [net.minecraft.server.level.ServerPlayerGameMode/]: Mismatch in destroy block pos: BlockPos{x=-109, y=81, z=-15} BlockPos{x=-110, y=81, z=-15}
[05Jan2026 07:34:16.001] [Server thread/WARN] [net.minecraft.server.level.ServerPlayerGameMode/]: Mismatch in destroy block pos: BlockPos{x=-109, y=81, z=-15} BlockPos{x=-110, y=81, z=-15}
[05Jan2026 07:34:16.059] [Server thread/WARN] [net.minecraft.server.level.ServerPlayerGameMode/]: Mismatch in destroy block pos: BlockPos{x=-109, y=81, z=-15} BlockPos{x=-110, y=81, z=-15}
[05Jan2026 07:34:17.458] [Server thread/WARN] [net.minecraft.server.level.ServerPlayerGameMode/]: Mismatch in destroy block pos: BlockPos{x=-108, y=81, z=-17} BlockPos{x=-108, y=81, z=-16}
[05Jan2026 07:34:17.547] [Server thread/WARN] [net.minecraft.server.level.ServerPlayerGameMode/]: Mismatch in destroy block pos: BlockPos{x=-108, y=81, z=-17} BlockPos{x=-108, y=81, z=-16}
[05Jan2026 07:34:17.579] [Server thread/WARN] [net.minecraft.server.level.ServerPlayerGameMode/]: Mismatch in destroy block pos: BlockPos{x=-109, y=81, z=-17} BlockPos{x=-108, y=81, z=-16}
[05Jan2026 07:34:17.608] [Server thread/WARN] [net.minecraft.server.level.ServerPlayerGameMode/]: Mismatch in destroy block pos: BlockPos{x=-109, y=81, z=-17} BlockPos{x=-108, y=81, z=-16}
[05Jan2026 07:34:17.657] [Server thread/WARN] [net.minecraft.server.level.ServerPlayerGameMode/]: Mismatch in destroy block pos: BlockPos{x=-109, y=81, z=-17} BlockPos{x=-108, y=81, z=-16}
[05Jan2026 07:34:18.057] [Server thread/WARN] [net.minecraft.server.level.ServerPlayerGameMode/]: Mismatch in destroy block pos: BlockPos{x=-110, y=81, z=-17} BlockPos{x=-109, y=81, z=-17}
[05Jan2026 07:34:18.106] [Server thread/WARN] [net.minecraft.server.level.ServerPlayerGameMode/]: Mismatch in destroy block pos: BlockPos{x=-110, y=81, z=-17} BlockPos{x=-109, y=81, z=-17}
[05Jan2026 07:34:18.154] [Server thread/WARN] [net.minecraft.server.level.ServerPlayerGameMode/]: Mismatch in destroy block pos: BlockPos{x=-110, y=81, z=-17} BlockPos{x=-109, y=81, z=-17}
[05Jan2026 07:34:18.337] [Server thread/WARN] [net.minecraft.server.level.ServerPlayerGameMode/]: Mismatch in destroy block pos: BlockPos{x=-111, y=81, z=-17} BlockPos{x=-110, y=81, z=-17}
[05Jan2026 07:34:18.390] [Server thread/WARN] [net.minecraft.server.level.ServerPlayerGameMode/]: Mismatch in destroy block pos: BlockPos{x=-111, y=81, z=-17} BlockPos{x=-110, y=81, z=-17}
[05Jan2026 07:34:18.432] [Server thread/WARN] [net.minecraft.server.level.ServerPlayerGameMode/]: Mismatch in destroy block pos: BlockPos{x=-111, y=81, z=-17} BlockPos{x=-110, y=81, z=-17}
[05Jan2026 07:34:18.487] [Server thread/WARN] [net.minecraft.server.level.ServerPlayerGameMode/]: Mismatch in destroy block pos: BlockPos{x=-111, y=81, z=-17} BlockPos{x=-110, y=81, z=-17}
[05Jan2026 07:34:18.536] [Server thread/WARN] [net.minecraft.server.level.ServerPlayerGameMode/]: Mismatch in destroy block pos: BlockPos{x=-112, y=81, z=-17} BlockPos{x=-110, y=81, z=-17}
[05Jan2026 07:34:18.603] [Server thread/WARN] [net.minecraft.server.level.ServerPlayerGameMode/]: Mismatch in destroy block pos: BlockPos{x=-112, y=81, z=-17} BlockPos{x=-110, y=81, z=-17}
[05Jan2026 07:34:18.636] [Server thread/WARN] [net.minecraft.server.level.ServerPlayerGameMode/]: Mismatch in destroy block pos: BlockPos{x=-112, y=81, z=-17} BlockPos{x=-110, y=81, z=-17}
[05Jan2026 07:34:18.766] [Server thread/WARN] [net.minecraft.server.level.ServerPlayerGameMode/]: Mismatch in destroy block pos: BlockPos{x=-113, y=81, z=-17} BlockPos{x=-112, y=81, z=-17}
[05Jan2026 07:34:18.810] [Server thread/WARN] [net.minecraft.server.level.ServerPlayerGameMode/]: Mismatch in destroy block pos: BlockPos{x=-113, y=81, z=-17} BlockPos{x=-112, y=81, z=-17}
[05Jan2026 07:34:18.853] [Server thread/WARN] [net.minecraft.server.level.ServerPlayerGameMode/]: Mismatch in destroy block pos: BlockPos{x=-113, y=81, z=-17} BlockPos{x=-112, y=81, z=-17}
[05Jan2026 07:34:19.011] [Server thread/WARN] [net.minecraft.server.level.ServerPlayerGameMode/]: Mismatch in destroy block pos: BlockPos{x=-114, y=81, z=-17} BlockPos{x=-113, y=81, z=-17}
[05Jan2026 07:34:19.085] [Server thread/WARN] [net.minecraft.server.level.ServerPlayerGameMode/]: Mismatch in destroy block pos: BlockPos{x=-114, y=81, z=-17} BlockPos{x=-113, y=81, z=-17}
[05Jan2026 07:34:19.161] [Server thread/WARN] [net.minecraft.server.level.ServerPlayerGameMode/]: Mismatch in destroy block pos: BlockPos{x=-114, y=81, z=-17} BlockPos{x=-113, y=81, z=-17}
[05Jan2026 07:34:19.198] [Server thread/WARN] [net.minecraft.server.level.ServerPlayerGameMode/]: Mismatch in destroy block pos: BlockPos{x=-114, y=81, z=-17} BlockPos{x=-113, y=81, z=-17}
[05Jan2026 07:34:19.211] [Server thread/WARN] [net.minecraft.server.level.ServerPlayerGameMode/]: Mismatch in destroy block pos: BlockPos{x=-115, y=81, z=-17} BlockPos{x=-113, y=81, z=-17}
[05Jan2026 07:34:19.252] [Server thread/WARN] [net.minecraft.server.level.ServerPlayerGameMode/]: Mismatch in destroy block pos: BlockPos{x=-115, y=81, z=-17} BlockPos{x=-113, y=81, z=-17}
[05Jan2026 07:34:19.332] [Server thread/WARN] [net.minecraft.server.level.ServerPlayerGameMode/]: Mismatch in destroy block pos: BlockPos{x=-115, y=81, z=-17} BlockPos{x=-113, y=81, z=-17}
[05Jan2026 07:34:19.378] [Server thread/WARN] [net.minecraft.server.level.ServerPlayerGameMode/]: Mismatch in destroy block pos: BlockPos{x=-115, y=81, z=-17} BlockPos{x=-113, y=81, z=-17}
[05Jan2026 07:34:19.438] [Server thread/WARN] [net.minecraft.server.level.ServerPlayerGameMode/]: Mismatch in destroy block pos: BlockPos{x=-115, y=81, z=-17} BlockPos{x=-113, y=81, z=-17}
[05Jan2026 07:34:19.468] [Server thread/WARN] [net.minecraft.server.level.ServerPlayerGameMode/]: Mismatch in destroy block pos: BlockPos{x=-116, y=81, z=-17} BlockPos{x=-113, y=81, z=-17}
[05Jan2026 07:34:19.505] [Server thread/WARN] [net.minecraft.server.level.ServerPlayerGameMode/]: Mismatch in destroy block pos: BlockPos{x=-116, y=81, z=-17} BlockPos{x=-113, y=81, z=-17}
[05Jan2026 07:34:19.563] [Server thread/WARN] [net.minecraft.server.level.ServerPlayerGameMode/]: Mismatch in destroy block pos: BlockPos{x=-116, y=81, z=-17} BlockPos{x=-113, y=81, z=-17}
[05Jan2026 07:34:19.606] [Server thread/WARN] [net.minecraft.server.level.ServerPlayerGameMode/]: Mismatch in destroy block pos: BlockPos{x=-116, y=81, z=-17} BlockPos{x=-113, y=81, z=-17}
[05Jan2026 07:34:19.687] [Server thread/WARN] [net.minecraft.server.level.ServerPlayerGameMode/]: Mismatch in destroy block pos: BlockPos{x=-116, y=81, z=-17} BlockPos{x=-113, y=81, z=-17}
[05Jan2026 07:34:19.721] [Server thread/WARN] [net.minecraft.server.level.ServerPlayerGameMode/]: Mismatch in destroy block pos: BlockPos{x=-117, y=81, z=-17} BlockPos{x=-113, y=81, z=-17}
[05Jan2026 07:34:19.760] [Server thread/WARN] [net.minecraft.server.level.ServerPlayerGameMode/]: Mismatch in destroy block pos: BlockPos{x=-117, y=81, z=-17} BlockPos{x=-113, y=81, z=-17}
[05Jan2026 07:34:19.807] [Server thread/WARN] [net.minecraft.server.level.ServerPlayerGameMode/]: Mismatch in destroy block pos: BlockPos{x=-117, y=81, z=-17} BlockPos{x=-113, y=81, z=-17}
[05Jan2026 07:34:19.843] [Server thread/WARN] [tombstone/]: The death event of the player SVBVKPO was canceled by another mod
[05Jan2026 07:34:19.862] [Server thread/INFO] [tombstone/]: The player SVBVKPO has successfully been saved
[05Jan2026 07:34:20.209] [Server thread/WARN] [net.minecraft.server.level.ServerPlayerGameMode/]: Mismatch in destroy block pos: BlockPos{x=-117, y=81, z=-16} BlockPos{x=-117, y=81, z=-17}
[05Jan2026 07:34:20.257] [Server thread/WARN] [net.minecraft.server.level.ServerPlayerGameMode/]: Mismatch in destroy block pos: BlockPos{x=-117, y=81, z=-16} BlockPos{x=-117, y=81, z=-17}
[05Jan2026 07:34:20.302] [Server thread/WARN] [net.minecraft.server.level.ServerPlayerGameMode/]: Mismatch in destroy block pos: BlockPos{x=-117, y=81, z=-16} BlockPos{x=-117, y=81, z=-17}
[05Jan2026 07:34:20.357] [Server thread/WARN] [net.minecraft.server.level.ServerPlayerGameMode/]: Mismatch in destroy block pos: BlockPos{x=-117, y=81, z=-16} BlockPos{x=-117, y=81, z=-17}
[05Jan2026 07:34:20.407] [Server thread/WARN] [net.minecraft.server.level.ServerPlayerGameMode/]: Mismatch in destroy block pos: BlockPos{x=-116, y=81, z=-16} BlockPos{x=-117, y=81, z=-17}
[05Jan2026 07:34:20.459] [Server thread/WARN] [net.minecraft.server.level.ServerPlayerGameMode/]: Mismatch in destroy block pos: BlockPos{x=-116, y=81, z=-16} BlockPos{x=-117, y=81, z=-17}
[05Jan2026 07:34:20.513] [Server thread/WARN] [net.minecraft.server.level.ServerPlayerGameMode/]: Mismatch in destroy block pos: BlockPos{x=-116, y=81, z=-16} BlockPos{x=-117, y=81, z=-17}
[05Jan2026 07:34:20.657] [Server thread/WARN] [net.minecraft.server.level.ServerPlayerGameMode/]: Mismatch in destroy block pos: BlockPos{x=-115, y=81, z=-16} BlockPos{x=-116, y=81, z=-16}
[05Jan2026 07:34:20.709] [Server thread/WARN] [net.minecraft.server.level.ServerPlayerGameMode/]: Mismatch in destroy block pos: BlockPos{x=-115, y=81, z=-16} BlockPos{x=-116, y=81, z=-16}
[05Jan2026 07:34:20.758] [Server thread/WARN] [net.minecraft.server.level.ServerPlayerGameMode/]: Mismatch in destroy block pos: BlockPos{x=-115, y=81, z=-16} BlockPos{x=-116, y=81, z=-16}
[05Jan2026 07:34:20.961] [Server thread/WARN] [net.minecraft.server.level.ServerPlayerGameMode/]: Mismatch in destroy block pos: BlockPos{x=-114, y=81, z=-16} BlockPos{x=-115, y=81, z=-16}
[05Jan2026 07:34:21.011] [Server thread/WARN] [net.minecraft.server.level.ServerPlayerGameMode/]: Mismatch in destroy block pos: BlockPos{x=-114, y=81, z=-16} BlockPos{x=-115, y=81, z=-16}
[05Jan2026 07:34:21.061] [Server thread/WARN] [net.minecraft.server.level.ServerPlayerGameMode/]: Mismatch in destroy block pos: BlockPos{x=-114, y=81, z=-16} BlockPos{x=-115, y=81, z=-16}
[05Jan2026 07:34:21.107] [Server thread/WARN] [net.minecraft.server.level.ServerPlayerGameMode/]: Mismatch in destroy block pos: BlockPos{x=-114, y=81, z=-16} BlockPos{x=-115, y=81, z=-16}
[05Jan2026 07:34:21.307] [Server thread/WARN] [net.minecraft.server.level.ServerPlayerGameMode/]: Mismatch in destroy block pos: BlockPos{x=-113, y=81, z=-16} BlockPos{x=-114, y=81, z=-16}
[05Jan2026 07:34:21.359] [Server thread/WARN] [net.minecraft.server.level.ServerPlayerGameMode/]: Mismatch in destroy block pos: BlockPos{x=-113, y=81, z=-16} BlockPos{x=-114, y=81, z=-16}
[05Jan2026 07:34:21.404] [Server thread/WARN] [net.minecraft.server.level.ServerPlayerGameMode/]: Mismatch in destroy block pos: BlockPos{x=-113, y=81, z=-16} BlockPos{x=-114, y=81, z=-16}
[05Jan2026 07:34:21.559] [Server thread/WARN] [net.minecraft.server.level.ServerPlayerGameMode/]: Mismatch in destroy block pos: BlockPos{x=-112, y=81, z=-16} BlockPos{x=-113, y=81, z=-16}
[05Jan2026 07:34:21.635] [Server thread/WARN] [net.minecraft.server.level.ServerPlayerGameMode/]: Mismatch in destroy block pos: BlockPos{x=-112, y=81, z=-16} BlockPos{x=-113, y=81, z=-16}
[05Jan2026 07:34:21.685] [Server thread/WARN] [net.minecraft.server.level.ServerPlayerGameMode/]: Mismatch in destroy block pos: BlockPos{x=-112, y=81, z=-16} BlockPos{x=-113, y=81, z=-16}
[05Jan2026 07:34:21.721] [Server thread/WARN] [net.minecraft.server.level.ServerPlayerGameMode/]: Mismatch in destroy block pos: BlockPos{x=-112, y=81, z=-16} BlockPos{x=-113, y=81, z=-16}
[05Jan2026 07:34:21.818] [Server thread/WARN] [net.minecraft.server.level.ServerPlayerGameMode/]: Mismatch in destroy block pos: BlockPos{x=-111, y=81, z=-16} BlockPos{x=-113, y=81, z=-16}
[05Jan2026 07:34:21.820] [Server thread/WARN] [net.minecraft.server.level.ServerPlayerGameMode/]: Mismatch in destroy block pos: BlockPos{x=-111, y=81, z=-16} BlockPos{x=-113, y=81, z=-16}
[05Jan2026 07:34:21.890] [Server thread/WARN] [net.minecraft.server.level.ServerPlayerGameMode/]: Mismatch in destroy block pos: BlockPos{x=-111, y=81, z=-16} BlockPos{x=-113, y=81, z=-16}
[05Jan2026 07:34:22.017] [Server thread/WARN] [net.minecraft.server.level.ServerPlayerGameMode/]: Mismatch in destroy block pos: BlockPos{x=-110, y=81, z=-16} BlockPos{x=-111, y=81, z=-16}
[05Jan2026 07:34:22.070] [Server thread/WARN] [net.minecraft.server.level.ServerPlayerGameMode/]: Mismatch in destroy block pos: BlockPos{x=-110, y=81, z=-16} BlockPos{x=-111, y=81, z=-16}
[05Jan2026 07:34:22.114] [Server thread/WARN] [net.minecraft.server.level.ServerPlayerGameMode/]: Mismatch in destroy block pos: BlockPos{x=-110, y=81, z=-16} BlockPos{x=-111, y=81, z=-16}
[05Jan2026 07:34:22.266] [Server thread/WARN] [net.minecraft.server.level.ServerPlayerGameMode/]: Mismatch in destroy block pos: BlockPos{x=-109, y=81, z=-16} BlockPos{x=-110, y=81, z=-16}
[05Jan2026 07:34:22.314] [Server thread/WARN] [net.minecraft.server.level.ServerPlayerGameMode/]: Mismatch in destroy block pos: BlockPos{x=-109, y=81, z=-16} BlockPos{x=-110, y=81, z=-16}
[05Jan2026 07:34:23.302] [Server thread/WARN] [net.minecraft.server.level.ServerPlayerGameMode/]: Mismatch in destroy block pos: BlockPos{x=-108, y=81, z=-14} BlockPos{x=-108, y=81, z=-15}
[05Jan2026 07:34:23.360] [Server thread/WARN] [net.minecraft.server.level.ServerPlayerGameMode/]: Mismatch in destroy block pos: BlockPos{x=-108, y=81, z=-14} BlockPos{x=-108, y=81, z=-15}
[05Jan2026 07:34:23.408] [Server thread/WARN] [net.minecraft.server.level.ServerPlayerGameMode/]: Mismatch in destroy block pos: BlockPos{x=-107, y=81, z=-14} BlockPos{x=-108, y=81, z=-15}
[05Jan2026 07:34:23.457] [Server thread/WARN] [net.minecraft.server.level.ServerPlayerGameMode/]: Mismatch in destroy block pos: BlockPos{x=-107, y=81, z=-14} BlockPos{x=-108, y=81, z=-15}
[05Jan2026 07:34:23.505] [Server thread/WARN] [net.minecraft.server.level.ServerPlayerGameMode/]: Mismatch in destroy block pos: BlockPos{x=-107, y=81, z=-14} BlockPos{x=-108, y=81, z=-15}
[05Jan2026 07:34:23.851] [Server thread/WARN] [net.minecraft.server.level.ServerPlayerGameMode/]: Mismatch in destroy block pos: BlockPos{x=-109, y=81, z=-14} BlockPos{x=-108, y=81, z=-14}
[05Jan2026 07:34:23.901] [Server thread/WARN] [net.minecraft.server.level.ServerPlayerGameMode/]: Mismatch in destroy block pos: BlockPos{x=-109, y=81, z=-14} BlockPos{x=-108, y=81, z=-14}
[05Jan2026 07:34:23.960] [Server thread/WARN] [net.minecraft.server.level.ServerPlayerGameMode/]: Mismatch in destroy block pos: BlockPos{x=-109, y=81, z=-14} BlockPos{x=-108, y=81, z=-14}
[05Jan2026 07:34:24.256] [Server thread/WARN] [net.minecraft.server.level.ServerPlayerGameMode/]: Mismatch in destroy block pos: BlockPos{x=-110, y=81, z=-14} BlockPos{x=-109, y=81, z=-14}
[05Jan2026 07:34:24.305] [Server thread/WARN] [net.minecraft.server.level.ServerPlayerGameMode/]: Mismatch in destroy block pos: BlockPos{x=-110, y=81, z=-14} BlockPos{x=-109, y=81, z=-14}
[05Jan2026 07:34:24.372] [Server thread/WARN] [net.minecraft.server.level.ServerPlayerGameMode/]: Mismatch in destroy block pos: BlockPos{x=-110, y=81, z=-14} BlockPos{x=-109, y=81, z=-14}
[05Jan2026 07:34:24.500] [Server thread/WARN] [net.minecraft.server.level.ServerPlayerGameMode/]: Mismatch in destroy block pos: BlockPos{x=-111, y=81, z=-14} BlockPos{x=-110, y=81, z=-14}
[05Jan2026 07:34:24.556] [Server thread/WARN] [net.minecraft.server.level.ServerPlayerGameMode/]: Mismatch in destroy block pos: BlockPos{x=-111, y=81, z=-14} BlockPos{x=-110, y=81, z=-14}
[05Jan2026 07:34:24.607] [Server thread/WARN] [net.minecraft.server.level.ServerPlayerGameMode/]: Mismatch in destroy block pos: BlockPos{x=-111, y=81, z=-14} BlockPos{x=-110, y=81, z=-14}
[05Jan2026 07:34:24.654] [Server thread/WARN] [net.minecraft.server.level.ServerPlayerGameMode/]: Mismatch in destroy block pos: BlockPos{x=-111, y=81, z=-14} BlockPos{x=-110, y=81, z=-14}
[05Jan2026 07:34:24.701] [Server thread/WARN] [net.minecraft.server.level.ServerPlayerGameMode/]: Mismatch in destroy block pos: BlockPos{x=-112, y=81, z=-14} BlockPos{x=-110, y=81, z=-14}
[05Jan2026 07:34:24.759] [Server thread/WARN] [net.minecraft.server.level.ServerPlayerGameMode/]: Mismatch in destroy block pos: BlockPos{x=-112, y=81, z=-14} BlockPos{x=-110, y=81, z=-14}
[05Jan2026 07:34:24.805] [Server thread/WARN] [net.minecraft.server.level.ServerPlayerGameMode/]: Mismatch in destroy block pos: BlockPos{x=-112, y=81, z=-14} BlockPos{x=-110, y=81, z=-14}
[05Jan2026 07:34:25.057] [Server thread/WARN] [net.minecraft.server.level.ServerPlayerGameMode/]: Mismatch in destroy block pos: BlockPos{x=-113, y=81, z=-14} BlockPos{x=-112, y=81, z=-14}
[05Jan2026 07:34:25.104] [Server thread/WARN] [net.minecraft.server.level.ServerPlayerGameMode/]: Mismatch in destroy block pos: BlockPos{x=-113, y=81, z=-14} BlockPos{x=-112, y=81, z=-14}
[05Jan2026 07:34:25.157] [Server thread/WARN] [net.minecraft.server.level.ServerPlayerGameMode/]: Mismatch in destroy block pos: BlockPos{x=-113, y=81, z=-14} BlockPos{x=-112, y=81, z=-14}
[05Jan2026 07:34:25.505] [Server thread/WARN] [net.minecraft.server.level.ServerPlayerGameMode/]: Mismatch in destroy block pos: BlockPos{x=-114, y=81, z=-14} BlockPos{x=-113, y=81, z=-14}
[05Jan2026 07:34:25.558] [Server thread/WARN] [net.minecraft.server.level.ServerPlayerGameMode/]: Mismatch in destroy block pos: BlockPos{x=-114, y=81, z=-14} BlockPos{x=-113, y=81, z=-14}
[05Jan2026 07:34:25.607] [Server thread/WARN] [net.minecraft.server.level.ServerPlayerGameMode/]: Mismatch in destroy block pos: BlockPos{x=-114, y=81, z=-14} BlockPos{x=-113, y=81, z=-14}
[05Jan2026 07:34:25.657] [Server thread/WARN] [net.minecraft.server.level.ServerPlayerGameMode/]: Mismatch in destroy block pos: BlockPos{x=-115, y=81, z=-14} BlockPos{x=-113, y=81, z=-14}
[05Jan2026 07:34:25.702] [Server thread/WARN] [net.minecraft.server.level.ServerPlayerGameMode/]: Mismatch in destroy block pos: BlockPos{x=-115, y=81, z=-14} BlockPos{x=-113, y=81, z=-14}
[05Jan2026 07:34:25.757] [Server thread/WARN] [net.minecraft.server.level.ServerPlayerGameMode/]: Mismatch in destroy block pos: BlockPos{x=-115, y=81, z=-14} BlockPos{x=-113, y=81, z=-14}
[05Jan2026 07:34:25.912] [Server thread/WARN] [net.minecraft.server.level.ServerPlayerGameMode/]: Mismatch in destroy block pos: BlockPos{x=-116, y=81, z=-14} BlockPos{x=-115, y=81, z=-14}
[05Jan2026 07:34:25.954] [Server thread/WARN] [net.minecraft.server.level.ServerPlayerGameMode/]: Mismatch in destroy block pos: BlockPos{x=-116, y=81, z=-14} BlockPos{x=-115, y=81, z=-14}
[05Jan2026 07:34:25.997] [Server thread/INFO] [net.minecraft.server.MinecraftServer/]: SVBVKPO was slain by Door Knight
[05Jan2026 07:34:26.004] [Server thread/WARN] [net.minecraft.server.level.ServerPlayerGameMode/]: Mismatch in destroy block pos: BlockPos{x=-116, y=81, z=-14} BlockPos{x=-115, y=81, z=-14}
[05Jan2026 07:34:26.204] [Server thread/WARN] [net.minecraft.server.level.ServerPlayerGameMode/]: Mismatch in destroy block pos: BlockPos{x=-117, y=81, z=-14} BlockPos{x=-116, y=81, z=-14}
[05Jan2026 07:34:26.252] [Server thread/WARN] [net.minecraft.server.level.ServerPlayerGameMode/]: Mismatch in destroy block pos: BlockPos{x=-117, y=81, z=-14} BlockPos{x=-116, y=81, z=-14}
[05Jan2026 07:34:26.301] [Server thread/WARN] [net.minecraft.server.level.ServerPlayerGameMode/]: Mismatch in destroy block pos: BlockPos{x=-117, y=81, z=-14} BlockPos{x=-116, y=81, z=-14}
[05Jan2026 07:34:55.801] [Server thread/INFO] [net.minecraft.server.MinecraftServer/]: SVBVKPO has reached the goal [Here They Come]
[05Jan2026 07:35:10.783] [Server thread/WARN] [tombstone/]: The death event of the player SVBVKPO was canceled by another mod
[05Jan2026 07:35:10.800] [Server thread/INFO] [tombstone/]: The player SVBVKPO has successfully been saved
[05Jan2026 07:35:16.697] [Server thread/INFO] [net.minecraft.server.MinecraftServer/]: SVBVKPO has made the advancement [Knowledge of Death]
[05Jan2026 07:35:16.698] [Server thread/INFO] [net.minecraft.server.MinecraftServer/]: SVBVKPO has reached the goal [Chain Death]
[05Jan2026 07:35:16.698] [Server thread/INFO] [net.minecraft.server.MinecraftServer/]: SVBVKPO was slain by Door Knight
[05Jan2026 07:37:17.144] [Server thread/INFO] [net.minecraft.server.MinecraftServer/]: SVBVKPO has made the advancement [Isn't It Iron Pick]
[05Jan2026 07:37:59.189] [Server thread/WARN] [tombstone/]: The death event of the player aguchitoo was canceled by another mod
[05Jan2026 07:37:59.193] [Server thread/INFO] [tombstone/]: The player aguchitoo has successfully been saved
[05Jan2026 07:38:19.360] [Server thread/INFO] [net.minecraft.server.MinecraftServer/]: aguchitoo drowned
[05Jan2026 07:40:03.262] [ForkJoinPool.commonPool-worker-12/INFO] [com.natamus.beautifiedchatserver_common_forge.data.Chat/]: 07:40 | caslu: xaero-waypoint:CASA:C:-107:71:-307:8:false:0:Internal-overworld-waypoints
[05Jan2026 07:40:03.262] [Server thread/INFO] [com.natamus.beautifiedchatserver_common_forge.data.Chat/]: 07:40 | caslu: xaero-waypoint:CASA:C:-107:71:-307:8:false:0:Internal-overworld-waypoints
[05Jan2026 07:40:58.839] [Server thread/INFO] [net.minecraft.server.MinecraftServer/]: aguchitoo has made the advancement [The Most Useful Key]
[05Jan2026 07:41:17.102] [Server thread/INFO] [net.minecraft.server.MinecraftServer/]: aguchitoo has reached the goal [A Fast Comeback]
[05Jan2026 07:44:41.585] [Server thread/WARN] [net.minecraft.server.MinecraftServer/]: Can't keep up! Is the server overloaded? Running 2015ms or 40 ticks behind
[05Jan2026 07:45:23.154] [Server thread/WARN] [net.minecraft.server.network.ServerGamePacketListenerImpl/]: Boat (vehicle of SVBVKPO) moved wrongly! 0.4310620260191559
[05Jan2026 07:45:56.810] [ForkJoinPool.commonPool-worker-13/INFO] [com.natamus.beautifiedchatserver_common_forge.data.Chat/]: 07:45 | caslu: ZZZZ
[05Jan2026 07:45:56.810] [Server thread/INFO] [com.natamus.beautifiedchatserver_common_forge.data.Chat/]: 07:45 | caslu: ZZZZ
[05Jan2026 07:46:19.198] [ForkJoinPool.commonPool-worker-13/INFO] [com.natamus.beautifiedchatserver_common_forge.data.Chat/]: 07:46 | caslu: ZZZZ
[05Jan2026 07:46:19.198] [Server thread/INFO] [com.natamus.beautifiedchatserver_common_forge.data.Chat/]: 07:46 | caslu: ZZZZ
[05Jan2026 07:48:47.643] [Server thread/INFO] [net.minecraft.server.network.ServerGamePacketListenerImpl/]: caslu lost connection: Disconnected
[05Jan2026 07:48:47.643] [Server thread/INFO] [net.minecraft.server.MinecraftServer/]: caslu left the game
[05Jan2026 07:49:26.534] [Server thread/WARN] [tombstone/]: The death event of the player laquematoanisman was canceled by another mod
[05Jan2026 07:49:26.543] [Server thread/INFO] [tombstone/]: The player laquematoanisman has successfully been saved
[05Jan2026 07:50:01.045] [Server thread/INFO] [net.minecraft.server.network.ServerLoginPacketListenerImpl/]: com.mojang.authlib.GameProfile@222a9981[id=<null>,name=caslu,properties={},legacy=false] (/127.73.223.127:58875) lost connection: Disconnected
[05Jan2026 07:50:05.400] [Server thread/WARN] [tombstone/]: The death event of the player AlbertoFdez was canceled by another mod
[05Jan2026 07:50:05.412] [Server thread/INFO] [tombstone/]: The player AlbertoFdez has successfully been saved
[05Jan2026 07:50:13.161] [Server thread/INFO] [net.minecraft.server.MinecraftServer/]: laquematoanisman was slain by Nightmare Stalker
[05Jan2026 07:50:13.999] [Server thread/INFO] [net.minecraft.server.network.ServerLoginPacketListenerImpl/]: com.mojang.authlib.GameProfile@75c6e86d[id=<null>,name=caslu,properties={},legacy=false] (/127.73.223.127:50961) lost connection: Disconnected
[05Jan2026 07:50:18.166] [Server thread/INFO] [net.minecraft.server.MinecraftServer/]: AlbertoFdez was slain by Nightmare Stalker
[05Jan2026 07:50:18.755] [Server thread/INFO] [net.minecraft.server.players.PlayerList/]: caslu[/127.73.223.127:53449] logged in with entity id 87913 at (-111.97484232175094, 71.0, -388.6320008868327)
[05Jan2026 07:50:18.770] [Server thread/INFO] [net.minecraft.server.MinecraftServer/]: caslu joined the game
[05Jan2026 07:50:18.834] [Server thread/INFO] [Jade/]: Syncing config to caslu (d68c8e9e-394d-37c6-9710-a218d4ba9113)
[05Jan2026 07:50:26.052] [ForkJoinPool.commonPool-worker-14/INFO] [com.natamus.beautifiedchatserver_common_forge.data.Chat/]: 07:50 | caslu: zzz
[05Jan2026 07:50:26.053] [Server thread/INFO] [com.natamus.beautifiedchatserver_common_forge.data.Chat/]: 07:50 | caslu: zzz
[05Jan2026 07:50:26.762] [ForkJoinPool.commonPool-worker-14/INFO] [com.natamus.beautifiedchatserver_common_forge.data.Chat/]: 07:50 | caslu: zzzz
[05Jan2026 07:50:26.762] [Server thread/INFO] [com.natamus.beautifiedchatserver_common_forge.data.Chat/]: 07:50 | caslu: zzzz
[05Jan2026 07:51:04.696] [Server thread/INFO] [net.minecraft.server.network.ServerGamePacketListenerImpl/]: AlbertoFdez lost connection: Disconnected
[05Jan2026 07:51:04.696] [Server thread/INFO] [net.minecraft.server.MinecraftServer/]: AlbertoFdez left the game
[05Jan2026 07:52:23.189] [Server thread/INFO] [net.minecraft.server.network.ServerGamePacketListenerImpl/]: SVBVKPO lost connection: Disconnected
[05Jan2026 07:52:23.189] [Server thread/INFO] [net.minecraft.server.MinecraftServer/]: SVBVKPO left the game
[05Jan2026 07:55:10.686] [Server thread/WARN] [tombstone/]: The death event of the player bpaganin was canceled by another mod
[05Jan2026 07:55:10.690] [Server thread/INFO] [tombstone/]: The player bpaganin has successfully been saved
[05Jan2026 07:55:19.719] [Server thread/INFO] [net.minecraft.server.MinecraftServer/]: bpaganin withered away
[05Jan2026 07:55:19.728] [Server thread/INFO] [com.tiviacz.travelersbackpack.TravelersBackpack/]: Created new backpack backup file for bpaganin with unique ID travelersbackpack.standard_05.01.2026-07.55.19.dat
